,WTS,YR,DOY,RAD,MINT,MAXT,VPR,WIND,RAIN,AHA,OCTA
1,269,1993,1,2920,-9,-2.3,0.4,2.1,0,1.215816331,3.69551925
2,269,1993,2,4790,-9.6,-0.1,0.38,3.1,0,1.206514198,0
3,269,1993,3,4140,-11.5,-5.8,0.29,3.6,0,1.196684368,0.350821408
4,269,1993,4,1900,-11,-2.9,0.31,4.1,0,1.186362249,6.277847396
5,269,1993,5,640,-2.9,4.3,0.59,7.7,8.7,1.175583845,8
6,269,1993,6,450,4.2,7.9,0.94,5.7,13.1,1.16438549,8
7,269,1993,7,1940,-1.1,8.7,0.8,4.1,0.6,1.1528036,6.192536975
8,269,1993,8,3070,0.3,9.3,0.76,6.2,2.9,1.198729095,3.731228325
9,269,1993,9,520,0.5,10.4,0.82,8.2,4.3,1.185096232,8
10,269,1993,10,440,6.9,11.9,1.05,10.8,7.4,1.171179838,8
11,269,1993,11,940,6,11.3,0.92,9.8,10.8,1.157019081,7.91433744
12,269,1993,12,3380,2.7,7.2,0.67,9.3,2.4,1.142651813,3.493665531
13,269,1993,13,1600,3.7,14.3,0.95,10.3,2.6,1.128114477,7.037743434
14,269,1993,14,3460,1.4,7.6,0.67,7.2,0,1.113442018,3.572935703
15,269,1993,15,1650,2.7,11.9,0.85,10.3,0.1,1.098667816,7.060411607
16,269,1993,16,1060,8.8,13.2,1.08,9.3,0,1.083823623,7.858125
17,269,1993,17,2090,4.9,11.2,0.84,8.7,0.3,1.068939515,6.484782272
18,269,1993,18,3860,2.7,7.1,0.73,5.1,0,1.054043855,3.204174831
19,269,1993,19,1100,3.3,7.8,0.77,7.7,1.1,1.039163266,7.901741014
20,269,1993,20,420,7.8,10.8,1.08,10.8,12.4,1.024322628,8
21,269,1993,21,3100,6.5,11.9,0.98,9.3,4.6,1.058999006,5.047625673
22,269,1993,22,640,5.7,12.3,0.92,11.3,5,1.042677117,8
23,269,1993,23,2510,5.2,11,0.82,9.3,0.4,1.026501515,6.246765519
24,269,1993,24,2120,1.6,12.1,0.72,13.9,3.1,1.010491384,6.871329617
25,269,1993,25,1970,0.7,5.2,0.54,11.8,0.7,0.99466396,7.138871732
26,269,1993,26,820,1.8,5.3,0.62,8.2,1.7,0.979034617,8
27,269,1993,27,2440,2.2,5.6,0.65,4.1,0.3,0.96361697,6.652341881
28,269,1993,28,510,1.2,8,0.8,4.1,16.3,0.948422963,8
29,269,1993,29,850,-2.1,8,0.67,6.7,3.6,0.933462976,8
30,269,1993,30,2670,-2.6,2.1,0.5,4.1,0,0.91874592,6.602729409
31,269,1993,31,5130,-1.6,4.5,0.61,2.1,0,0.946811084,3.064384179
32,269,1993,32,7030,-3.8,1.2,0.47,3.6,0,0.931072261,0
33,269,1993,33,1040,-0.7,2.6,0.63,4.1,0,0.915652216,8
34,269,1993,34,1390,0.4,4,0.7,4.1,0,0.900553756,7.988360746
35,269,1993,35,1510,-0.8,2.5,0.64,3.6,0,0.885778571,7.923298012
36,269,1993,36,1110,0.9,4.4,0.72,4.6,0,0.871327341,8
37,269,1993,37,1210,3.1,6.9,0.83,4.6,0.9,0.85719983,8
38,269,1993,38,1740,3.3,6.2,0.81,1.5,0.3,0.843394985,7.811425707
39,269,1993,39,2510,3.3,6.3,0.83,2.1,0.1,0.829911023,7.210930645
40,269,1993,40,1440,2.4,5.4,0.81,5.1,0,0.85333105,8
41,269,1993,41,1770,1.7,2.8,0.72,3.6,0,0.839142804,7.878997031
42,269,1993,42,1330,0.1,2.6,0.63,3.1,0,0.825323301,8
43,269,1993,43,3530,-1.4,3,0.6,2.1,0,0.811866442,6.565123539
44,269,1993,44,2350,-2.3,0.7,0.58,2.1,0,0.798765772,7.574914008
45,269,1993,45,1830,-2.7,-0.7,0.54,3.1,0,0.786014544,7.955023349
46,269,1993,46,1830,-1.3,3.1,0.63,3.1,0.2,0.773605777,7.971186245
47,269,1993,47,3910,-0.5,8,0.77,3.6,2.4,0.7615323,6.467904384
48,269,1993,48,1990,2.6,7.4,0.82,6.7,2.2,0.781939357,7.907495632
49,269,1993,49,1960,0.6,7.2,0.78,5.1,1.4,0.769353344,7.952137375
50,269,1993,50,5980,1.2,7.2,0.64,10.8,2,0.757132289,4.862051847
51,269,1993,51,4690,2.2,6.8,0.72,8.2,5.2,0.745266351,6.116024931
52,269,1993,52,7370,0.4,5.5,0.63,10.8,4.9,0.733745772,3.710334422
53,269,1993,53,8970,-0.8,4.3,0.62,4.1,3.9,0.722560907,2.096992824
54,269,1993,54,10420,-3.2,3.4,0.47,3.1,0,0.711702241,0.694320318
55,269,1993,55,7150,-4.1,2.5,0.52,2.1,0,0.701160409,4.423947885
56,269,1993,56,3540,-0.8,3.9,0.62,3.6,0.1,0.719014813,7.255110475
57,269,1993,57,2510,1.6,3.9,0.71,4.6,5.1,0.708098779,7.852371297
58,269,1993,58,8780,-0.8,4.1,0.54,6.7,0.4,0.69751695,3.296631907
59,269,1993,59,7900,-1.9,3.5,0.6,4.1,3.6,0.687258526,4.232772329
60,269,1993,60,7940,-2.4,4.2,0.56,7.2,0,0.677313011,4.350758962
61,269,1993,61,9150,-1.2,3.5,0.54,10.8,0,0.667670217,3.431978227
62,269,1993,62,9570,-3.1,1.6,0.46,6.7,0,0.658320259,3.260187314
63,269,1993,63,3280,-2.4,2.6,0.53,2.6,0,0.674655005,7.652197645
64,269,1993,64,3590,-1.9,4.8,0.63,4.1,1.4,0.665007623,7.520829515
65,269,1993,65,4280,3.9,7.4,0.89,5.7,0.4,0.655663915,7.172570081
66,269,1993,66,5230,2.3,7.5,0.81,3.1,0.2,0.646613257,6.708417024
67,269,1993,67,12980,-0.5,8.2,0.65,4.6,0,0.63784541,0.843440526
68,269,1993,68,12740,-2.6,8,0.54,4.1,0,0.629350516,1.387637081
69,269,1993,69,9590,-0.2,10.6,0.74,4.1,0.7,0.621119081,4.081989099
70,269,1993,70,6770,0.4,11.4,0.87,2.6,0,0.636135538,6.040753394
71,269,1993,71,11490,1.8,15.8,0.87,2.6,0,0.627664742,2.799193679
72,269,1993,72,12010,1.5,16.8,0.81,3.1,0,0.619464079,2.568378884
73,269,1993,73,11100,0.2,16.8,0.85,3.1,0.1,0.611523746,3.41492179
74,269,1993,74,12330,4.8,17.9,0.99,3.6,0,0.60383434,2.536227366
75,269,1993,75,2780,5.6,11.3,1,6.2,1.4,0.596386844,8
76,269,1993,76,9280,7,12.8,1.07,8.7,3.1,0.589172609,4.935034125
77,269,1993,77,3550,4.4,12,0.9,7.2,0.3,0.582183338,7.845592509
78,269,1993,78,14740,0.9,9.6,0.72,5.1,0,0.595653732,1.462236772
79,269,1993,79,14150,0.3,11.1,0.74,4.1,0,0.588481908,2.078668703
80,269,1993,80,12850,0.3,15.9,0.83,3.6,0,0.581538755,3.115490505
81,269,1993,81,5700,6.1,14.2,1.1,5.7,2.8,0.574815938,7.094504977
82,269,1993,82,13000,2.7,9.2,0.72,6.7,0.1,0.568305479,3.333738282
83,269,1993,83,14930,0.2,9.3,0.67,5.1,0,0.561999743,2.189743793
84,269,1993,84,11720,3,8.2,0.68,8.2,0.2,0.555891418,4.362113331
85,269,1993,85,15060,-2.6,10.3,0.51,5.1,0,0.568472892,2.503641189
86,269,1993,86,14300,-5.3,8.1,0.48,2.6,0,0.562214124,3.142383042
87,269,1993,87,18420,-5.7,7.9,0.44,4.1,0,0.556155122,0.561175384
88,269,1993,88,18290,-5.1,8.3,0.43,3.6,0,0.550288652,0.842883816
89,269,1993,89,15910,-3.6,12.9,0.41,4.1,0,0.544607795,2.580187886
90,269,1993,90,4370,6,13.7,1.05,3.6,2.2,0.539105935,7.808320086
91,269,1993,91,5620,6.4,15.4,1.15,3.6,0.5,0.533776739,7.417364338
92,269,1993,92,4950,-0.7,8.6,0.72,3.6,0,0.545615504,7.69340417
93,269,1993,93,12530,-0.7,10.7,0.76,2.1,0,0.540161712,4.678360559
94,269,1993,94,6600,1.3,9.8,0.81,4.1,0.6,0.534882186,7.199514107
95,269,1993,95,7020,0.9,10.8,0.81,8.2,5.9,0.529770722,7.084831476
96,269,1993,96,5290,5.9,10.1,0.92,8.2,1.7,0.524821391,7.649401115
97,269,1993,97,4210,1.7,8.3,0.78,5.1,0,0.520028519,7.977134354
98,269,1993,98,11400,1.8,10.1,0.76,2.6,0,0.515386679,5.533203814
99,269,1993,99,14800,2,13.1,0.75,6.2,0.2,0.510890674,4.037186437
100,269,1993,100,17140,4.4,14,0.88,3.6,0,0.521867966,2.849910288
101,269,1993,101,8250,2.1,11.8,0.87,3.6,1.4,0.517275255,6.836545144
102,269,1993,102,7550,3.3,10.4,0.87,3.6,0,0.512829511,7.093734608
103,269,1993,103,12240,2.3,12.9,0.86,3.6,0,0.508525681,5.425519566
104,269,1993,104,16230,3.1,13.7,0.93,3.6,0,0.504358928,3.669988603
105,269,1993,105,15770,3.8,14.4,1.01,3.6,0,0.500324623,3.940345501
106,269,1993,106,17240,0.3,15.8,0.84,3.6,0,0.496418332,3.382272687
107,269,1993,107,3340,9.3,11.4,1.17,5.7,2,0.506936575,8
108,269,1993,108,4650,5.6,12.4,1.1,7.2,15.6,0.502951153,7.978050204
109,269,1993,109,3560,7.2,10.4,1.11,3.1,5.3,0.499094765,8
110,269,1993,110,20160,7.5,20.9,1.26,4.6,0,0.495363115,2.0606481
111,269,1993,111,14740,6.7,20.2,1.16,4.6,0,0.491752093,4.743686924
112,269,1993,112,9970,5.8,18,1.24,3.1,2,0.488257758,6.540632609
113,269,1993,113,17960,9.2,19.2,1.21,5.7,0.1,0.484876335,3.434751478
114,269,1993,114,17730,12.6,22.5,1.26,5.7,0,0.481604207,3.594261203
115,269,1993,115,18700,9.2,21.3,1.37,3.6,0,0.491594385,3.177322962
116,269,1993,116,19260,9.8,20.9,1.36,3.6,0,0.488263641,2.990533645
117,269,1993,117,23060,9,23.8,1.23,6.2,0,0.485043215,1.234634853
118,269,1993,118,22110,9.3,27.8,1.2,6.7,0,0.481929614,1.831334094
119,269,1993,119,20380,12.4,27.3,1.25,5.7,0,0.478919488,2.729258491
120,269,1993,120,21610,12.5,27.9,1.33,4.1,0,0.476009624,2.184065845
121,269,1993,121,18040,11.4,25,1.48,4.1,0,0.47319694,3.824879928
122,269,1993,122,2510,9.5,13.2,1.24,5.1,0.4,0.470478482,8
123,269,1993,123,16430,3.9,12.8,0.78,4.6,0,0.467851415,4.789673214
124,269,1993,124,25530,0.3,14.7,0.67,3.6,0,0.477343917,0.979621394
125,269,1993,125,20220,1.4,13.8,0.7,4.1,0,0.474680764,3.436369402
126,269,1993,126,22200,3.4,15.6,0.77,5.7,0,0.472110167,2.614780782
127,269,1993,127,7510,7.1,15.5,1.06,6.7,0,0.469629393,7.521792284
128,269,1993,128,21530,9.1,19.1,1.13,7.2,0,0.467235821,2.853360095
129,269,1993,129,22220,9.4,26,1.38,6.2,10.5,0.464926934,2.503774554
130,269,1993,130,21510,11.4,24.6,1.65,4.1,4.3,0.462700317,2.775757269
131,269,1993,131,24090,12.9,26.2,1.43,5.1,0,0.460553656,1.752419599
132,269,1993,132,24160,12.6,25.8,1.54,4.1,0,0.458484729,1.735316948
133,269,1993,133,4890,9.5,14.9,1.29,4.1,0.4,0.467698891,8
134,269,1993,134,6960,9.4,13.9,1.22,3.1,0,0.465614835,7.699556534
135,269,1993,135,13080,5,15.2,0.98,4.6,0.5,0.463609985,6.193360707
136,269,1993,136,22290,4.8,17.9,0.89,4.6,0,0.461682207,3.053212446
137,269,1993,137,25170,9.4,24.9,0.98,6.2,0,0.459829452,1.839357684
138,269,1993,138,12860,14.5,21.4,1.61,3.6,25.1,0.458049754,6.211192755
139,269,1993,139,18090,12.1,21.6,1.69,3.6,2.9,0.456341229,4.506728285
140,269,1993,140,14880,11.4,23,1.71,3.6,2.7,0.454702074,5.617569285
141,269,1993,141,9270,9,15,1.19,4.1,0,0.453130561,7.243243243
142,269,1993,142,27000,6.9,18.2,1.15,3.1,0,0.45162504,1.185462196
143,269,1993,143,26510,7.4,20.7,1.16,3.6,0,0.460717123,1.447809751
144,269,1993,144,25460,9.5,23.1,1.52,4.1,0,0.459220518,1.784456695
145,269,1993,145,21440,11.1,22.8,1.62,4.6,0,0.457791948,3.448632176
146,269,1993,146,21440,11.3,21.8,1.49,6.2,0,0.456429837,3.518912067
147,269,1993,147,2570,12.3,15.5,1.53,5.7,15.9,0.455132676,8
148,269,1993,148,5960,9.6,13.6,1.2,4.1,9.3,0.453899016,7.976519956
149,269,1993,149,25620,10.4,19,1.31,4.6,0,0.452727476,1.994960702
150,269,1993,150,21270,11.9,20.7,1.35,6.2,0,0.451616739,3.729132819
151,269,1993,151,16800,11.3,16.9,1.19,7.7,0.1,0.450565554,5.310611548
152,269,1993,152,13270,9.6,18,1.33,3.1,0,0.449572737,6.322158473
153,269,1993,153,14580,12.6,22.8,1.76,3.1,12.8,0.448637173,5.899341937
154,269,1993,154,7770,11.2,14.8,1.35,3.6,7.2,0.447757814,7.637227887
155,269,1993,155,24780,9.4,20.3,1.42,3.1,0,0.446933677,2.456408902
156,269,1993,156,20000,11.8,22.2,1.47,3.1,0,0.44616385,4.257184144
157,269,1993,157,25820,10.6,21,1.29,3.1,0,0.445447483,2.128723298
158,269,1993,158,23990,8.2,22.9,1.4,2.6,0,0.444783791,2.834700578
159,269,1993,159,26370,8.9,24.4,1.44,2.1,0,0.444172052,1.871858633
160,269,1993,160,28120,11.3,27.3,1.63,4.1,0,0.453381728,1.050698826
161,269,1993,161,20090,15,29.7,2,3.1,14.9,0.452829418,4.151572889
162,269,1993,162,20130,13.6,22.3,1.56,5.7,0,0.452332752,4.254206969
163,269,1993,163,8890,9.9,15.9,1.21,5.1,0,0.451890818,7.440841672
164,269,1993,164,11390,9.2,16.7,1.24,3.6,0.7,0.451502753,6.87783265
165,269,1993,165,6230,10.3,13.3,1.14,2.6,4.2,0.4511678,7.966856361
166,269,1993,166,26930,7.9,16.1,1.05,3.1,0,0.450885329,1.910258975
167,269,1993,167,3260,10,15.1,1.37,4.6,14.4,0.450654839,8
168,269,1993,168,26500,12.2,18.5,1.4,5.1,0,0.450475944,1.929279855
169,269,1993,169,7610,13,17.2,1.58,5.7,3,0.450348358,7.684190157
170,269,1993,170,12190,11.3,17.1,1.41,4.6,6.7,0.450271882,6.669792159
171,269,1993,171,26640,8.7,18,1.26,3.6,0,0.450246403,1.938318586
172,269,1993,172,19580,8.9,18.9,1.29,2.1,0,0.450271882,4.543329447
173,269,1993,173,21320,7.9,18.6,1.19,3.1,0,0.450348358,3.979385101
174,269,1993,174,12700,9.2,16.4,1.18,4.1,0.6,0.450475944,6.568848647
175,269,1993,175,25480,9.1,16.1,1.02,5.7,0,0.450654839,2.499797355
176,269,1993,176,11600,9.5,14.9,1.05,3.1,0,0.450885329,6.852214139
177,269,1993,177,10320,8.3,17.2,1.22,3.6,0.1,0.4511678,7.127849168
178,269,1993,178,25210,11.7,18.1,1.29,6.2,0.5,0.451502753,2.457680591
179,269,1993,179,19180,9.9,17.8,1.2,3.6,0.4,0.451890818,4.666165076
180,269,1993,180,28580,7.9,22.5,1.31,4.1,0,0.452332752,1.010861887
181,269,1993,181,29090,10.1,23.9,1.43,4.1,0,0.452829418,0.70315097
182,269,1993,182,25030,10.5,23.1,1.63,4.1,0,0.453381728,2.338780238
183,269,1993,183,27670,9.9,20.5,1.43,4.1,0,0.444172052,1.289514378
184,269,1993,184,22770,9.6,22.4,1.49,4.1,0,0.444783791,3.246807127
185,269,1993,185,27760,14.2,24.5,1.8,3.6,0,0.445447483,1.034491321
186,269,1993,186,7750,11.5,16.6,1.36,4.1,28.5,0.44616385,7.642031949
187,269,1993,187,15360,11.1,17.6,1.24,5.1,2.6,0.446933677,5.763359962
188,269,1993,188,16640,10.4,16.7,1.15,5.7,0,0.447757814,5.387904665
189,269,1993,189,15840,7.8,21.4,1.31,4.1,0,0.448637173,5.584018674
190,269,1993,190,13460,12.2,20.3,1.53,6.2,0.1,0.449572737,6.225204397
191,269,1993,191,21400,8.9,17,1.13,4.6,0.7,0.450565554,3.742169274
192,269,1993,192,16740,6.4,16.8,1.12,3.1,0.3,0.451616739,5.30645999
193,269,1993,193,17040,5,16.9,1.13,3.6,0.9,0.452727476,5.19283477
194,269,1993,194,18700,8.5,18.2,1.16,3.1,0,0.453899016,4.619573301
195,269,1993,195,6390,11.9,18.1,1.67,4.1,21.4,0.455132676,7.861845884
196,269,1993,196,8740,12.2,18.4,1.58,2.1,6.5,0.456429837,7.361085462
197,269,1993,197,12180,15.2,21.4,1.91,4.1,5.5,0.457791948,6.450487669
198,269,1993,198,14120,13.2,19.8,1.63,4.6,0,0.459220518,5.911338081
199,269,1993,199,21470,11.4,19.6,1.39,3.1,0,0.460717123,3.395943983
200,269,1993,200,8960,13.2,18,1.61,3.1,1.2,0.45162504,7.274857806
201,269,1993,201,12400,12.7,19,1.6,5.1,4.5,0.453130561,6.369381155
202,269,1993,202,16800,12.2,18.2,1.42,5.1,0.9,0.454702074,5.007890356
203,269,1993,203,17130,8.9,19,1.37,3.6,0,0.456341229,4.879486738
204,269,1993,204,10550,11.8,20.5,1.62,5.1,0.1,0.458049754,6.830950456
205,269,1993,205,13970,15.5,22.4,1.97,4.6,16.3,0.459829452,5.77027502
206,269,1993,206,18080,12.2,18.3,1.51,5.1,12,0.461682207,4.410935682
207,269,1993,207,19020,10.8,17.9,1.34,5.7,18.2,0.463609985,4.067576795
208,269,1993,208,4150,10.6,17.3,1.59,5.7,14.2,0.465614835,8
209,269,1993,209,12490,13.2,19.9,1.71,4.1,0.2,0.467698891,6.181674057
210,269,1993,210,6790,15,21,1.96,4.1,2.8,0.458484729,7.665231596
211,269,1993,211,3610,15.3,18.2,1.91,2.6,20.9,0.460553656,8
212,269,1993,212,16960,12,18.9,1.55,4.1,1.1,0.462700317,4.598459235
213,269,1993,213,13750,12.1,19.8,1.63,3.1,0,0.464926934,5.69112254
214,269,1993,214,19020,13.7,23,1.65,2.6,0,0.467235821,3.662734714
215,269,1993,215,14810,11.3,20.5,1.55,4.1,1.6,0.469629393,5.276929033
216,269,1993,216,14400,13.1,19.8,1.63,3.1,0,0.472110167,5.372905501
217,269,1993,217,11910,14,20.7,1.7,5.7,3.8,0.474680764,6.174234226
218,269,1993,218,14380,8.3,17.7,1.3,7.2,1.6,0.477343917,5.377114807
219,269,1993,219,14600,9.2,21.2,1.54,3.1,0,0.467851415,5.208694668
220,269,1993,220,15560,9.5,21.1,1.58,3.1,0,0.470478482,4.793556617
221,269,1993,221,5240,10.1,18.7,1.59,5.1,3,0.47319694,7.933046381
222,269,1993,222,17370,8.1,16.8,1.2,5.7,2.7,0.476009624,4.064106796
223,269,1993,223,6990,7.4,17.7,1.35,6.2,2.3,0.478919488,7.507915715
224,269,1993,224,6190,11,18.6,1.62,6.2,7.8,0.481929614,7.677563398
225,269,1993,225,20700,8.4,18,1.24,3.6,0,0.485043215,2.318099954
226,269,1993,226,17170,8.4,23.2,1.54,2.6,0.1,0.488263641,3.804786028
227,269,1993,227,10300,11.3,22.4,1.84,3.1,7.7,0.491594385,6.404171868
228,269,1993,228,11420,11.7,20.2,1.69,4.1,0,0.481604207,6.002418689
229,269,1993,229,21700,8,19.3,1.3,2.6,0,0.484876335,1.391461549
230,269,1993,230,20030,8.1,20.4,1.32,2.6,0,0.488257758,2.176366423
231,269,1993,231,20330,6.9,20.9,1.29,1.5,0,0.491752093,1.93259409
232,269,1993,232,5610,12.1,18.8,1.69,3.1,0.5,0.495363115,7.716602515
233,269,1993,233,11790,12.7,19.6,1.67,2.6,0,0.499094765,5.666715068
234,269,1993,234,3400,9.1,13.5,1.3,3.6,17.4,0.502951153,8
235,269,1993,235,13860,7,16.6,1.25,3.1,0.9,0.506936575,4.792308621
236,269,1993,236,12720,7.8,16.4,1.27,3.6,2.7,0.496418332,5.220973355
237,269,1993,237,12050,10.3,16.1,1.38,3.1,3,0.500324623,5.424182561
238,269,1993,238,14950,7.4,17.8,1.31,2.6,0.3,0.504358928,4.066232046
239,269,1993,239,10120,6.2,15.4,1.19,3.6,0.7,0.508525681,6.140887387
240,269,1993,240,13670,5.5,17.5,1.21,2.6,0,0.512829511,4.564123192
241,269,1993,241,14470,4.2,18.4,1.19,2.6,0,0.517275255,4.107334363
242,269,1993,242,7090,10.9,16.5,1.43,5.1,2.5,0.521867966,7.099204345
243,269,1993,243,11680,9.7,17.7,1.4,5.1,0.1,0.510890674,5.244787572
244,269,1993,244,8420,9.7,18,1.5,1.5,1.5,0.515386679,6.549046201
245,269,1993,245,4430,10.2,16.2,1.49,3.1,0.7,0.520028519,7.861586231
246,269,1993,246,8670,11.9,15.4,1.47,6.2,14.4,0.524821391,6.374651145
247,269,1993,247,11120,10.3,16.1,1.37,4.6,1.1,0.529770722,5.260630334
248,269,1993,248,17120,5.9,16.8,1.13,3.1,1,0.534882186,1.889677366
249,269,1993,249,17450,3.8,17.9,1.09,1.5,0,0.540161712,1.555234408
250,269,1993,250,17320,6.5,19,1.28,4.1,0,0.545615504,1.391841871
251,269,1993,251,4270,10.1,18.8,1.65,2.6,16.8,0.533776739,7.804643773
252,269,1993,252,6890,12.2,19.6,1.77,3.1,15.8,0.539105935,6.823564441
253,269,1993,253,7090,12,18.2,1.67,4.6,6,0.544607795,6.713123431
254,269,1993,254,13100,6.9,17.8,1.34,3.1,0,0.550288652,3.597323149
255,269,1993,255,16470,5.3,18.6,1.23,3.1,2.5,0.556155122,1.227300799
256,269,1993,256,1310,10.8,13.3,1.41,6.2,21.7,0.562214124,8
257,269,1993,257,3640,10.2,14.4,1.43,3.6,5.8,0.568472892,7.914810688
258,269,1993,258,7230,11.8,16.1,1.53,3.6,7.3,0.555891418,6.448973313
259,269,1993,259,3680,9.6,14.7,1.42,3.1,8.4,0.561999743,7.867015395
260,269,1993,260,6500,4.3,12.8,1.06,1.5,0.7,0.568305479,6.758069183
261,269,1993,261,14350,2.4,15.4,1,1.5,0,0.574815938,1.955015102
262,269,1993,262,15760,4,18.1,1.19,3.6,0,0.581538755,0.525059946
263,269,1993,263,12330,7.8,22.8,1.58,3.1,0,0.588481908,2.911252909
264,269,1993,264,7450,9.8,18.4,1.51,4.1,0.3,0.595653732,6.00510864
265,269,1993,265,4150,9.6,17.3,1.54,2.1,2,0.582183338,7.549092688
266,269,1993,266,5660,11,16.3,1.52,2.1,0,0.589172609,6.831345385
267,269,1993,267,8410,9.6,15.3,1.37,3.6,0,0.596386844,5.242946095
268,269,1993,268,1060,11.1,12.8,1.38,7.2,37.8,0.60383434,8
269,269,1993,269,3220,10.5,12.8,1.34,7.2,7.9,0.6115237,7.84351
270,269,1993,270,2360,10.4,13.1,1.38,4.1,7.1,0.6194641,8
271,269,1993,271,6240,7.6,14.6,1.26,5.1,0,0.6276647,6.292894
272,269,1993,272,11600,5.1,16.3,1.2,3.1,0,0.6361355,2.240679
273,269,1993,273,4470,8.8,14.2,1.3,4.1,0,0.6211191,7.159313
274,269,1993,274,4280,10.9,14.8,1.36,7.2,0,0.6293505,7.211546
275,269,1993,275,7490,10.5,15.8,1.35,4.6,0,0.6378454,5.142721
276,269,1993,276,1430,11.6,13.5,1.41,8.2,0,0.6466133,8
277,269,1993,277,5490,10.5,16.5,1.44,5.7,0,0.6556639,6.347492
278,269,1993,278,6610,9.8,17.6,1.51,4.1,2.4,0.6650076,5.478099
279,269,1993,279,7090,11.8,16.7,1.51,4.6,0,0.674655,5.008968
280,269,1993,280,7660,7.9,15.7,1.27,5.1,0,0.6583203,4.485725
281,269,1993,281,7730,9.1,15.9,1.39,2.6,0,0.6676702,4.259639
282,269,1993,282,5090,9,13.9,1.29,5.1,0,0.677313,6.311697
283,269,1993,283,8090,8.1,15.1,1.28,4.1,0,0.6872585,3.675399
284,269,1993,284,6210,9.9,17.5,1.51,4.1,0.5,0.6975169,5.219748
285,269,1993,285,4100,11.8,17.5,1.6,7.2,6.9,0.7080988,6.780644
286,269,1993,286,5750,11.4,16.1,1.46,5.7,0.4,0.7190148,5.430991
287,269,1993,287,1820,5.4,11.5,1.05,4.6,16,0.7011604,8
288,269,1993,288,7480,1.9,11.1,0.9,2.6,0.1,0.7117022,3.684832
289,269,1993,289,5070,0.9,8.7,0.81,2.1,0.4,0.7225609,5.892895
290,269,1993,290,9740,0.4,11.3,0.83,2.6,0.6,0.7337458,0.5722844
291,269,1993,291,10600,-0.9,8.2,0.7,4.1,0,0.7452664,0
292,269,1993,292,9570,-1.7,7.9,0.71,2.6,0,0.7571323,0.3661429
293,269,1993,293,5060,-2,9,0.75,2.6,3.9,0.7693533,5.550696
294,269,1993,294,7160,2.6,10.3,0.94,3.1,4.5,0.7819394,3.004947
295,269,1993,295,3740,4.3,9.6,0.92,5.7,0,0.7615323,6.548716
296,269,1993,296,5380,3.9,8.7,0.86,7.2,0,0.7736058,4.852803
297,269,1993,297,8100,5.6,8.8,0.89,5.1,0,0.7860145,1.053393
298,269,1993,298,2290,7.4,10.2,1.04,4.1,0,0.7987658,7.551987
299,269,1993,299,5010,7.8,12.5,1.22,3.6,0.1,0.8118664,4.786158
300,269,1993,300,2410,8.2,10.3,1.16,2.6,0.5,0.8253233,7.36946
301,269,1993,301,2530,3.9,9.1,0.92,3.1,0,0.8391428,7.252522
302,269,1993,302,6650,1.9,9.3,0.89,5.1,0,0.853331,2.119658
303,269,1993,303,2460,1.8,5.4,0.79,4.6,0,0.829911,7.239345
304,269,1993,304,1340,1.6,3.6,0.74,3.6,0,0.843395,8
305,269,1993,305,690,1.8,2.7,0.72,2.6,0,0.8571998,8
306,269,1993,306,1980,1.3,4.1,0.73,3.6,0,0.8713273,7.543787
307,269,1993,307,3510,2.5,7.4,0.86,4.1,0,0.8857786,5.851137
308,269,1993,308,5380,2.6,13.6,1.04,2.6,0,0.9005538,2.878093
309,269,1993,309,4630,1.7,7.1,0.83,5.7,0,0.9156522,4.046867
310,269,1993,310,1190,4.7,6.7,0.9,6.2,0,0.9310723,8
311,269,1993,311,1180,4.5,6,0.89,4.1,6.5,0.9468111,8
312,269,1993,312,1470,5.4,7.7,0.96,2.6,0.2,0.9187459,7.78642
313,269,1993,313,2490,3.6,9.9,0.98,3.1,0,0.933463,6.627746
314,269,1993,314,880,6.5,8.6,1.03,7.2,9.9,0.948423,8
315,269,1993,315,4140,4.9,10.1,1,5.1,4.3,0.963617,3.87542
316,269,1993,316,3910,3,9.2,0.92,4.1,0.6,0.9790346,4.180826
317,269,1993,317,1690,4.1,8.4,0.93,6.7,0.9,0.994664,7.394353
318,269,1993,318,780,5.7,10.8,1.06,10.3,17.5,1.010491,8
319,269,1993,319,2260,3.2,8.3,0.85,5.1,0,1.026502,6.577093
320,269,1993,320,4410,-0.3,4.7,0.65,2.6,0,1.042677,2.670024
321,269,1993,321,4780,-1,4.5,0.64,3.6,0,1.058999,1.62331
322,269,1993,322,4610,-2.3,1.7,0.57,3.6,0,1.024323,1.874281
323,269,1993,323,6110,-3.5,1.9,0.5,3.6,0,1.039163,0
324,269,1993,324,1950,-3.8,2,0.49,4.6,0,1.054044,6.811371
325,269,1993,325,1770,-5.7,-1.7,0.38,6.7,0,1.06894,7.045477
326,269,1993,326,3300,-7.9,-2.8,0.36,2.1,0,1.083824,4.326333
327,269,1993,327,1030,-8.3,-0.1,0.4,3.6,0,1.098668,7.9219
328,269,1993,328,4620,-5.2,0.5,0.43,3.1,0,1.113442,0.7071683
329,269,1993,329,3540,-4.1,2.7,0.51,2.1,0,1.128114,3.30194
330,269,1993,330,1150,-4.8,0.9,0.51,2.6,0,1.142652,7.697234
331,269,1993,331,560,-3.8,-2.2,0.45,5.1,0,1.157019,8
332,269,1993,332,2090,-3.3,-0.4,0.47,4.1,0,1.17118,6.148598
333,269,1993,333,4630,-4.5,1.5,0.45,4.1,0,1.185096,0
334,269,1993,334,1460,-5.2,-0.7,0.39,4.1,0.7,1.198729,7.160687
335,269,1993,335,850,-2.3,1.9,0.57,3.6,0.2,1.152804,7.985077
336,269,1993,336,1790,1.8,10.4,0.89,6.7,0.5,1.164385,6.403469
337,269,1993,337,1260,7.9,9.7,1.01,7.2,0,1.175584,7.30203
338,269,1993,338,380,2.3,10.9,0.85,8.2,2.1,1.186362,8
339,269,1993,339,2380,1.5,8.3,0.8,5.1,0,1.196684,4.99118
340,269,1993,340,1030,5.6,7.8,0.91,5.1,0,1.206514,7.622116
341,269,1993,341,350,3.2,6.7,0.73,7.7,9.9,1.215816,8
342,269,1993,342,610,1.9,10.7,0.84,7.7,14.7,1.224556,8
343,269,1993,343,370,6.1,9.4,0.82,11.8,8.8,1.232701,8
344,269,1993,344,640,4.2,8.3,0.8,6.7,1.7,1.240217,8
345,269,1993,345,2280,1.9,6,0.67,5.7,0.7,1.247076,4.991776
346,269,1993,346,2060,1,4.9,0.7,4.1,7.5,1.253249,5.488122
347,269,1993,347,890,2.1,9.4,0.85,6.2,14.5,1.258711,7.767085
348,269,1993,348,3420,-0.8,3.8,0.54,5.1,0.5,1.263437,1.58007
349,269,1993,349,410,0.4,3.7,0.63,8.7,4.5,1.267408,8
350,269,1993,350,1850,3.6,7,0.76,8.7,3.9,1.270606,5.886171
351,269,1993,351,2800,2.3,6.4,0.71,4.6,0.3,1.273017,3.350747
352,269,1993,352,450,5,11.6,1.02,7.7,1.1,1.274631,8
353,269,1993,353,300,6.7,13.2,1.04,12.3,10.7,1.275439,8
354,269,1993,354,510,2.5,6.8,0.76,4.1,6,1.275439,8
355,269,1993,355,1550,0.4,4.1,0.65,4.6,7.5,1.274631,6.560522
356,269,1993,356,520,0.9,6.5,0.7,7.7,12.7,1.273017,8
357,269,1993,357,1580,2.5,5.7,0.72,6.2,4.9,1.270606,6.495437
358,269,1993,358,710,2.4,4.6,0.74,4.1,3.1,1.267408,8
359,269,1993,359,3160,-1.4,2.6,0.56,2.6,0,1.263437,2.429046
360,269,1993,360,790,0.8,3.2,0.64,5.7,1.8,1.258711,7.938807
361,269,1993,361,580,0.4,3.3,0.65,1.5,1.5,1.253249,8
362,269,1993,362,1260,-0.3,3.2,0.63,3.6,0,1.247076,7.198483
363,269,1993,363,520,1.9,7.5,0.81,6.7,5.9,1.240217,8
364,269,1993,364,610,3.6,8.1,0.86,5.1,14.7,1.232701,8
365,269,1993,365,1730,2.4,7.7,0.81,5.1,4.4,1.224556,6.326266
366,269,1993,1,2920,-9,-2.3,0.4,2.1,0,1.215816331,3.69551925
367,269,1993,2,4790,-9.6,-0.1,0.38,3.1,0,1.206514198,0
368,269,1993,3,4140,-11.5,-5.8,0.29,3.6,0,1.196684368,0.350821408
369,269,1993,4,1900,-11,-2.9,0.31,4.1,0,1.186362249,6.277847396
370,269,1993,5,640,-2.9,4.3,0.59,7.7,8.7,1.175583845,8
371,269,1993,6,450,4.2,7.9,0.94,5.7,13.1,1.16438549,8
372,269,1993,7,1940,-1.1,8.7,0.8,4.1,0.6,1.1528036,6.192536975
373,269,1993,8,3070,0.3,9.3,0.76,6.2,2.9,1.198729095,3.731228325
374,269,1993,9,520,0.5,10.4,0.82,8.2,4.3,1.185096232,8
375,269,1993,10,440,6.9,11.9,1.05,10.8,7.4,1.171179838,8
376,269,1993,11,940,6,11.3,0.92,9.8,10.8,1.157019081,7.91433744
377,269,1993,12,3380,2.7,7.2,0.67,9.3,2.4,1.142651813,3.493665531
378,269,1993,13,1600,3.7,14.3,0.95,10.3,2.6,1.128114477,7.037743434
379,269,1993,14,3460,1.4,7.6,0.67,7.2,0,1.113442018,3.572935703
380,269,1993,15,1650,2.7,11.9,0.85,10.3,0.1,1.098667816,7.060411607
381,269,1993,16,1060,8.8,13.2,1.08,9.3,0,1.083823623,7.858125
382,269,1993,17,2090,4.9,11.2,0.84,8.7,0.3,1.068939515,6.484782272
383,269,1993,18,3860,2.7,7.1,0.73,5.1,0,1.054043855,3.204174831
384,269,1993,19,1100,3.3,7.8,0.77,7.7,1.1,1.039163266,7.901741014
385,269,1993,20,420,7.8,10.8,1.08,10.8,12.4,1.024322628,8
386,269,1993,21,3100,6.5,11.9,0.98,9.3,4.6,1.058999006,5.047625673
387,269,1993,22,640,5.7,12.3,0.92,11.3,5,1.042677117,8
388,269,1993,23,2510,5.2,11,0.82,9.3,0.4,1.026501515,6.246765519
389,269,1993,24,2120,1.6,12.1,0.72,13.9,3.1,1.010491384,6.871329617
390,269,1993,25,1970,0.7,5.2,0.54,11.8,0.7,0.99466396,7.138871732
391,269,1993,26,820,1.8,5.3,0.62,8.2,1.7,0.979034617,8
392,269,1993,27,2440,2.2,5.6,0.65,4.1,0.3,0.96361697,6.652341881
393,269,1993,28,510,1.2,8,0.8,4.1,16.3,0.948422963,8
394,269,1993,29,850,-2.1,8,0.67,6.7,3.6,0.933462976,8
395,269,1993,30,2670,-2.6,2.1,0.5,4.1,0,0.91874592,6.602729409
396,269,1993,31,5130,-1.6,4.5,0.61,2.1,0,0.946811084,3.064384179
397,269,1993,32,7030,-3.8,1.2,0.47,3.6,0,0.931072261,0
398,269,1993,33,1040,-0.7,2.6,0.63,4.1,0,0.915652216,8
399,269,1993,34,1390,0.4,4,0.7,4.1,0,0.900553756,7.988360746
400,269,1993,35,1510,-0.8,2.5,0.64,3.6,0,0.885778571,7.923298012
401,269,1993,36,1110,0.9,4.4,0.72,4.6,0,0.871327341,8
402,269,1993,37,1210,3.1,6.9,0.83,4.6,0.9,0.85719983,8
403,269,1993,38,1740,3.3,6.2,0.81,1.5,0.3,0.843394985,7.811425707
404,269,1993,39,2510,3.3,6.3,0.83,2.1,0.1,0.829911023,7.210930645
405,269,1993,40,1440,2.4,5.4,0.81,5.1,0,0.85333105,8
406,269,1993,41,1770,1.7,2.8,0.72,3.6,0,0.839142804,7.878997031
407,269,1993,42,1330,0.1,2.6,0.63,3.1,0,0.825323301,8
408,269,1993,43,3530,-1.4,3,0.6,2.1,0,0.811866442,6.565123539
409,269,1993,44,2350,-2.3,0.7,0.58,2.1,0,0.798765772,7.574914008
410,269,1993,45,1830,-2.7,-0.7,0.54,3.1,0,0.786014544,7.955023349
411,269,1993,46,1830,-1.3,3.1,0.63,3.1,0.2,0.773605777,7.971186245
412,269,1993,47,3910,-0.5,8,0.77,3.6,2.4,0.7615323,6.467904384
413,269,1993,48,1990,2.6,7.4,0.82,6.7,2.2,0.781939357,7.907495632
414,269,1993,49,1960,0.6,7.2,0.78,5.1,1.4,0.769353344,7.952137375
415,269,1993,50,5980,1.2,7.2,0.64,10.8,2,0.757132289,4.862051847
416,269,1993,51,4690,2.2,6.8,0.72,8.2,5.2,0.745266351,6.116024931
417,269,1993,52,7370,0.4,5.5,0.63,10.8,4.9,0.733745772,3.710334422
418,269,1993,53,8970,-0.8,4.3,0.62,4.1,3.9,0.722560907,2.096992824
419,269,1993,54,10420,-3.2,3.4,0.47,3.1,0,0.711702241,0.694320318
420,269,1993,55,7150,-4.1,2.5,0.52,2.1,0,0.701160409,4.423947885
421,269,1993,56,3540,-0.8,3.9,0.62,3.6,0.1,0.719014813,7.255110475
422,269,1993,57,2510,1.6,3.9,0.71,4.6,5.1,0.708098779,7.852371297
423,269,1993,58,8780,-0.8,4.1,0.54,6.7,0.4,0.69751695,3.296631907
424,269,1993,59,7900,-1.9,3.5,0.6,4.1,3.6,0.687258526,4.232772329
425,269,1993,60,7940,-2.4,4.2,0.56,7.2,0,0.677313011,4.350758962
426,269,1993,61,9150,-1.2,3.5,0.54,10.8,0,0.667670217,3.431978227
427,269,1993,62,9570,-3.1,1.6,0.46,6.7,0,0.658320259,3.260187314
428,269,1993,63,3280,-2.4,2.6,0.53,2.6,0,0.674655005,7.652197645
429,269,1993,64,3590,-1.9,4.8,0.63,4.1,1.4,0.665007623,7.520829515
430,269,1993,65,4280,3.9,7.4,0.89,5.7,0.4,0.655663915,7.172570081
431,269,1993,66,5230,2.3,7.5,0.81,3.1,0.2,0.646613257,6.708417024
432,269,1993,67,12980,-0.5,8.2,0.65,4.6,0,0.63784541,0.843440526
433,269,1993,68,12740,-2.6,8,0.54,4.1,0,0.629350516,1.387637081
434,269,1993,69,9590,-0.2,10.6,0.74,4.1,0.7,0.621119081,4.081989099
435,269,1993,70,6770,0.4,11.4,0.87,2.6,0,0.636135538,6.040753394
436,269,1993,71,11490,1.8,15.8,0.87,2.6,0,0.627664742,2.799193679
437,269,1993,72,12010,1.5,16.8,0.81,3.1,0,0.619464079,2.568378884
438,269,1993,73,11100,0.2,16.8,0.85,3.1,0.1,0.611523746,3.41492179
439,269,1993,74,12330,4.8,17.9,0.99,3.6,0,0.60383434,2.536227366
440,269,1993,75,2780,5.6,11.3,1,6.2,1.4,0.596386844,8
441,269,1993,76,9280,7,12.8,1.07,8.7,3.1,0.589172609,4.935034125
442,269,1993,77,3550,4.4,12,0.9,7.2,0.3,0.582183338,7.845592509
443,269,1993,78,14740,0.9,9.6,0.72,5.1,0,0.595653732,1.462236772
444,269,1993,79,14150,0.3,11.1,0.74,4.1,0,0.588481908,2.078668703
445,269,1993,80,12850,0.3,15.9,0.83,3.6,0,0.581538755,3.115490505
446,269,1993,81,5700,6.1,14.2,1.1,5.7,2.8,0.574815938,7.094504977
447,269,1993,82,13000,2.7,9.2,0.72,6.7,0.1,0.568305479,3.333738282
448,269,1993,83,14930,0.2,9.3,0.67,5.1,0,0.561999743,2.189743793
449,269,1993,84,11720,3,8.2,0.68,8.2,0.2,0.555891418,4.362113331
450,269,1993,85,15060,-2.6,10.3,0.51,5.1,0,0.568472892,2.503641189
451,269,1993,86,14300,-5.3,8.1,0.48,2.6,0,0.562214124,3.142383042
452,269,1993,87,18420,-5.7,7.9,0.44,4.1,0,0.556155122,0.561175384
453,269,1993,88,18290,-5.1,8.3,0.43,3.6,0,0.550288652,0.842883816
454,269,1993,89,15910,-3.6,12.9,0.41,4.1,0,0.544607795,2.580187886
455,269,1993,90,4370,6,13.7,1.05,3.6,2.2,0.539105935,7.808320086
456,269,1993,91,5620,6.4,15.4,1.15,3.6,0.5,0.533776739,7.417364338
457,269,1993,92,4950,-0.7,8.6,0.72,3.6,0,0.545615504,7.69340417
458,269,1993,93,12530,-0.7,10.7,0.76,2.1,0,0.540161712,4.678360559
459,269,1993,94,6600,1.3,9.8,0.81,4.1,0.6,0.534882186,7.199514107
460,269,1993,95,7020,0.9,10.8,0.81,8.2,5.9,0.529770722,7.084831476
461,269,1993,96,5290,5.9,10.1,0.92,8.2,1.7,0.524821391,7.649401115
462,269,1993,97,4210,1.7,8.3,0.78,5.1,0,0.520028519,7.977134354
463,269,1993,98,11400,1.8,10.1,0.76,2.6,0,0.515386679,5.533203814
464,269,1993,99,14800,2,13.1,0.75,6.2,0.2,0.510890674,4.037186437
465,269,1993,100,17140,4.4,14,0.88,3.6,0,0.521867966,2.849910288
466,269,1993,101,8250,2.1,11.8,0.87,3.6,1.4,0.517275255,6.836545144
467,269,1993,102,7550,3.3,10.4,0.87,3.6,0,0.512829511,7.093734608
468,269,1993,103,12240,2.3,12.9,0.86,3.6,0,0.508525681,5.425519566
469,269,1993,104,16230,3.1,13.7,0.93,3.6,0,0.504358928,3.669988603
470,269,1993,105,15770,3.8,14.4,1.01,3.6,0,0.500324623,3.940345501
471,269,1993,106,17240,0.3,15.8,0.84,3.6,0,0.496418332,3.382272687
472,269,1993,107,3340,9.3,11.4,1.17,5.7,2,0.506936575,8
473,269,1993,108,4650,5.6,12.4,1.1,7.2,15.6,0.502951153,7.978050204
474,269,1993,109,3560,7.2,10.4,1.11,3.1,5.3,0.499094765,8
475,269,1993,110,20160,7.5,20.9,1.26,4.6,0,0.495363115,2.0606481
476,269,1993,111,14740,6.7,20.2,1.16,4.6,0,0.491752093,4.743686924
477,269,1993,112,9970,5.8,18,1.24,3.1,2,0.488257758,6.540632609
478,269,1993,113,17960,9.2,19.2,1.21,5.7,0.1,0.484876335,3.434751478
479,269,1993,114,17730,12.6,22.5,1.26,5.7,0,0.481604207,3.594261203
480,269,1993,115,18700,9.2,21.3,1.37,3.6,0,0.491594385,3.177322962
481,269,1993,116,19260,9.8,20.9,1.36,3.6,0,0.488263641,2.990533645
482,269,1993,117,23060,9,23.8,1.23,6.2,0,0.485043215,1.234634853
483,269,1993,118,22110,9.3,27.8,1.2,6.7,0,0.481929614,1.831334094
484,269,1993,119,20380,12.4,27.3,1.25,5.7,0,0.478919488,2.729258491
485,269,1993,120,21610,12.5,27.9,1.33,4.1,0,0.476009624,2.184065845
486,269,1993,121,18040,11.4,25,1.48,4.1,0,0.47319694,3.824879928
487,269,1993,122,2510,9.5,13.2,1.24,5.1,0.4,0.470478482,8
488,269,1993,123,16430,3.9,12.8,0.78,4.6,0,0.467851415,4.789673214
489,269,1993,124,25530,0.3,14.7,0.67,3.6,0,0.477343917,0.979621394
490,269,1993,125,20220,1.4,13.8,0.7,4.1,0,0.474680764,3.436369402
491,269,1993,126,22200,3.4,15.6,0.77,5.7,0,0.472110167,2.614780782
492,269,1993,127,7510,7.1,15.5,1.06,6.7,0,0.469629393,7.521792284
493,269,1993,128,21530,9.1,19.1,1.13,7.2,0,0.467235821,2.853360095
494,269,1993,129,22220,9.4,26,1.38,6.2,10.5,0.464926934,2.503774554
495,269,1993,130,21510,11.4,24.6,1.65,4.1,4.3,0.462700317,2.775757269
496,269,1993,131,24090,12.9,26.2,1.43,5.1,0,0.460553656,1.752419599
497,269,1993,132,24160,12.6,25.8,1.54,4.1,0,0.458484729,1.735316948
498,269,1993,133,4890,9.5,14.9,1.29,4.1,0.4,0.467698891,8
499,269,1993,134,6960,9.4,13.9,1.22,3.1,0,0.465614835,7.699556534
500,269,1993,135,13080,5,15.2,0.98,4.6,0.5,0.463609985,6.193360707
501,269,1993,136,22290,4.8,17.9,0.89,4.6,0,0.461682207,3.053212446
502,269,1993,137,25170,9.4,24.9,0.98,6.2,0,0.459829452,1.839357684
503,269,1993,138,12860,14.5,21.4,1.61,3.6,25.1,0.458049754,6.211192755
504,269,1993,139,18090,12.1,21.6,1.69,3.6,2.9,0.456341229,4.506728285
505,269,1993,140,14880,11.4,23,1.71,3.6,2.7,0.454702074,5.617569285
506,269,1993,141,9270,9,15,1.19,4.1,0,0.453130561,7.243243243
507,269,1993,142,27000,6.9,18.2,1.15,3.1,0,0.45162504,1.185462196
508,269,1993,143,26510,7.4,20.7,1.16,3.6,0,0.460717123,1.447809751
509,269,1993,144,25460,9.5,23.1,1.52,4.1,0,0.459220518,1.784456695
510,269,1993,145,21440,11.1,22.8,1.62,4.6,0,0.457791948,3.448632176
511,269,1993,146,21440,11.3,21.8,1.49,6.2,0,0.456429837,3.518912067
512,269,1993,147,2570,12.3,15.5,1.53,5.7,15.9,0.455132676,8
513,269,1993,148,5960,9.6,13.6,1.2,4.1,9.3,0.453899016,7.976519956
514,269,1993,149,25620,10.4,19,1.31,4.6,0,0.452727476,1.994960702
515,269,1993,150,21270,11.9,20.7,1.35,6.2,0,0.451616739,3.729132819
516,269,1993,151,16800,11.3,16.9,1.19,7.7,0.1,0.450565554,5.310611548
517,269,1993,152,13270,9.6,18,1.33,3.1,0,0.449572737,6.322158473
518,269,1993,153,14580,12.6,22.8,1.76,3.1,12.8,0.448637173,5.899341937
519,269,1993,154,7770,11.2,14.8,1.35,3.6,7.2,0.447757814,7.637227887
520,269,1993,155,24780,9.4,20.3,1.42,3.1,0,0.446933677,2.456408902
521,269,1993,156,20000,11.8,22.2,1.47,3.1,0,0.44616385,4.257184144
522,269,1993,157,25820,10.6,21,1.29,3.1,0,0.445447483,2.128723298
523,269,1993,158,23990,8.2,22.9,1.4,2.6,0,0.444783791,2.834700578
524,269,1993,159,26370,8.9,24.4,1.44,2.1,0,0.444172052,1.871858633
525,269,1993,160,28120,11.3,27.3,1.63,4.1,0,0.453381728,1.050698826
526,269,1993,161,20090,15,29.7,2,3.1,14.9,0.452829418,4.151572889
527,269,1993,162,20130,13.6,22.3,1.56,5.7,0,0.452332752,4.254206969
528,269,1993,163,8890,9.9,15.9,1.21,5.1,0,0.451890818,7.440841672
529,269,1993,164,11390,9.2,16.7,1.24,3.6,0.7,0.451502753,6.87783265
530,269,1993,165,6230,10.3,13.3,1.14,2.6,4.2,0.4511678,7.966856361
531,269,1993,166,26930,7.9,16.1,1.05,3.1,0,0.450885329,1.910258975
532,269,1993,167,3260,10,15.1,1.37,4.6,14.4,0.450654839,8
533,269,1993,168,26500,12.2,18.5,1.4,5.1,0,0.450475944,1.929279855
534,269,1993,169,7610,13,17.2,1.58,5.7,3,0.450348358,7.684190157
535,269,1993,170,12190,11.3,17.1,1.41,4.6,6.7,0.450271882,6.669792159
536,269,1993,171,26640,8.7,18,1.26,3.6,0,0.450246403,1.938318586
537,269,1993,172,19580,8.9,18.9,1.29,2.1,0,0.450271882,4.543329447
538,269,1993,173,21320,7.9,18.6,1.19,3.1,0,0.450348358,3.979385101
539,269,1993,174,12700,9.2,16.4,1.18,4.1,0.6,0.450475944,6.568848647
540,269,1993,175,25480,9.1,16.1,1.02,5.7,0,0.450654839,2.499797355
541,269,1993,176,11600,9.5,14.9,1.05,3.1,0,0.450885329,6.852214139
542,269,1993,177,10320,8.3,17.2,1.22,3.6,0.1,0.4511678,7.127849168
543,269,1993,178,25210,11.7,18.1,1.29,6.2,0.5,0.451502753,2.457680591
544,269,1993,179,19180,9.9,17.8,1.2,3.6,0.4,0.451890818,4.666165076
545,269,1993,180,28580,7.9,22.5,1.31,4.1,0,0.452332752,1.010861887
546,269,1993,181,29090,10.1,23.9,1.43,4.1,0,0.452829418,0.70315097
547,269,1993,182,25030,10.5,23.1,1.63,4.1,0,0.453381728,2.338780238
548,269,1993,183,27670,9.9,20.5,1.43,4.1,0,0.444172052,1.289514378
549,269,1993,184,22770,9.6,22.4,1.49,4.1,0,0.444783791,3.246807127
550,269,1993,185,27760,14.2,24.5,1.8,3.6,0,0.445447483,1.034491321
551,269,1993,186,7750,11.5,16.6,1.36,4.1,28.5,0.44616385,7.642031949
552,269,1993,187,15360,11.1,17.6,1.24,5.1,2.6,0.446933677,5.763359962
553,269,1993,188,16640,10.4,16.7,1.15,5.7,0,0.447757814,5.387904665
554,269,1993,189,15840,7.8,21.4,1.31,4.1,0,0.448637173,5.584018674
555,269,1993,190,13460,12.2,20.3,1.53,6.2,0.1,0.449572737,6.225204397
556,269,1993,191,21400,8.9,17,1.13,4.6,0.7,0.450565554,3.742169274
557,269,1993,192,16740,6.4,16.8,1.12,3.1,0.3,0.451616739,5.30645999
558,269,1993,193,17040,5,16.9,1.13,3.6,0.9,0.452727476,5.19283477
559,269,1993,194,18700,8.5,18.2,1.16,3.1,0,0.453899016,4.619573301
560,269,1993,195,6390,11.9,18.1,1.67,4.1,21.4,0.455132676,7.861845884
561,269,1993,196,8740,12.2,18.4,1.58,2.1,6.5,0.456429837,7.361085462
562,269,1993,197,12180,15.2,21.4,1.91,4.1,5.5,0.457791948,6.450487669
563,269,1993,198,14120,13.2,19.8,1.63,4.6,0,0.459220518,5.911338081
564,269,1993,199,21470,11.4,19.6,1.39,3.1,0,0.460717123,3.395943983
565,269,1993,200,8960,13.2,18,1.61,3.1,1.2,0.45162504,7.274857806
566,269,1993,201,12400,12.7,19,1.6,5.1,4.5,0.453130561,6.369381155
567,269,1993,202,16800,12.2,18.2,1.42,5.1,0.9,0.454702074,5.007890356
568,269,1993,203,17130,8.9,19,1.37,3.6,0,0.456341229,4.879486738
569,269,1993,204,10550,11.8,20.5,1.62,5.1,0.1,0.458049754,6.830950456
570,269,1993,205,13970,15.5,22.4,1.97,4.6,16.3,0.459829452,5.77027502
571,269,1993,206,18080,12.2,18.3,1.51,5.1,12,0.461682207,4.410935682
572,269,1993,207,19020,10.8,17.9,1.34,5.7,18.2,0.463609985,4.067576795
573,269,1993,208,4150,10.6,17.3,1.59,5.7,14.2,0.465614835,8
574,269,1993,209,12490,13.2,19.9,1.71,4.1,0.2,0.467698891,6.181674057
575,269,1993,210,6790,15,21,1.96,4.1,2.8,0.458484729,7.665231596
576,269,1993,211,3610,15.3,18.2,1.91,2.6,20.9,0.460553656,8
577,269,1993,212,16960,12,18.9,1.55,4.1,1.1,0.462700317,4.598459235
578,269,1993,213,13750,12.1,19.8,1.63,3.1,0,0.464926934,5.69112254
579,269,1993,214,19020,13.7,23,1.65,2.6,0,0.467235821,3.662734714
580,269,1993,215,14810,11.3,20.5,1.55,4.1,1.6,0.469629393,5.276929033
581,269,1993,216,14400,13.1,19.8,1.63,3.1,0,0.472110167,5.372905501
582,269,1993,217,11910,14,20.7,1.7,5.7,3.8,0.474680764,6.174234226
583,269,1993,218,14380,8.3,17.7,1.3,7.2,1.6,0.477343917,5.377114807
584,269,1993,219,14600,9.2,21.2,1.54,3.1,0,0.467851415,5.208694668
585,269,1993,220,15560,9.5,21.1,1.58,3.1,0,0.470478482,4.793556617
586,269,1993,221,5240,10.1,18.7,1.59,5.1,3,0.47319694,7.933046381
587,269,1993,222,17370,8.1,16.8,1.2,5.7,2.7,0.476009624,4.064106796
588,269,1993,223,6990,7.4,17.7,1.35,6.2,2.3,0.478919488,7.507915715
589,269,1993,224,6190,11,18.6,1.62,6.2,7.8,0.481929614,7.677563398
590,269,1993,225,20700,8.4,18,1.24,3.6,0,0.485043215,2.318099954
591,269,1993,226,17170,8.4,23.2,1.54,2.6,0.1,0.488263641,3.804786028
592,269,1993,227,10300,11.3,22.4,1.84,3.1,7.7,0.491594385,6.404171868
593,269,1993,228,11420,11.7,20.2,1.69,4.1,0,0.481604207,6.002418689
594,269,1993,229,21700,8,19.3,1.3,2.6,0,0.484876335,1.391461549
595,269,1993,230,20030,8.1,20.4,1.32,2.6,0,0.488257758,2.176366423
596,269,1993,231,20330,6.9,20.9,1.29,1.5,0,0.491752093,1.93259409
597,269,1993,232,5610,12.1,18.8,1.69,3.1,0.5,0.495363115,7.716602515
598,269,1993,233,11790,12.7,19.6,1.67,2.6,0,0.499094765,5.666715068
599,269,1993,234,3400,9.1,13.5,1.3,3.6,17.4,0.502951153,8
600,269,1993,235,13860,7,16.6,1.25,3.1,0.9,0.506936575,4.792308621
601,269,1993,236,12720,7.8,16.4,1.27,3.6,2.7,0.496418332,5.220973355
602,269,1993,237,12050,10.3,16.1,1.38,3.1,3,0.500324623,5.424182561
603,269,1993,238,14950,7.4,17.8,1.31,2.6,0.3,0.504358928,4.066232046
604,269,1993,239,10120,6.2,15.4,1.19,3.6,0.7,0.508525681,6.140887387
605,269,1993,240,13670,5.5,17.5,1.21,2.6,0,0.512829511,4.564123192
606,269,1993,241,14470,4.2,18.4,1.19,2.6,0,0.517275255,4.107334363
607,269,1993,242,7090,10.9,16.5,1.43,5.1,2.5,0.521867966,7.099204345
608,269,1993,243,11680,9.7,17.7,1.4,5.1,0.1,0.510890674,5.244787572
609,269,1993,244,8420,9.7,18,1.5,1.5,1.5,0.515386679,6.549046201
610,269,1993,245,4430,10.2,16.2,1.49,3.1,0.7,0.520028519,7.861586231
611,269,1993,246,8670,11.9,15.4,1.47,6.2,14.4,0.524821391,6.374651145
612,269,1993,247,11120,10.3,16.1,1.37,4.6,1.1,0.529770722,5.260630334
613,269,1993,248,17120,5.9,16.8,1.13,3.1,1,0.534882186,1.889677366
614,269,1993,249,17450,3.8,17.9,1.09,1.5,0,0.540161712,1.555234408
615,269,1993,250,17320,6.5,19,1.28,4.1,0,0.545615504,1.391841871
616,269,1993,251,4270,10.1,18.8,1.65,2.6,16.8,0.533776739,7.804643773
617,269,1993,252,6890,12.2,19.6,1.77,3.1,15.8,0.539105935,6.823564441
618,269,1993,253,7090,12,18.2,1.67,4.6,6,0.544607795,6.713123431
619,269,1993,254,13100,6.9,17.8,1.34,3.1,0,0.550288652,3.597323149
620,269,1993,255,16470,5.3,18.6,1.23,3.1,2.5,0.556155122,1.227300799
621,269,1993,256,1310,10.8,13.3,1.41,6.2,21.7,0.562214124,8
622,269,1993,257,3640,10.2,14.4,1.43,3.6,5.8,0.568472892,7.914810688
623,269,1993,258,7230,11.8,16.1,1.53,3.6,7.3,0.555891418,6.448973313
624,269,1993,259,3680,9.6,14.7,1.42,3.1,8.4,0.561999743,7.867015395
625,269,1993,260,6500,4.3,12.8,1.06,1.5,0.7,0.568305479,6.758069183
626,269,1993,261,14350,2.4,15.4,1,1.5,0,0.574815938,1.955015102
627,269,1993,262,15760,4,18.1,1.19,3.6,0,0.581538755,0.525059946
628,269,1993,263,12330,7.8,22.8,1.58,3.1,0,0.588481908,2.911252909
629,269,1993,264,7450,9.8,18.4,1.51,4.1,0.3,0.595653732,6.00510864
630,269,1993,265,4150,9.6,17.3,1.54,2.1,2,0.582183338,7.549092688
631,269,1993,266,5660,11,16.3,1.52,2.1,0,0.589172609,6.831345385
632,269,1993,267,8410,9.6,15.3,1.37,3.6,0,0.596386844,5.242946095
633,269,1993,268,1060,11.1,12.8,1.38,7.2,37.8,0.60383434,8
634,269,1993,269,3220,10.5,12.8,1.34,7.2,7.9,0.6115237,7.84351
635,269,1993,270,2360,10.4,13.1,1.38,4.1,7.1,0.6194641,8
636,269,1993,271,6240,7.6,14.6,1.26,5.1,0,0.6276647,6.292894
637,269,1993,272,11600,5.1,16.3,1.2,3.1,0,0.6361355,2.240679
638,269,1993,273,4470,8.8,14.2,1.3,4.1,0,0.6211191,7.159313
639,269,1993,274,4280,10.9,14.8,1.36,7.2,0,0.6293505,7.211546
640,269,1993,275,7490,10.5,15.8,1.35,4.6,0,0.6378454,5.142721
641,269,1993,276,1430,11.6,13.5,1.41,8.2,0,0.6466133,8
642,269,1993,277,5490,10.5,16.5,1.44,5.7,0,0.6556639,6.347492
643,269,1993,278,6610,9.8,17.6,1.51,4.1,2.4,0.6650076,5.478099
644,269,1993,279,7090,11.8,16.7,1.51,4.6,0,0.674655,5.008968
645,269,1993,280,7660,7.9,15.7,1.27,5.1,0,0.6583203,4.485725
646,269,1993,281,7730,9.1,15.9,1.39,2.6,0,0.6676702,4.259639
647,269,1993,282,5090,9,13.9,1.29,5.1,0,0.677313,6.311697
648,269,1993,283,8090,8.1,15.1,1.28,4.1,0,0.6872585,3.675399
649,269,1993,284,6210,9.9,17.5,1.51,4.1,0.5,0.6975169,5.219748
650,269,1993,285,4100,11.8,17.5,1.6,7.2,6.9,0.7080988,6.780644
651,269,1993,286,5750,11.4,16.1,1.46,5.7,0.4,0.7190148,5.430991
652,269,1993,287,1820,5.4,11.5,1.05,4.6,16,0.7011604,8
653,269,1993,288,7480,1.9,11.1,0.9,2.6,0.1,0.7117022,3.684832
654,269,1993,289,5070,0.9,8.7,0.81,2.1,0.4,0.7225609,5.892895
655,269,1993,290,9740,0.4,11.3,0.83,2.6,0.6,0.7337458,0.5722844
656,269,1993,291,10600,-0.9,8.2,0.7,4.1,0,0.7452664,0
657,269,1993,292,9570,-1.7,7.9,0.71,2.6,0,0.7571323,0.3661429
658,269,1993,293,5060,-2,9,0.75,2.6,3.9,0.7693533,5.550696
659,269,1993,294,7160,2.6,10.3,0.94,3.1,4.5,0.7819394,3.004947
660,269,1993,295,3740,4.3,9.6,0.92,5.7,0,0.7615323,6.548716
661,269,1993,296,5380,3.9,8.7,0.86,7.2,0,0.7736058,4.852803
662,269,1993,297,8100,5.6,8.8,0.89,5.1,0,0.7860145,1.053393
663,269,1993,298,2290,7.4,10.2,1.04,4.1,0,0.7987658,7.551987
664,269,1993,299,5010,7.8,12.5,1.22,3.6,0.1,0.8118664,4.786158
665,269,1993,300,2410,8.2,10.3,1.16,2.6,0.5,0.8253233,7.36946
666,269,1993,301,2530,3.9,9.1,0.92,3.1,0,0.8391428,7.252522
667,269,1993,302,6650,1.9,9.3,0.89,5.1,0,0.853331,2.119658
668,269,1993,303,2460,1.8,5.4,0.79,4.6,0,0.829911,7.239345
669,269,1993,304,1340,1.6,3.6,0.74,3.6,0,0.843395,8
670,269,1993,305,690,1.8,2.7,0.72,2.6,0,0.8571998,8
671,269,1993,306,1980,1.3,4.1,0.73,3.6,0,0.8713273,7.543787
672,269,1993,307,3510,2.5,7.4,0.86,4.1,0,0.8857786,5.851137
673,269,1993,308,5380,2.6,13.6,1.04,2.6,0,0.9005538,2.878093
674,269,1993,309,4630,1.7,7.1,0.83,5.7,0,0.9156522,4.046867
675,269,1993,310,1190,4.7,6.7,0.9,6.2,0,0.9310723,8
676,269,1993,311,1180,4.5,6,0.89,4.1,6.5,0.9468111,8
677,269,1993,312,1470,5.4,7.7,0.96,2.6,0.2,0.9187459,7.78642
678,269,1993,313,2490,3.6,9.9,0.98,3.1,0,0.933463,6.627746
679,269,1993,314,880,6.5,8.6,1.03,7.2,9.9,0.948423,8
680,269,1993,315,4140,4.9,10.1,1,5.1,4.3,0.963617,3.87542
681,269,1993,316,3910,3,9.2,0.92,4.1,0.6,0.9790346,4.180826
682,269,1993,317,1690,4.1,8.4,0.93,6.7,0.9,0.994664,7.394353
683,269,1993,318,780,5.7,10.8,1.06,10.3,17.5,1.010491,8
684,269,1993,319,2260,3.2,8.3,0.85,5.1,0,1.026502,6.577093
685,269,1993,320,4410,-0.3,4.7,0.65,2.6,0,1.042677,2.670024
686,269,1993,321,4780,-1,4.5,0.64,3.6,0,1.058999,1.62331
687,269,1993,322,4610,-2.3,1.7,0.57,3.6,0,1.024323,1.874281
688,269,1993,323,6110,-3.5,1.9,0.5,3.6,0,1.039163,0
689,269,1993,324,1950,-3.8,2,0.49,4.6,0,1.054044,6.811371
690,269,1993,325,1770,-5.7,-1.7,0.38,6.7,0,1.06894,7.045477
691,269,1993,326,3300,-7.9,-2.8,0.36,2.1,0,1.083824,4.326333
692,269,1993,327,1030,-8.3,-0.1,0.4,3.6,0,1.098668,7.9219
693,269,1993,328,4620,-5.2,0.5,0.43,3.1,0,1.113442,0.7071683
694,269,1993,329,3540,-4.1,2.7,0.51,2.1,0,1.128114,3.30194
695,269,1993,330,1150,-4.8,0.9,0.51,2.6,0,1.142652,7.697234
696,269,1993,331,560,-3.8,-2.2,0.45,5.1,0,1.157019,8
697,269,1993,332,2090,-3.3,-0.4,0.47,4.1,0,1.17118,6.148598
698,269,1993,333,4630,-4.5,1.5,0.45,4.1,0,1.185096,0
699,269,1993,334,1460,-5.2,-0.7,0.39,4.1,0.7,1.198729,7.160687
700,269,1993,335,850,-2.3,1.9,0.57,3.6,0.2,1.152804,7.985077
701,269,1993,336,1790,1.8,10.4,0.89,6.7,0.5,1.164385,6.403469
702,269,1993,337,1260,7.9,9.7,1.01,7.2,0,1.175584,7.30203
703,269,1993,338,380,2.3,10.9,0.85,8.2,2.1,1.186362,8
704,269,1993,339,2380,1.5,8.3,0.8,5.1,0,1.196684,4.99118
705,269,1993,340,1030,5.6,7.8,0.91,5.1,0,1.206514,7.622116
706,269,1993,341,350,3.2,6.7,0.73,7.7,9.9,1.215816,8
707,269,1993,342,610,1.9,10.7,0.84,7.7,14.7,1.224556,8
708,269,1993,343,370,6.1,9.4,0.82,11.8,8.8,1.232701,8
709,269,1993,344,640,4.2,8.3,0.8,6.7,1.7,1.240217,8
710,269,1993,345,2280,1.9,6,0.67,5.7,0.7,1.247076,4.991776
711,269,1993,346,2060,1,4.9,0.7,4.1,7.5,1.253249,5.488122
712,269,1993,347,890,2.1,9.4,0.85,6.2,14.5,1.258711,7.767085
713,269,1993,348,3420,-0.8,3.8,0.54,5.1,0.5,1.263437,1.58007
714,269,1993,349,410,0.4,3.7,0.63,8.7,4.5,1.267408,8
715,269,1993,350,1850,3.6,7,0.76,8.7,3.9,1.270606,5.886171
716,269,1993,351,2800,2.3,6.4,0.71,4.6,0.3,1.273017,3.350747
717,269,1993,352,450,5,11.6,1.02,7.7,1.1,1.274631,8
718,269,1993,353,300,6.7,13.2,1.04,12.3,10.7,1.275439,8
719,269,1993,354,510,2.5,6.8,0.76,4.1,6,1.275439,8
720,269,1993,355,1550,0.4,4.1,0.65,4.6,7.5,1.274631,6.560522
721,269,1993,356,520,0.9,6.5,0.7,7.7,12.7,1.273017,8
722,269,1993,357,1580,2.5,5.7,0.72,6.2,4.9,1.270606,6.495437
723,269,1993,358,710,2.4,4.6,0.74,4.1,3.1,1.267408,8
724,269,1993,359,3160,-1.4,2.6,0.56,2.6,0,1.263437,2.429046
725,269,1993,360,790,0.8,3.2,0.64,5.7,1.8,1.258711,7.938807
726,269,1993,361,580,0.4,3.3,0.65,1.5,1.5,1.253249,8
727,269,1993,362,1260,-0.3,3.2,0.63,3.6,0,1.247076,7.198483
728,269,1993,363,520,1.9,7.5,0.81,6.7,5.9,1.240217,8
729,269,1993,364,610,3.6,8.1,0.86,5.1,14.7,1.232701,8
730,269,1993,365,1730,2.4,7.7,0.81,5.1,4.4,1.224556,6.326266
731,269,1993,1,2920,-9,-2.3,0.4,2.1,0,1.215816331,3.69551925
732,269,1993,2,4790,-9.6,-0.1,0.38,3.1,0,1.206514198,0
733,269,1993,3,4140,-11.5,-5.8,0.29,3.6,0,1.196684368,0.350821408
734,269,1993,4,1900,-11,-2.9,0.31,4.1,0,1.186362249,6.277847396
735,269,1993,5,640,-2.9,4.3,0.59,7.7,8.7,1.175583845,8
736,269,1993,6,450,4.2,7.9,0.94,5.7,13.1,1.16438549,8
737,269,1993,7,1940,-1.1,8.7,0.8,4.1,0.6,1.1528036,6.192536975
738,269,1993,8,3070,0.3,9.3,0.76,6.2,2.9,1.198729095,3.731228325
739,269,1993,9,520,0.5,10.4,0.82,8.2,4.3,1.185096232,8
740,269,1993,10,440,6.9,11.9,1.05,10.8,7.4,1.171179838,8
741,269,1993,11,940,6,11.3,0.92,9.8,10.8,1.157019081,7.91433744
742,269,1993,12,3380,2.7,7.2,0.67,9.3,2.4,1.142651813,3.493665531
743,269,1993,13,1600,3.7,14.3,0.95,10.3,2.6,1.128114477,7.037743434
744,269,1993,14,3460,1.4,7.6,0.67,7.2,0,1.113442018,3.572935703
745,269,1993,15,1650,2.7,11.9,0.85,10.3,0.1,1.098667816,7.060411607
746,269,1993,16,1060,8.8,13.2,1.08,9.3,0,1.083823623,7.858125
747,269,1993,17,2090,4.9,11.2,0.84,8.7,0.3,1.068939515,6.484782272
748,269,1993,18,3860,2.7,7.1,0.73,5.1,0,1.054043855,3.204174831
749,269,1993,19,1100,3.3,7.8,0.77,7.7,1.1,1.039163266,7.901741014
750,269,1993,20,420,7.8,10.8,1.08,10.8,12.4,1.024322628,8
751,269,1993,21,3100,6.5,11.9,0.98,9.3,4.6,1.058999006,5.047625673
752,269,1993,22,640,5.7,12.3,0.92,11.3,5,1.042677117,8
753,269,1993,23,2510,5.2,11,0.82,9.3,0.4,1.026501515,6.246765519
754,269,1993,24,2120,1.6,12.1,0.72,13.9,3.1,1.010491384,6.871329617
755,269,1993,25,1970,0.7,5.2,0.54,11.8,0.7,0.99466396,7.138871732
756,269,1993,26,820,1.8,5.3,0.62,8.2,1.7,0.979034617,8
757,269,1993,27,2440,2.2,5.6,0.65,4.1,0.3,0.96361697,6.652341881
758,269,1993,28,510,1.2,8,0.8,4.1,16.3,0.948422963,8
759,269,1993,29,850,-2.1,8,0.67,6.7,3.6,0.933462976,8
760,269,1993,30,2670,-2.6,2.1,0.5,4.1,0,0.91874592,6.602729409
761,269,1993,31,5130,-1.6,4.5,0.61,2.1,0,0.946811084,3.064384179
762,269,1993,32,7030,-3.8,1.2,0.47,3.6,0,0.931072261,0
763,269,1993,33,1040,-0.7,2.6,0.63,4.1,0,0.915652216,8
764,269,1993,34,1390,0.4,4,0.7,4.1,0,0.900553756,7.988360746
765,269,1993,35,1510,-0.8,2.5,0.64,3.6,0,0.885778571,7.923298012
766,269,1993,36,1110,0.9,4.4,0.72,4.6,0,0.871327341,8
767,269,1993,37,1210,3.1,6.9,0.83,4.6,0.9,0.85719983,8
768,269,1993,38,1740,3.3,6.2,0.81,1.5,0.3,0.843394985,7.811425707
769,269,1993,39,2510,3.3,6.3,0.83,2.1,0.1,0.829911023,7.210930645
770,269,1993,40,1440,2.4,5.4,0.81,5.1,0,0.85333105,8
771,269,1993,41,1770,1.7,2.8,0.72,3.6,0,0.839142804,7.878997031
772,269,1993,42,1330,0.1,2.6,0.63,3.1,0,0.825323301,8
773,269,1993,43,3530,-1.4,3,0.6,2.1,0,0.811866442,6.565123539
774,269,1993,44,2350,-2.3,0.7,0.58,2.1,0,0.798765772,7.574914008
775,269,1993,45,1830,-2.7,-0.7,0.54,3.1,0,0.786014544,7.955023349
776,269,1993,46,1830,-1.3,3.1,0.63,3.1,0.2,0.773605777,7.971186245
777,269,1993,47,3910,-0.5,8,0.77,3.6,2.4,0.7615323,6.467904384
778,269,1993,48,1990,2.6,7.4,0.82,6.7,2.2,0.781939357,7.907495632
779,269,1993,49,1960,0.6,7.2,0.78,5.1,1.4,0.769353344,7.952137375
780,269,1993,50,5980,1.2,7.2,0.64,10.8,2,0.757132289,4.862051847
781,269,1993,51,4690,2.2,6.8,0.72,8.2,5.2,0.745266351,6.116024931
782,269,1993,52,7370,0.4,5.5,0.63,10.8,4.9,0.733745772,3.710334422
783,269,1993,53,8970,-0.8,4.3,0.62,4.1,3.9,0.722560907,2.096992824
784,269,1993,54,10420,-3.2,3.4,0.47,3.1,0,0.711702241,0.694320318
785,269,1993,55,7150,-4.1,2.5,0.52,2.1,0,0.701160409,4.423947885
786,269,1993,56,3540,-0.8,3.9,0.62,3.6,0.1,0.719014813,7.255110475
787,269,1993,57,2510,1.6,3.9,0.71,4.6,5.1,0.708098779,7.852371297
788,269,1993,58,8780,-0.8,4.1,0.54,6.7,0.4,0.69751695,3.296631907
789,269,1993,59,7900,-1.9,3.5,0.6,4.1,3.6,0.687258526,4.232772329
790,269,1993,60,7940,-2.4,4.2,0.56,7.2,0,0.677313011,4.350758962
791,269,1993,61,9150,-1.2,3.5,0.54,10.8,0,0.667670217,3.431978227
792,269,1993,62,9570,-3.1,1.6,0.46,6.7,0,0.658320259,3.260187314
793,269,1993,63,3280,-2.4,2.6,0.53,2.6,0,0.674655005,7.652197645
794,269,1993,64,3590,-1.9,4.8,0.63,4.1,1.4,0.665007623,7.520829515
795,269,1993,65,4280,3.9,7.4,0.89,5.7,0.4,0.655663915,7.172570081
796,269,1993,66,5230,2.3,7.5,0.81,3.1,0.2,0.646613257,6.708417024
797,269,1993,67,12980,-0.5,8.2,0.65,4.6,0,0.63784541,0.843440526
798,269,1993,68,12740,-2.6,8,0.54,4.1,0,0.629350516,1.387637081
799,269,1993,69,9590,-0.2,10.6,0.74,4.1,0.7,0.621119081,4.081989099
800,269,1993,70,6770,0.4,11.4,0.87,2.6,0,0.636135538,6.040753394
801,269,1993,71,11490,1.8,15.8,0.87,2.6,0,0.627664742,2.799193679
802,269,1993,72,12010,1.5,16.8,0.81,3.1,0,0.619464079,2.568378884
803,269,1993,73,11100,0.2,16.8,0.85,3.1,0.1,0.611523746,3.41492179
804,269,1993,74,12330,4.8,17.9,0.99,3.6,0,0.60383434,2.536227366
805,269,1993,75,2780,5.6,11.3,1,6.2,1.4,0.596386844,8
806,269,1993,76,9280,7,12.8,1.07,8.7,3.1,0.589172609,4.935034125
807,269,1993,77,3550,4.4,12,0.9,7.2,0.3,0.582183338,7.845592509
808,269,1993,78,14740,0.9,9.6,0.72,5.1,0,0.595653732,1.462236772
809,269,1993,79,14150,0.3,11.1,0.74,4.1,0,0.588481908,2.078668703
810,269,1993,80,12850,0.3,15.9,0.83,3.6,0,0.581538755,3.115490505
811,269,1993,81,5700,6.1,14.2,1.1,5.7,2.8,0.574815938,7.094504977
812,269,1993,82,13000,2.7,9.2,0.72,6.7,0.1,0.568305479,3.333738282
813,269,1993,83,14930,0.2,9.3,0.67,5.1,0,0.561999743,2.189743793
814,269,1993,84,11720,3,8.2,0.68,8.2,0.2,0.555891418,4.362113331
815,269,1993,85,15060,-2.6,10.3,0.51,5.1,0,0.568472892,2.503641189
816,269,1993,86,14300,-5.3,8.1,0.48,2.6,0,0.562214124,3.142383042
817,269,1993,87,18420,-5.7,7.9,0.44,4.1,0,0.556155122,0.561175384
818,269,1993,88,18290,-5.1,8.3,0.43,3.6,0,0.550288652,0.842883816
819,269,1993,89,15910,-3.6,12.9,0.41,4.1,0,0.544607795,2.580187886
820,269,1993,90,4370,6,13.7,1.05,3.6,2.2,0.539105935,7.808320086
821,269,1993,91,5620,6.4,15.4,1.15,3.6,0.5,0.533776739,7.417364338
822,269,1993,92,4950,-0.7,8.6,0.72,3.6,0,0.545615504,7.69340417
823,269,1993,93,12530,-0.7,10.7,0.76,2.1,0,0.540161712,4.678360559
824,269,1993,94,6600,1.3,9.8,0.81,4.1,0.6,0.534882186,7.199514107
825,269,1993,95,7020,0.9,10.8,0.81,8.2,5.9,0.529770722,7.084831476
826,269,1993,96,5290,5.9,10.1,0.92,8.2,1.7,0.524821391,7.649401115
827,269,1993,97,4210,1.7,8.3,0.78,5.1,0,0.520028519,7.977134354
828,269,1993,98,11400,1.8,10.1,0.76,2.6,0,0.515386679,5.533203814
829,269,1993,99,14800,2,13.1,0.75,6.2,0.2,0.510890674,4.037186437
830,269,1993,100,17140,4.4,14,0.88,3.6,0,0.521867966,2.849910288
831,269,1993,101,8250,2.1,11.8,0.87,3.6,1.4,0.517275255,6.836545144
832,269,1993,102,7550,3.3,10.4,0.87,3.6,0,0.512829511,7.093734608
833,269,1993,103,12240,2.3,12.9,0.86,3.6,0,0.508525681,5.425519566
834,269,1993,104,16230,3.1,13.7,0.93,3.6,0,0.504358928,3.669988603
835,269,1993,105,15770,3.8,14.4,1.01,3.6,0,0.500324623,3.940345501
836,269,1993,106,17240,0.3,15.8,0.84,3.6,0,0.496418332,3.382272687
837,269,1993,107,3340,9.3,11.4,1.17,5.7,2,0.506936575,8
838,269,1993,108,4650,5.6,12.4,1.1,7.2,15.6,0.502951153,7.978050204
839,269,1993,109,3560,7.2,10.4,1.11,3.1,5.3,0.499094765,8
840,269,1993,110,20160,7.5,20.9,1.26,4.6,0,0.495363115,2.0606481
841,269,1993,111,14740,6.7,20.2,1.16,4.6,0,0.491752093,4.743686924
842,269,1993,112,9970,5.8,18,1.24,3.1,2,0.488257758,6.540632609
843,269,1993,113,17960,9.2,19.2,1.21,5.7,0.1,0.484876335,3.434751478
844,269,1993,114,17730,12.6,22.5,1.26,5.7,0,0.481604207,3.594261203
845,269,1993,115,18700,9.2,21.3,1.37,3.6,0,0.491594385,3.177322962
846,269,1993,116,19260,9.8,20.9,1.36,3.6,0,0.488263641,2.990533645
847,269,1993,117,23060,9,23.8,1.23,6.2,0,0.485043215,1.234634853
848,269,1993,118,22110,9.3,27.8,1.2,6.7,0,0.481929614,1.831334094
849,269,1993,119,20380,12.4,27.3,1.25,5.7,0,0.478919488,2.729258491
850,269,1993,120,21610,12.5,27.9,1.33,4.1,0,0.476009624,2.184065845
851,269,1993,121,18040,11.4,25,1.48,4.1,0,0.47319694,3.824879928
852,269,1993,122,2510,9.5,13.2,1.24,5.1,0.4,0.470478482,8
853,269,1993,123,16430,3.9,12.8,0.78,4.6,0,0.467851415,4.789673214
854,269,1993,124,25530,0.3,14.7,0.67,3.6,0,0.477343917,0.979621394
855,269,1993,125,20220,1.4,13.8,0.7,4.1,0,0.474680764,3.436369402
856,269,1993,126,22200,3.4,15.6,0.77,5.7,0,0.472110167,2.614780782
857,269,1993,127,7510,7.1,15.5,1.06,6.7,0,0.469629393,7.521792284
858,269,1993,128,21530,9.1,19.1,1.13,7.2,0,0.467235821,2.853360095
859,269,1993,129,22220,9.4,26,1.38,6.2,10.5,0.464926934,2.503774554
860,269,1993,130,21510,11.4,24.6,1.65,4.1,4.3,0.462700317,2.775757269
861,269,1993,131,24090,12.9,26.2,1.43,5.1,0,0.460553656,1.752419599
862,269,1993,132,24160,12.6,25.8,1.54,4.1,0,0.458484729,1.735316948
863,269,1993,133,4890,9.5,14.9,1.29,4.1,0.4,0.467698891,8
864,269,1993,134,6960,9.4,13.9,1.22,3.1,0,0.465614835,7.699556534
865,269,1993,135,13080,5,15.2,0.98,4.6,0.5,0.463609985,6.193360707
866,269,1993,136,22290,4.8,17.9,0.89,4.6,0,0.461682207,3.053212446
867,269,1993,137,25170,9.4,24.9,0.98,6.2,0,0.459829452,1.839357684
868,269,1993,138,12860,14.5,21.4,1.61,3.6,25.1,0.458049754,6.211192755
869,269,1993,139,18090,12.1,21.6,1.69,3.6,2.9,0.456341229,4.506728285
870,269,1993,140,14880,11.4,23,1.71,3.6,2.7,0.454702074,5.617569285
871,269,1993,141,9270,9,15,1.19,4.1,0,0.453130561,7.243243243
872,269,1993,142,27000,6.9,18.2,1.15,3.1,0,0.45162504,1.185462196
873,269,1993,143,26510,7.4,20.7,1.16,3.6,0,0.460717123,1.447809751
874,269,1993,144,25460,9.5,23.1,1.52,4.1,0,0.459220518,1.784456695
875,269,1993,145,21440,11.1,22.8,1.62,4.6,0,0.457791948,3.448632176
876,269,1993,146,21440,11.3,21.8,1.49,6.2,0,0.456429837,3.518912067
877,269,1993,147,2570,12.3,15.5,1.53,5.7,15.9,0.455132676,8
878,269,1993,148,5960,9.6,13.6,1.2,4.1,9.3,0.453899016,7.976519956
879,269,1993,149,25620,10.4,19,1.31,4.6,0,0.452727476,1.994960702
880,269,1993,150,21270,11.9,20.7,1.35,6.2,0,0.451616739,3.729132819
881,269,1993,151,16800,11.3,16.9,1.19,7.7,0.1,0.450565554,5.310611548
882,269,1993,152,13270,9.6,18,1.33,3.1,0,0.449572737,6.322158473
883,269,1993,153,14580,12.6,22.8,1.76,3.1,12.8,0.448637173,5.899341937
884,269,1993,154,7770,11.2,14.8,1.35,3.6,7.2,0.447757814,7.637227887
885,269,1993,155,24780,9.4,20.3,1.42,3.1,0,0.446933677,2.456408902
886,269,1993,156,20000,11.8,22.2,1.47,3.1,0,0.44616385,4.257184144
887,269,1993,157,25820,10.6,21,1.29,3.1,0,0.445447483,2.128723298
888,269,1993,158,23990,8.2,22.9,1.4,2.6,0,0.444783791,2.834700578
889,269,1993,159,26370,8.9,24.4,1.44,2.1,0,0.444172052,1.871858633
890,269,1993,160,28120,11.3,27.3,1.63,4.1,0,0.453381728,1.050698826
891,269,1993,161,20090,15,29.7,2,3.1,14.9,0.452829418,4.151572889
892,269,1993,162,20130,13.6,22.3,1.56,5.7,0,0.452332752,4.254206969
893,269,1993,163,8890,9.9,15.9,1.21,5.1,0,0.451890818,7.440841672
894,269,1993,164,11390,9.2,16.7,1.24,3.6,0.7,0.451502753,6.87783265
895,269,1993,165,6230,10.3,13.3,1.14,2.6,4.2,0.4511678,7.966856361
896,269,1993,166,26930,7.9,16.1,1.05,3.1,0,0.450885329,1.910258975
897,269,1993,167,3260,10,15.1,1.37,4.6,14.4,0.450654839,8
898,269,1993,168,26500,12.2,18.5,1.4,5.1,0,0.450475944,1.929279855
899,269,1993,169,7610,13,17.2,1.58,5.7,3,0.450348358,7.684190157
900,269,1993,170,12190,11.3,17.1,1.41,4.6,6.7,0.450271882,6.669792159
901,269,1993,171,26640,8.7,18,1.26,3.6,0,0.450246403,1.938318586
902,269,1993,172,19580,8.9,18.9,1.29,2.1,0,0.450271882,4.543329447
903,269,1993,173,21320,7.9,18.6,1.19,3.1,0,0.450348358,3.979385101
904,269,1993,174,12700,9.2,16.4,1.18,4.1,0.6,0.450475944,6.568848647
905,269,1993,175,25480,9.1,16.1,1.02,5.7,0,0.450654839,2.499797355
906,269,1993,176,11600,9.5,14.9,1.05,3.1,0,0.450885329,6.852214139
907,269,1993,177,10320,8.3,17.2,1.22,3.6,0.1,0.4511678,7.127849168
908,269,1993,178,25210,11.7,18.1,1.29,6.2,0.5,0.451502753,2.457680591
909,269,1993,179,19180,9.9,17.8,1.2,3.6,0.4,0.451890818,4.666165076
910,269,1993,180,28580,7.9,22.5,1.31,4.1,0,0.452332752,1.010861887
911,269,1993,181,29090,10.1,23.9,1.43,4.1,0,0.452829418,0.70315097
912,269,1993,182,25030,10.5,23.1,1.63,4.1,0,0.453381728,2.338780238
913,269,1993,183,27670,9.9,20.5,1.43,4.1,0,0.444172052,1.289514378
914,269,1993,184,22770,9.6,22.4,1.49,4.1,0,0.444783791,3.246807127
915,269,1993,185,27760,14.2,24.5,1.8,3.6,0,0.445447483,1.034491321
916,269,1993,186,7750,11.5,16.6,1.36,4.1,28.5,0.44616385,7.642031949
917,269,1993,187,15360,11.1,17.6,1.24,5.1,2.6,0.446933677,5.763359962
918,269,1993,188,16640,10.4,16.7,1.15,5.7,0,0.447757814,5.387904665
919,269,1993,189,15840,7.8,21.4,1.31,4.1,0,0.448637173,5.584018674
920,269,1993,190,13460,12.2,20.3,1.53,6.2,0.1,0.449572737,6.225204397
921,269,1993,191,21400,8.9,17,1.13,4.6,0.7,0.450565554,3.742169274
922,269,1993,192,16740,6.4,16.8,1.12,3.1,0.3,0.451616739,5.30645999
923,269,1993,193,17040,5,16.9,1.13,3.6,0.9,0.452727476,5.19283477
924,269,1993,194,18700,8.5,18.2,1.16,3.1,0,0.453899016,4.619573301
925,269,1993,195,6390,11.9,18.1,1.67,4.1,21.4,0.455132676,7.861845884
926,269,1993,196,8740,12.2,18.4,1.58,2.1,6.5,0.456429837,7.361085462
927,269,1993,197,12180,15.2,21.4,1.91,4.1,5.5,0.457791948,6.450487669
928,269,1993,198,14120,13.2,19.8,1.63,4.6,0,0.459220518,5.911338081
929,269,1993,199,21470,11.4,19.6,1.39,3.1,0,0.460717123,3.395943983
930,269,1993,200,8960,13.2,18,1.61,3.1,1.2,0.45162504,7.274857806
931,269,1993,201,12400,12.7,19,1.6,5.1,4.5,0.453130561,6.369381155
932,269,1993,202,16800,12.2,18.2,1.42,5.1,0.9,0.454702074,5.007890356
933,269,1993,203,17130,8.9,19,1.37,3.6,0,0.456341229,4.879486738
934,269,1993,204,10550,11.8,20.5,1.62,5.1,0.1,0.458049754,6.830950456
935,269,1993,205,13970,15.5,22.4,1.97,4.6,16.3,0.459829452,5.77027502
936,269,1993,206,18080,12.2,18.3,1.51,5.1,12,0.461682207,4.410935682
937,269,1993,207,19020,10.8,17.9,1.34,5.7,18.2,0.463609985,4.067576795
938,269,1993,208,4150,10.6,17.3,1.59,5.7,14.2,0.465614835,8
939,269,1993,209,12490,13.2,19.9,1.71,4.1,0.2,0.467698891,6.181674057
940,269,1993,210,6790,15,21,1.96,4.1,2.8,0.458484729,7.665231596
941,269,1993,211,3610,15.3,18.2,1.91,2.6,20.9,0.460553656,8
942,269,1993,212,16960,12,18.9,1.55,4.1,1.1,0.462700317,4.598459235
943,269,1993,213,13750,12.1,19.8,1.63,3.1,0,0.464926934,5.69112254
944,269,1993,214,19020,13.7,23,1.65,2.6,0,0.467235821,3.662734714
945,269,1993,215,14810,11.3,20.5,1.55,4.1,1.6,0.469629393,5.276929033
946,269,1993,216,14400,13.1,19.8,1.63,3.1,0,0.472110167,5.372905501
947,269,1993,217,11910,14,20.7,1.7,5.7,3.8,0.474680764,6.174234226
948,269,1993,218,14380,8.3,17.7,1.3,7.2,1.6,0.477343917,5.377114807
949,269,1993,219,14600,9.2,21.2,1.54,3.1,0,0.467851415,5.208694668
950,269,1993,220,15560,9.5,21.1,1.58,3.1,0,0.470478482,4.793556617
951,269,1993,221,5240,10.1,18.7,1.59,5.1,3,0.47319694,7.933046381
952,269,1993,222,17370,8.1,16.8,1.2,5.7,2.7,0.476009624,4.064106796
953,269,1993,223,6990,7.4,17.7,1.35,6.2,2.3,0.478919488,7.507915715
954,269,1993,224,6190,11,18.6,1.62,6.2,7.8,0.481929614,7.677563398
955,269,1993,225,20700,8.4,18,1.24,3.6,0,0.485043215,2.318099954
956,269,1993,226,17170,8.4,23.2,1.54,2.6,0.1,0.488263641,3.804786028
957,269,1993,227,10300,11.3,22.4,1.84,3.1,7.7,0.491594385,6.404171868
958,269,1993,228,11420,11.7,20.2,1.69,4.1,0,0.481604207,6.002418689
959,269,1993,229,21700,8,19.3,1.3,2.6,0,0.484876335,1.391461549
960,269,1993,230,20030,8.1,20.4,1.32,2.6,0,0.488257758,2.176366423
961,269,1993,231,20330,6.9,20.9,1.29,1.5,0,0.491752093,1.93259409
962,269,1993,232,5610,12.1,18.8,1.69,3.1,0.5,0.495363115,7.716602515
963,269,1993,233,11790,12.7,19.6,1.67,2.6,0,0.499094765,5.666715068
964,269,1993,234,3400,9.1,13.5,1.3,3.6,17.4,0.502951153,8
965,269,1993,235,13860,7,16.6,1.25,3.1,0.9,0.506936575,4.792308621
966,269,1993,236,12720,7.8,16.4,1.27,3.6,2.7,0.496418332,5.220973355
967,269,1993,237,12050,10.3,16.1,1.38,3.1,3,0.500324623,5.424182561
968,269,1993,238,14950,7.4,17.8,1.31,2.6,0.3,0.504358928,4.066232046
969,269,1993,239,10120,6.2,15.4,1.19,3.6,0.7,0.508525681,6.140887387
970,269,1993,240,13670,5.5,17.5,1.21,2.6,0,0.512829511,4.564123192
971,269,1993,241,14470,4.2,18.4,1.19,2.6,0,0.517275255,4.107334363
972,269,1993,242,7090,10.9,16.5,1.43,5.1,2.5,0.521867966,7.099204345
973,269,1993,243,11680,9.7,17.7,1.4,5.1,0.1,0.510890674,5.244787572
974,269,1993,244,8420,9.7,18,1.5,1.5,1.5,0.515386679,6.549046201
975,269,1993,245,4430,10.2,16.2,1.49,3.1,0.7,0.520028519,7.861586231
976,269,1993,246,8670,11.9,15.4,1.47,6.2,14.4,0.524821391,6.374651145
977,269,1993,247,11120,10.3,16.1,1.37,4.6,1.1,0.529770722,5.260630334
978,269,1993,248,17120,5.9,16.8,1.13,3.1,1,0.534882186,1.889677366
979,269,1993,249,17450,3.8,17.9,1.09,1.5,0,0.540161712,1.555234408
980,269,1993,250,17320,6.5,19,1.28,4.1,0,0.545615504,1.391841871
981,269,1993,251,4270,10.1,18.8,1.65,2.6,16.8,0.533776739,7.804643773
982,269,1993,252,6890,12.2,19.6,1.77,3.1,15.8,0.539105935,6.823564441
983,269,1993,253,7090,12,18.2,1.67,4.6,6,0.544607795,6.713123431
984,269,1993,254,13100,6.9,17.8,1.34,3.1,0,0.550288652,3.597323149
985,269,1993,255,16470,5.3,18.6,1.23,3.1,2.5,0.556155122,1.227300799
986,269,1993,256,1310,10.8,13.3,1.41,6.2,21.7,0.562214124,8
987,269,1993,257,3640,10.2,14.4,1.43,3.6,5.8,0.568472892,7.914810688
988,269,1993,258,7230,11.8,16.1,1.53,3.6,7.3,0.555891418,6.448973313
989,269,1993,259,3680,9.6,14.7,1.42,3.1,8.4,0.561999743,7.867015395
990,269,1993,260,6500,4.3,12.8,1.06,1.5,0.7,0.568305479,6.758069183
991,269,1993,261,14350,2.4,15.4,1,1.5,0,0.574815938,1.955015102
992,269,1993,262,15760,4,18.1,1.19,3.6,0,0.581538755,0.525059946
993,269,1993,263,12330,7.8,22.8,1.58,3.1,0,0.588481908,2.911252909
994,269,1993,264,7450,9.8,18.4,1.51,4.1,0.3,0.595653732,6.00510864
995,269,1993,265,4150,9.6,17.3,1.54,2.1,2,0.582183338,7.549092688
996,269,1993,266,5660,11,16.3,1.52,2.1,0,0.589172609,6.831345385
997,269,1993,267,8410,9.6,15.3,1.37,3.6,0,0.596386844,5.242946095
998,269,1993,268,1060,11.1,12.8,1.38,7.2,37.8,0.60383434,8
999,269,1993,269,3220,10.5,12.8,1.34,7.2,7.9,0.6115237,7.84351
1000,269,1993,270,2360,10.4,13.1,1.38,4.1,7.1,0.6194641,8
1001,269,1993,271,6240,7.6,14.6,1.26,5.1,0,0.6276647,6.292894
1002,269,1993,272,11600,5.1,16.3,1.2,3.1,0,0.6361355,2.240679
1003,269,1993,273,4470,8.8,14.2,1.3,4.1,0,0.6211191,7.159313
1004,269,1993,274,4280,10.9,14.8,1.36,7.2,0,0.6293505,7.211546
1005,269,1993,275,7490,10.5,15.8,1.35,4.6,0,0.6378454,5.142721
1006,269,1993,276,1430,11.6,13.5,1.41,8.2,0,0.6466133,8
1007,269,1993,277,5490,10.5,16.5,1.44,5.7,0,0.6556639,6.347492
1008,269,1993,278,6610,9.8,17.6,1.51,4.1,2.4,0.6650076,5.478099
1009,269,1993,279,7090,11.8,16.7,1.51,4.6,0,0.674655,5.008968
1010,269,1993,280,7660,7.9,15.7,1.27,5.1,0,0.6583203,4.485725
1011,269,1993,281,7730,9.1,15.9,1.39,2.6,0,0.6676702,4.259639
1012,269,1993,282,5090,9,13.9,1.29,5.1,0,0.677313,6.311697
1013,269,1993,283,8090,8.1,15.1,1.28,4.1,0,0.6872585,3.675399
1014,269,1993,284,6210,9.9,17.5,1.51,4.1,0.5,0.6975169,5.219748
1015,269,1993,285,4100,11.8,17.5,1.6,7.2,6.9,0.7080988,6.780644
1016,269,1993,286,5750,11.4,16.1,1.46,5.7,0.4,0.7190148,5.430991
1017,269,1993,287,1820,5.4,11.5,1.05,4.6,16,0.7011604,8
1018,269,1993,288,7480,1.9,11.1,0.9,2.6,0.1,0.7117022,3.684832
1019,269,1993,289,5070,0.9,8.7,0.81,2.1,0.4,0.7225609,5.892895
1020,269,1993,290,9740,0.4,11.3,0.83,2.6,0.6,0.7337458,0.5722844
1021,269,1993,291,10600,-0.9,8.2,0.7,4.1,0,0.7452664,0
1022,269,1993,292,9570,-1.7,7.9,0.71,2.6,0,0.7571323,0.3661429
1023,269,1993,293,5060,-2,9,0.75,2.6,3.9,0.7693533,5.550696
1024,269,1993,294,7160,2.6,10.3,0.94,3.1,4.5,0.7819394,3.004947
1025,269,1993,295,3740,4.3,9.6,0.92,5.7,0,0.7615323,6.548716
1026,269,1993,296,5380,3.9,8.7,0.86,7.2,0,0.7736058,4.852803
1027,269,1993,297,8100,5.6,8.8,0.89,5.1,0,0.7860145,1.053393
1028,269,1993,298,2290,7.4,10.2,1.04,4.1,0,0.7987658,7.551987
1029,269,1993,299,5010,7.8,12.5,1.22,3.6,0.1,0.8118664,4.786158
1030,269,1993,300,2410,8.2,10.3,1.16,2.6,0.5,0.8253233,7.36946
1031,269,1993,301,2530,3.9,9.1,0.92,3.1,0,0.8391428,7.252522
1032,269,1993,302,6650,1.9,9.3,0.89,5.1,0,0.853331,2.119658
1033,269,1993,303,2460,1.8,5.4,0.79,4.6,0,0.829911,7.239345
1034,269,1993,304,1340,1.6,3.6,0.74,3.6,0,0.843395,8
1035,269,1993,305,690,1.8,2.7,0.72,2.6,0,0.8571998,8
1036,269,1993,306,1980,1.3,4.1,0.73,3.6,0,0.8713273,7.543787
1037,269,1993,307,3510,2.5,7.4,0.86,4.1,0,0.8857786,5.851137
1038,269,1993,308,5380,2.6,13.6,1.04,2.6,0,0.9005538,2.878093
1039,269,1993,309,4630,1.7,7.1,0.83,5.7,0,0.9156522,4.046867
1040,269,1993,310,1190,4.7,6.7,0.9,6.2,0,0.9310723,8
1041,269,1993,311,1180,4.5,6,0.89,4.1,6.5,0.9468111,8
1042,269,1993,312,1470,5.4,7.7,0.96,2.6,0.2,0.9187459,7.78642
1043,269,1993,313,2490,3.6,9.9,0.98,3.1,0,0.933463,6.627746
1044,269,1993,314,880,6.5,8.6,1.03,7.2,9.9,0.948423,8
1045,269,1993,315,4140,4.9,10.1,1,5.1,4.3,0.963617,3.87542
1046,269,1993,316,3910,3,9.2,0.92,4.1,0.6,0.9790346,4.180826
1047,269,1993,317,1690,4.1,8.4,0.93,6.7,0.9,0.994664,7.394353
1048,269,1993,318,780,5.7,10.8,1.06,10.3,17.5,1.010491,8
1049,269,1993,319,2260,3.2,8.3,0.85,5.1,0,1.026502,6.577093
1050,269,1993,320,4410,-0.3,4.7,0.65,2.6,0,1.042677,2.670024
1051,269,1993,321,4780,-1,4.5,0.64,3.6,0,1.058999,1.62331
1052,269,1993,322,4610,-2.3,1.7,0.57,3.6,0,1.024323,1.874281
1053,269,1993,323,6110,-3.5,1.9,0.5,3.6,0,1.039163,0
1054,269,1993,324,1950,-3.8,2,0.49,4.6,0,1.054044,6.811371
1055,269,1993,325,1770,-5.7,-1.7,0.38,6.7,0,1.06894,7.045477
1056,269,1993,326,3300,-7.9,-2.8,0.36,2.1,0,1.083824,4.326333
1057,269,1993,327,1030,-8.3,-0.1,0.4,3.6,0,1.098668,7.9219
1058,269,1993,328,4620,-5.2,0.5,0.43,3.1,0,1.113442,0.7071683
1059,269,1993,329,3540,-4.1,2.7,0.51,2.1,0,1.128114,3.30194
1060,269,1993,330,1150,-4.8,0.9,0.51,2.6,0,1.142652,7.697234
1061,269,1993,331,560,-3.8,-2.2,0.45,5.1,0,1.157019,8
1062,269,1993,332,2090,-3.3,-0.4,0.47,4.1,0,1.17118,6.148598
1063,269,1993,333,4630,-4.5,1.5,0.45,4.1,0,1.185096,0
1064,269,1993,334,1460,-5.2,-0.7,0.39,4.1,0.7,1.198729,7.160687
1065,269,1993,335,850,-2.3,1.9,0.57,3.6,0.2,1.152804,7.985077
1066,269,1993,336,1790,1.8,10.4,0.89,6.7,0.5,1.164385,6.403469
1067,269,1993,337,1260,7.9,9.7,1.01,7.2,0,1.175584,7.30203
1068,269,1993,338,380,2.3,10.9,0.85,8.2,2.1,1.186362,8
1069,269,1993,339,2380,1.5,8.3,0.8,5.1,0,1.196684,4.99118
1070,269,1993,340,1030,5.6,7.8,0.91,5.1,0,1.206514,7.622116
1071,269,1993,341,350,3.2,6.7,0.73,7.7,9.9,1.215816,8
1072,269,1993,342,610,1.9,10.7,0.84,7.7,14.7,1.224556,8
1073,269,1993,343,370,6.1,9.4,0.82,11.8,8.8,1.232701,8
1074,269,1993,344,640,4.2,8.3,0.8,6.7,1.7,1.240217,8
1075,269,1993,345,2280,1.9,6,0.67,5.7,0.7,1.247076,4.991776
1076,269,1993,346,2060,1,4.9,0.7,4.1,7.5,1.253249,5.488122
1077,269,1993,347,890,2.1,9.4,0.85,6.2,14.5,1.258711,7.767085
1078,269,1993,348,3420,-0.8,3.8,0.54,5.1,0.5,1.263437,1.58007
1079,269,1993,349,410,0.4,3.7,0.63,8.7,4.5,1.267408,8
1080,269,1993,350,1850,3.6,7,0.76,8.7,3.9,1.270606,5.886171
1081,269,1993,351,2800,2.3,6.4,0.71,4.6,0.3,1.273017,3.350747
1082,269,1993,352,450,5,11.6,1.02,7.7,1.1,1.274631,8
1083,269,1993,353,300,6.7,13.2,1.04,12.3,10.7,1.275439,8
1084,269,1993,354,510,2.5,6.8,0.76,4.1,6,1.275439,8
1085,269,1993,355,1550,0.4,4.1,0.65,4.6,7.5,1.274631,6.560522
1086,269,1993,356,520,0.9,6.5,0.7,7.7,12.7,1.273017,8
1087,269,1993,357,1580,2.5,5.7,0.72,6.2,4.9,1.270606,6.495437
1088,269,1993,358,710,2.4,4.6,0.74,4.1,3.1,1.267408,8
1089,269,1993,359,3160,-1.4,2.6,0.56,2.6,0,1.263437,2.429046
1090,269,1993,360,790,0.8,3.2,0.64,5.7,1.8,1.258711,7.938807
1091,269,1993,361,580,0.4,3.3,0.65,1.5,1.5,1.253249,8
1092,269,1993,362,1260,-0.3,3.2,0.63,3.6,0,1.247076,7.198483
1093,269,1993,363,520,1.9,7.5,0.81,6.7,5.9,1.240217,8
1094,269,1993,364,610,3.6,8.1,0.86,5.1,14.7,1.232701,8
1095,269,1993,365,1730,2.4,7.7,0.81,5.1,4.4,1.224556,6.326266
1096,269,1993,1,2920,-9,-2.3,0.4,2.1,0,1.215816331,3.69551925
1097,269,1993,2,4790,-9.6,-0.1,0.38,3.1,0,1.206514198,0
1098,269,1993,3,4140,-11.5,-5.8,0.29,3.6,0,1.196684368,0.350821408
1099,269,1993,4,1900,-11,-2.9,0.31,4.1,0,1.186362249,6.277847396
1100,269,1993,5,640,-2.9,4.3,0.59,7.7,8.7,1.175583845,8
1101,269,1993,6,450,4.2,7.9,0.94,5.7,13.1,1.16438549,8
1102,269,1993,7,1940,-1.1,8.7,0.8,4.1,0.6,1.1528036,6.192536975
1103,269,1993,8,3070,0.3,9.3,0.76,6.2,2.9,1.198729095,3.731228325
1104,269,1993,9,520,0.5,10.4,0.82,8.2,4.3,1.185096232,8
1105,269,1993,10,440,6.9,11.9,1.05,10.8,7.4,1.171179838,8
1106,269,1993,11,940,6,11.3,0.92,9.8,10.8,1.157019081,7.91433744
1107,269,1993,12,3380,2.7,7.2,0.67,9.3,2.4,1.142651813,3.493665531
1108,269,1993,13,1600,3.7,14.3,0.95,10.3,2.6,1.128114477,7.037743434
1109,269,1993,14,3460,1.4,7.6,0.67,7.2,0,1.113442018,3.572935703
1110,269,1993,15,1650,2.7,11.9,0.85,10.3,0.1,1.098667816,7.060411607
1111,269,1993,16,1060,8.8,13.2,1.08,9.3,0,1.083823623,7.858125
1112,269,1993,17,2090,4.9,11.2,0.84,8.7,0.3,1.068939515,6.484782272
1113,269,1993,18,3860,2.7,7.1,0.73,5.1,0,1.054043855,3.204174831
1114,269,1993,19,1100,3.3,7.8,0.77,7.7,1.1,1.039163266,7.901741014
1115,269,1993,20,420,7.8,10.8,1.08,10.8,12.4,1.024322628,8
1116,269,1993,21,3100,6.5,11.9,0.98,9.3,4.6,1.058999006,5.047625673
1117,269,1993,22,640,5.7,12.3,0.92,11.3,5,1.042677117,8
1118,269,1993,23,2510,5.2,11,0.82,9.3,0.4,1.026501515,6.246765519
1119,269,1993,24,2120,1.6,12.1,0.72,13.9,3.1,1.010491384,6.871329617
1120,269,1993,25,1970,0.7,5.2,0.54,11.8,0.7,0.99466396,7.138871732
1121,269,1993,26,820,1.8,5.3,0.62,8.2,1.7,0.979034617,8
1122,269,1993,27,2440,2.2,5.6,0.65,4.1,0.3,0.96361697,6.652341881
1123,269,1993,28,510,1.2,8,0.8,4.1,16.3,0.948422963,8
1124,269,1993,29,850,-2.1,8,0.67,6.7,3.6,0.933462976,8
1125,269,1993,30,2670,-2.6,2.1,0.5,4.1,0,0.91874592,6.602729409
1126,269,1993,31,5130,-1.6,4.5,0.61,2.1,0,0.946811084,3.064384179
1127,269,1993,32,7030,-3.8,1.2,0.47,3.6,0,0.931072261,0
1128,269,1993,33,1040,-0.7,2.6,0.63,4.1,0,0.915652216,8
1129,269,1993,34,1390,0.4,4,0.7,4.1,0,0.900553756,7.988360746
1130,269,1993,35,1510,-0.8,2.5,0.64,3.6,0,0.885778571,7.923298012
1131,269,1993,36,1110,0.9,4.4,0.72,4.6,0,0.871327341,8
1132,269,1993,37,1210,3.1,6.9,0.83,4.6,0.9,0.85719983,8
1133,269,1993,38,1740,3.3,6.2,0.81,1.5,0.3,0.843394985,7.811425707
1134,269,1993,39,2510,3.3,6.3,0.83,2.1,0.1,0.829911023,7.210930645
1135,269,1993,40,1440,2.4,5.4,0.81,5.1,0,0.85333105,8
1136,269,1993,41,1770,1.7,2.8,0.72,3.6,0,0.839142804,7.878997031
1137,269,1993,42,1330,0.1,2.6,0.63,3.1,0,0.825323301,8
1138,269,1993,43,3530,-1.4,3,0.6,2.1,0,0.811866442,6.565123539
1139,269,1993,44,2350,-2.3,0.7,0.58,2.1,0,0.798765772,7.574914008
1140,269,1993,45,1830,-2.7,-0.7,0.54,3.1,0,0.786014544,7.955023349
1141,269,1993,46,1830,-1.3,3.1,0.63,3.1,0.2,0.773605777,7.971186245
1142,269,1993,47,3910,-0.5,8,0.77,3.6,2.4,0.7615323,6.467904384
1143,269,1993,48,1990,2.6,7.4,0.82,6.7,2.2,0.781939357,7.907495632
1144,269,1993,49,1960,0.6,7.2,0.78,5.1,1.4,0.769353344,7.952137375
1145,269,1993,50,5980,1.2,7.2,0.64,10.8,2,0.757132289,4.862051847
1146,269,1993,51,4690,2.2,6.8,0.72,8.2,5.2,0.745266351,6.116024931
1147,269,1993,52,7370,0.4,5.5,0.63,10.8,4.9,0.733745772,3.710334422
1148,269,1993,53,8970,-0.8,4.3,0.62,4.1,3.9,0.722560907,2.096992824
1149,269,1993,54,10420,-3.2,3.4,0.47,3.1,0,0.711702241,0.694320318
1150,269,1993,55,7150,-4.1,2.5,0.52,2.1,0,0.701160409,4.423947885
1151,269,1993,56,3540,-0.8,3.9,0.62,3.6,0.1,0.719014813,7.255110475
1152,269,1993,57,2510,1.6,3.9,0.71,4.6,5.1,0.708098779,7.852371297
1153,269,1993,58,8780,-0.8,4.1,0.54,6.7,0.4,0.69751695,3.296631907
1154,269,1993,59,7900,-1.9,3.5,0.6,4.1,3.6,0.687258526,4.232772329
1155,269,1993,60,7940,-2.4,4.2,0.56,7.2,0,0.677313011,4.350758962
1156,269,1993,61,9150,-1.2,3.5,0.54,10.8,0,0.667670217,3.431978227
1157,269,1993,62,9570,-3.1,1.6,0.46,6.7,0,0.658320259,3.260187314
1158,269,1993,63,3280,-2.4,2.6,0.53,2.6,0,0.674655005,7.652197645
1159,269,1993,64,3590,-1.9,4.8,0.63,4.1,1.4,0.665007623,7.520829515
1160,269,1993,65,4280,3.9,7.4,0.89,5.7,0.4,0.655663915,7.172570081
1161,269,1993,66,5230,2.3,7.5,0.81,3.1,0.2,0.646613257,6.708417024
1162,269,1993,67,12980,-0.5,8.2,0.65,4.6,0,0.63784541,0.843440526
1163,269,1993,68,12740,-2.6,8,0.54,4.1,0,0.629350516,1.387637081
1164,269,1993,69,9590,-0.2,10.6,0.74,4.1,0.7,0.621119081,4.081989099
1165,269,1993,70,6770,0.4,11.4,0.87,2.6,0,0.636135538,6.040753394
1166,269,1993,71,11490,1.8,15.8,0.87,2.6,0,0.627664742,2.799193679
1167,269,1993,72,12010,1.5,16.8,0.81,3.1,0,0.619464079,2.568378884
1168,269,1993,73,11100,0.2,16.8,0.85,3.1,0.1,0.611523746,3.41492179
1169,269,1993,74,12330,4.8,17.9,0.99,3.6,0,0.60383434,2.536227366
1170,269,1993,75,2780,5.6,11.3,1,6.2,1.4,0.596386844,8
1171,269,1993,76,9280,7,12.8,1.07,8.7,3.1,0.589172609,4.935034125
1172,269,1993,77,3550,4.4,12,0.9,7.2,0.3,0.582183338,7.845592509
1173,269,1993,78,14740,0.9,9.6,0.72,5.1,0,0.595653732,1.462236772
1174,269,1993,79,14150,0.3,11.1,0.74,4.1,0,0.588481908,2.078668703
1175,269,1993,80,12850,0.3,15.9,0.83,3.6,0,0.581538755,3.115490505
1176,269,1993,81,5700,6.1,14.2,1.1,5.7,2.8,0.574815938,7.094504977
1177,269,1993,82,13000,2.7,9.2,0.72,6.7,0.1,0.568305479,3.333738282
1178,269,1993,83,14930,0.2,9.3,0.67,5.1,0,0.561999743,2.189743793
1179,269,1993,84,11720,3,8.2,0.68,8.2,0.2,0.555891418,4.362113331
1180,269,1993,85,15060,-2.6,10.3,0.51,5.1,0,0.568472892,2.503641189
1181,269,1993,86,14300,-5.3,8.1,0.48,2.6,0,0.562214124,3.142383042
1182,269,1993,87,18420,-5.7,7.9,0.44,4.1,0,0.556155122,0.561175384
1183,269,1993,88,18290,-5.1,8.3,0.43,3.6,0,0.550288652,0.842883816
1184,269,1993,89,15910,-3.6,12.9,0.41,4.1,0,0.544607795,2.580187886
1185,269,1993,90,4370,6,13.7,1.05,3.6,2.2,0.539105935,7.808320086
1186,269,1993,91,5620,6.4,15.4,1.15,3.6,0.5,0.533776739,7.417364338
1187,269,1993,92,4950,-0.7,8.6,0.72,3.6,0,0.545615504,7.69340417
1188,269,1993,93,12530,-0.7,10.7,0.76,2.1,0,0.540161712,4.678360559
1189,269,1993,94,6600,1.3,9.8,0.81,4.1,0.6,0.534882186,7.199514107
1190,269,1993,95,7020,0.9,10.8,0.81,8.2,5.9,0.529770722,7.084831476
1191,269,1993,96,5290,5.9,10.1,0.92,8.2,1.7,0.524821391,7.649401115
1192,269,1993,97,4210,1.7,8.3,0.78,5.1,0,0.520028519,7.977134354
1193,269,1993,98,11400,1.8,10.1,0.76,2.6,0,0.515386679,5.533203814
1194,269,1993,99,14800,2,13.1,0.75,6.2,0.2,0.510890674,4.037186437
1195,269,1993,100,17140,4.4,14,0.88,3.6,0,0.521867966,2.849910288
1196,269,1993,101,8250,2.1,11.8,0.87,3.6,1.4,0.517275255,6.836545144
1197,269,1993,102,7550,3.3,10.4,0.87,3.6,0,0.512829511,7.093734608
1198,269,1993,103,12240,2.3,12.9,0.86,3.6,0,0.508525681,5.425519566
1199,269,1993,104,16230,3.1,13.7,0.93,3.6,0,0.504358928,3.669988603
1200,269,1993,105,15770,3.8,14.4,1.01,3.6,0,0.500324623,3.940345501
1201,269,1993,106,17240,0.3,15.8,0.84,3.6,0,0.496418332,3.382272687
1202,269,1993,107,3340,9.3,11.4,1.17,5.7,2,0.506936575,8
1203,269,1993,108,4650,5.6,12.4,1.1,7.2,15.6,0.502951153,7.978050204
1204,269,1993,109,3560,7.2,10.4,1.11,3.1,5.3,0.499094765,8
1205,269,1993,110,20160,7.5,20.9,1.26,4.6,0,0.495363115,2.0606481
1206,269,1993,111,14740,6.7,20.2,1.16,4.6,0,0.491752093,4.743686924
1207,269,1993,112,9970,5.8,18,1.24,3.1,2,0.488257758,6.540632609
1208,269,1993,113,17960,9.2,19.2,1.21,5.7,0.1,0.484876335,3.434751478
1209,269,1993,114,17730,12.6,22.5,1.26,5.7,0,0.481604207,3.594261203
1210,269,1993,115,18700,9.2,21.3,1.37,3.6,0,0.491594385,3.177322962
1211,269,1993,116,19260,9.8,20.9,1.36,3.6,0,0.488263641,2.990533645
1212,269,1993,117,23060,9,23.8,1.23,6.2,0,0.485043215,1.234634853
1213,269,1993,118,22110,9.3,27.8,1.2,6.7,0,0.481929614,1.831334094
1214,269,1993,119,20380,12.4,27.3,1.25,5.7,0,0.478919488,2.729258491
1215,269,1993,120,21610,12.5,27.9,1.33,4.1,0,0.476009624,2.184065845
1216,269,1993,121,18040,11.4,25,1.48,4.1,0,0.47319694,3.824879928
1217,269,1993,122,2510,9.5,13.2,1.24,5.1,0.4,0.470478482,8
1218,269,1993,123,16430,3.9,12.8,0.78,4.6,0,0.467851415,4.789673214
1219,269,1993,124,25530,0.3,14.7,0.67,3.6,0,0.477343917,0.979621394
1220,269,1993,125,20220,1.4,13.8,0.7,4.1,0,0.474680764,3.436369402
1221,269,1993,126,22200,3.4,15.6,0.77,5.7,0,0.472110167,2.614780782
1222,269,1993,127,7510,7.1,15.5,1.06,6.7,0,0.469629393,7.521792284
1223,269,1993,128,21530,9.1,19.1,1.13,7.2,0,0.467235821,2.853360095
1224,269,1993,129,22220,9.4,26,1.38,6.2,10.5,0.464926934,2.503774554
1225,269,1993,130,21510,11.4,24.6,1.65,4.1,4.3,0.462700317,2.775757269
1226,269,1993,131,24090,12.9,26.2,1.43,5.1,0,0.460553656,1.752419599
1227,269,1993,132,24160,12.6,25.8,1.54,4.1,0,0.458484729,1.735316948
1228,269,1993,133,4890,9.5,14.9,1.29,4.1,0.4,0.467698891,8
1229,269,1993,134,6960,9.4,13.9,1.22,3.1,0,0.465614835,7.699556534
1230,269,1993,135,13080,5,15.2,0.98,4.6,0.5,0.463609985,6.193360707
1231,269,1993,136,22290,4.8,17.9,0.89,4.6,0,0.461682207,3.053212446
1232,269,1993,137,25170,9.4,24.9,0.98,6.2,0,0.459829452,1.839357684
1233,269,1993,138,12860,14.5,21.4,1.61,3.6,25.1,0.458049754,6.211192755
1234,269,1993,139,18090,12.1,21.6,1.69,3.6,2.9,0.456341229,4.506728285
1235,269,1993,140,14880,11.4,23,1.71,3.6,2.7,0.454702074,5.617569285
1236,269,1993,141,9270,9,15,1.19,4.1,0,0.453130561,7.243243243
1237,269,1993,142,27000,6.9,18.2,1.15,3.1,0,0.45162504,1.185462196
1238,269,1993,143,26510,7.4,20.7,1.16,3.6,0,0.460717123,1.447809751
1239,269,1993,144,25460,9.5,23.1,1.52,4.1,0,0.459220518,1.784456695
1240,269,1993,145,21440,11.1,22.8,1.62,4.6,0,0.457791948,3.448632176
1241,269,1993,146,21440,11.3,21.8,1.49,6.2,0,0.456429837,3.518912067
1242,269,1993,147,2570,12.3,15.5,1.53,5.7,15.9,0.455132676,8
1243,269,1993,148,5960,9.6,13.6,1.2,4.1,9.3,0.453899016,7.976519956
1244,269,1993,149,25620,10.4,19,1.31,4.6,0,0.452727476,1.994960702
1245,269,1993,150,21270,11.9,20.7,1.35,6.2,0,0.451616739,3.729132819
1246,269,1993,151,16800,11.3,16.9,1.19,7.7,0.1,0.450565554,5.310611548
1247,269,1993,152,13270,9.6,18,1.33,3.1,0,0.449572737,6.322158473
1248,269,1993,153,14580,12.6,22.8,1.76,3.1,12.8,0.448637173,5.899341937
1249,269,1993,154,7770,11.2,14.8,1.35,3.6,7.2,0.447757814,7.637227887
1250,269,1993,155,24780,9.4,20.3,1.42,3.1,0,0.446933677,2.456408902
1251,269,1993,156,20000,11.8,22.2,1.47,3.1,0,0.44616385,4.257184144
1252,269,1993,157,25820,10.6,21,1.29,3.1,0,0.445447483,2.128723298
1253,269,1993,158,23990,8.2,22.9,1.4,2.6,0,0.444783791,2.834700578
1254,269,1993,159,26370,8.9,24.4,1.44,2.1,0,0.444172052,1.871858633
1255,269,1993,160,28120,11.3,27.3,1.63,4.1,0,0.453381728,1.050698826
1256,269,1993,161,20090,15,29.7,2,3.1,14.9,0.452829418,4.151572889
1257,269,1993,162,20130,13.6,22.3,1.56,5.7,0,0.452332752,4.254206969
1258,269,1993,163,8890,9.9,15.9,1.21,5.1,0,0.451890818,7.440841672
1259,269,1993,164,11390,9.2,16.7,1.24,3.6,0.7,0.451502753,6.87783265
1260,269,1993,165,6230,10.3,13.3,1.14,2.6,4.2,0.4511678,7.966856361
1261,269,1993,166,26930,7.9,16.1,1.05,3.1,0,0.450885329,1.910258975
1262,269,1993,167,3260,10,15.1,1.37,4.6,14.4,0.450654839,8
1263,269,1993,168,26500,12.2,18.5,1.4,5.1,0,0.450475944,1.929279855
1264,269,1993,169,7610,13,17.2,1.58,5.7,3,0.450348358,7.684190157
1265,269,1993,170,12190,11.3,17.1,1.41,4.6,6.7,0.450271882,6.669792159
1266,269,1993,171,26640,8.7,18,1.26,3.6,0,0.450246403,1.938318586
1267,269,1993,172,19580,8.9,18.9,1.29,2.1,0,0.450271882,4.543329447
1268,269,1993,173,21320,7.9,18.6,1.19,3.1,0,0.450348358,3.979385101
1269,269,1993,174,12700,9.2,16.4,1.18,4.1,0.6,0.450475944,6.568848647
1270,269,1993,175,25480,9.1,16.1,1.02,5.7,0,0.450654839,2.499797355
1271,269,1993,176,11600,9.5,14.9,1.05,3.1,0,0.450885329,6.852214139
1272,269,1993,177,10320,8.3,17.2,1.22,3.6,0.1,0.4511678,7.127849168
1273,269,1993,178,25210,11.7,18.1,1.29,6.2,0.5,0.451502753,2.457680591
1274,269,1993,179,19180,9.9,17.8,1.2,3.6,0.4,0.451890818,4.666165076
1275,269,1993,180,28580,7.9,22.5,1.31,4.1,0,0.452332752,1.010861887
1276,269,1993,181,29090,10.1,23.9,1.43,4.1,0,0.452829418,0.70315097
1277,269,1993,182,25030,10.5,23.1,1.63,4.1,0,0.453381728,2.338780238
1278,269,1993,183,27670,9.9,20.5,1.43,4.1,0,0.444172052,1.289514378
1279,269,1993,184,22770,9.6,22.4,1.49,4.1,0,0.444783791,3.246807127
1280,269,1993,185,27760,14.2,24.5,1.8,3.6,0,0.445447483,1.034491321
1281,269,1993,186,7750,11.5,16.6,1.36,4.1,28.5,0.44616385,7.642031949
1282,269,1993,187,15360,11.1,17.6,1.24,5.1,2.6,0.446933677,5.763359962
1283,269,1993,188,16640,10.4,16.7,1.15,5.7,0,0.447757814,5.387904665
1284,269,1993,189,15840,7.8,21.4,1.31,4.1,0,0.448637173,5.584018674
1285,269,1993,190,13460,12.2,20.3,1.53,6.2,0.1,0.449572737,6.225204397
1286,269,1993,191,21400,8.9,17,1.13,4.6,0.7,0.450565554,3.742169274
1287,269,1993,192,16740,6.4,16.8,1.12,3.1,0.3,0.451616739,5.30645999
1288,269,1993,193,17040,5,16.9,1.13,3.6,0.9,0.452727476,5.19283477
1289,269,1993,194,18700,8.5,18.2,1.16,3.1,0,0.453899016,4.619573301
1290,269,1993,195,6390,11.9,18.1,1.67,4.1,21.4,0.455132676,7.861845884
1291,269,1993,196,8740,12.2,18.4,1.58,2.1,6.5,0.456429837,7.361085462
1292,269,1993,197,12180,15.2,21.4,1.91,4.1,5.5,0.457791948,6.450487669
1293,269,1993,198,14120,13.2,19.8,1.63,4.6,0,0.459220518,5.911338081
1294,269,1993,199,21470,11.4,19.6,1.39,3.1,0,0.460717123,3.395943983
1295,269,1993,200,8960,13.2,18,1.61,3.1,1.2,0.45162504,7.274857806
1296,269,1993,201,12400,12.7,19,1.6,5.1,4.5,0.453130561,6.369381155
1297,269,1993,202,16800,12.2,18.2,1.42,5.1,0.9,0.454702074,5.007890356
1298,269,1993,203,17130,8.9,19,1.37,3.6,0,0.456341229,4.879486738
1299,269,1993,204,10550,11.8,20.5,1.62,5.1,0.1,0.458049754,6.830950456
1300,269,1993,205,13970,15.5,22.4,1.97,4.6,16.3,0.459829452,5.77027502
1301,269,1993,206,18080,12.2,18.3,1.51,5.1,12,0.461682207,4.410935682
1302,269,1993,207,19020,10.8,17.9,1.34,5.7,18.2,0.463609985,4.067576795
1303,269,1993,208,4150,10.6,17.3,1.59,5.7,14.2,0.465614835,8
1304,269,1993,209,12490,13.2,19.9,1.71,4.1,0.2,0.467698891,6.181674057
1305,269,1993,210,6790,15,21,1.96,4.1,2.8,0.458484729,7.665231596
1306,269,1993,211,3610,15.3,18.2,1.91,2.6,20.9,0.460553656,8
1307,269,1993,212,16960,12,18.9,1.55,4.1,1.1,0.462700317,4.598459235
1308,269,1993,213,13750,12.1,19.8,1.63,3.1,0,0.464926934,5.69112254
1309,269,1993,214,19020,13.7,23,1.65,2.6,0,0.467235821,3.662734714
1310,269,1993,215,14810,11.3,20.5,1.55,4.1,1.6,0.469629393,5.276929033
1311,269,1993,216,14400,13.1,19.8,1.63,3.1,0,0.472110167,5.372905501
1312,269,1993,217,11910,14,20.7,1.7,5.7,3.8,0.474680764,6.174234226
1313,269,1993,218,14380,8.3,17.7,1.3,7.2,1.6,0.477343917,5.377114807
1314,269,1993,219,14600,9.2,21.2,1.54,3.1,0,0.467851415,5.208694668
1315,269,1993,220,15560,9.5,21.1,1.58,3.1,0,0.470478482,4.793556617
1316,269,1993,221,5240,10.1,18.7,1.59,5.1,3,0.47319694,7.933046381
1317,269,1993,222,17370,8.1,16.8,1.2,5.7,2.7,0.476009624,4.064106796
1318,269,1993,223,6990,7.4,17.7,1.35,6.2,2.3,0.478919488,7.507915715
1319,269,1993,224,6190,11,18.6,1.62,6.2,7.8,0.481929614,7.677563398
1320,269,1993,225,20700,8.4,18,1.24,3.6,0,0.485043215,2.318099954
1321,269,1993,226,17170,8.4,23.2,1.54,2.6,0.1,0.488263641,3.804786028
1322,269,1993,227,10300,11.3,22.4,1.84,3.1,7.7,0.491594385,6.404171868
1323,269,1993,228,11420,11.7,20.2,1.69,4.1,0,0.481604207,6.002418689
1324,269,1993,229,21700,8,19.3,1.3,2.6,0,0.484876335,1.391461549
1325,269,1993,230,20030,8.1,20.4,1.32,2.6,0,0.488257758,2.176366423
1326,269,1993,231,20330,6.9,20.9,1.29,1.5,0,0.491752093,1.93259409
1327,269,1993,232,5610,12.1,18.8,1.69,3.1,0.5,0.495363115,7.716602515
1328,269,1993,233,11790,12.7,19.6,1.67,2.6,0,0.499094765,5.666715068
1329,269,1993,234,3400,9.1,13.5,1.3,3.6,17.4,0.502951153,8
1330,269,1993,235,13860,7,16.6,1.25,3.1,0.9,0.506936575,4.792308621
1331,269,1993,236,12720,7.8,16.4,1.27,3.6,2.7,0.496418332,5.220973355
1332,269,1993,237,12050,10.3,16.1,1.38,3.1,3,0.500324623,5.424182561
1333,269,1993,238,14950,7.4,17.8,1.31,2.6,0.3,0.504358928,4.066232046
1334,269,1993,239,10120,6.2,15.4,1.19,3.6,0.7,0.508525681,6.140887387
1335,269,1993,240,13670,5.5,17.5,1.21,2.6,0,0.512829511,4.564123192
1336,269,1993,241,14470,4.2,18.4,1.19,2.6,0,0.517275255,4.107334363
1337,269,1993,242,7090,10.9,16.5,1.43,5.1,2.5,0.521867966,7.099204345
1338,269,1993,243,11680,9.7,17.7,1.4,5.1,0.1,0.510890674,5.244787572
1339,269,1993,244,8420,9.7,18,1.5,1.5,1.5,0.515386679,6.549046201
1340,269,1993,245,4430,10.2,16.2,1.49,3.1,0.7,0.520028519,7.861586231
1341,269,1993,246,8670,11.9,15.4,1.47,6.2,14.4,0.524821391,6.374651145
1342,269,1993,247,11120,10.3,16.1,1.37,4.6,1.1,0.529770722,5.260630334
1343,269,1993,248,17120,5.9,16.8,1.13,3.1,1,0.534882186,1.889677366
1344,269,1993,249,17450,3.8,17.9,1.09,1.5,0,0.540161712,1.555234408
1345,269,1993,250,17320,6.5,19,1.28,4.1,0,0.545615504,1.391841871
1346,269,1993,251,4270,10.1,18.8,1.65,2.6,16.8,0.533776739,7.804643773
1347,269,1993,252,6890,12.2,19.6,1.77,3.1,15.8,0.539105935,6.823564441
1348,269,1993,253,7090,12,18.2,1.67,4.6,6,0.544607795,6.713123431
1349,269,1993,254,13100,6.9,17.8,1.34,3.1,0,0.550288652,3.597323149
1350,269,1993,255,16470,5.3,18.6,1.23,3.1,2.5,0.556155122,1.227300799
1351,269,1993,256,1310,10.8,13.3,1.41,6.2,21.7,0.562214124,8
1352,269,1993,257,3640,10.2,14.4,1.43,3.6,5.8,0.568472892,7.914810688
1353,269,1993,258,7230,11.8,16.1,1.53,3.6,7.3,0.555891418,6.448973313
1354,269,1993,259,3680,9.6,14.7,1.42,3.1,8.4,0.561999743,7.867015395
1355,269,1993,260,6500,4.3,12.8,1.06,1.5,0.7,0.568305479,6.758069183
1356,269,1993,261,14350,2.4,15.4,1,1.5,0,0.574815938,1.955015102
1357,269,1993,262,15760,4,18.1,1.19,3.6,0,0.581538755,0.525059946
1358,269,1993,263,12330,7.8,22.8,1.58,3.1,0,0.588481908,2.911252909
1359,269,1993,264,7450,9.8,18.4,1.51,4.1,0.3,0.595653732,6.00510864
1360,269,1993,265,4150,9.6,17.3,1.54,2.1,2,0.582183338,7.549092688
1361,269,1993,266,5660,11,16.3,1.52,2.1,0,0.589172609,6.831345385
1362,269,1993,267,8410,9.6,15.3,1.37,3.6,0,0.596386844,5.242946095
1363,269,1993,268,1060,11.1,12.8,1.38,7.2,37.8,0.60383434,8
1364,269,1993,269,3220,10.5,12.8,1.34,7.2,7.9,0.6115237,7.84351
1365,269,1993,270,2360,10.4,13.1,1.38,4.1,7.1,0.6194641,8
1366,269,1993,271,6240,7.6,14.6,1.26,5.1,0,0.6276647,6.292894
1367,269,1993,272,11600,5.1,16.3,1.2,3.1,0,0.6361355,2.240679
1368,269,1993,273,4470,8.8,14.2,1.3,4.1,0,0.6211191,7.159313
1369,269,1993,274,4280,10.9,14.8,1.36,7.2,0,0.6293505,7.211546
1370,269,1993,275,7490,10.5,15.8,1.35,4.6,0,0.6378454,5.142721
1371,269,1993,276,1430,11.6,13.5,1.41,8.2,0,0.6466133,8
1372,269,1993,277,5490,10.5,16.5,1.44,5.7,0,0.6556639,6.347492
1373,269,1993,278,6610,9.8,17.6,1.51,4.1,2.4,0.6650076,5.478099
1374,269,1993,279,7090,11.8,16.7,1.51,4.6,0,0.674655,5.008968
1375,269,1993,280,7660,7.9,15.7,1.27,5.1,0,0.6583203,4.485725
1376,269,1993,281,7730,9.1,15.9,1.39,2.6,0,0.6676702,4.259639
1377,269,1993,282,5090,9,13.9,1.29,5.1,0,0.677313,6.311697
1378,269,1993,283,8090,8.1,15.1,1.28,4.1,0,0.6872585,3.675399
1379,269,1993,284,6210,9.9,17.5,1.51,4.1,0.5,0.6975169,5.219748
1380,269,1993,285,4100,11.8,17.5,1.6,7.2,6.9,0.7080988,6.780644
1381,269,1993,286,5750,11.4,16.1,1.46,5.7,0.4,0.7190148,5.430991
1382,269,1993,287,1820,5.4,11.5,1.05,4.6,16,0.7011604,8
1383,269,1993,288,7480,1.9,11.1,0.9,2.6,0.1,0.7117022,3.684832
1384,269,1993,289,5070,0.9,8.7,0.81,2.1,0.4,0.7225609,5.892895
1385,269,1993,290,9740,0.4,11.3,0.83,2.6,0.6,0.7337458,0.5722844
1386,269,1993,291,10600,-0.9,8.2,0.7,4.1,0,0.7452664,0
1387,269,1993,292,9570,-1.7,7.9,0.71,2.6,0,0.7571323,0.3661429
1388,269,1993,293,5060,-2,9,0.75,2.6,3.9,0.7693533,5.550696
1389,269,1993,294,7160,2.6,10.3,0.94,3.1,4.5,0.7819394,3.004947
1390,269,1993,295,3740,4.3,9.6,0.92,5.7,0,0.7615323,6.548716
1391,269,1993,296,5380,3.9,8.7,0.86,7.2,0,0.7736058,4.852803
1392,269,1993,297,8100,5.6,8.8,0.89,5.1,0,0.7860145,1.053393
1393,269,1993,298,2290,7.4,10.2,1.04,4.1,0,0.7987658,7.551987
1394,269,1993,299,5010,7.8,12.5,1.22,3.6,0.1,0.8118664,4.786158
1395,269,1993,300,2410,8.2,10.3,1.16,2.6,0.5,0.8253233,7.36946
1396,269,1993,301,2530,3.9,9.1,0.92,3.1,0,0.8391428,7.252522
1397,269,1993,302,6650,1.9,9.3,0.89,5.1,0,0.853331,2.119658
1398,269,1993,303,2460,1.8,5.4,0.79,4.6,0,0.829911,7.239345
1399,269,1993,304,1340,1.6,3.6,0.74,3.6,0,0.843395,8
1400,269,1993,305,690,1.8,2.7,0.72,2.6,0,0.8571998,8
1401,269,1993,306,1980,1.3,4.1,0.73,3.6,0,0.8713273,7.543787
1402,269,1993,307,3510,2.5,7.4,0.86,4.1,0,0.8857786,5.851137
1403,269,1993,308,5380,2.6,13.6,1.04,2.6,0,0.9005538,2.878093
1404,269,1993,309,4630,1.7,7.1,0.83,5.7,0,0.9156522,4.046867
1405,269,1993,310,1190,4.7,6.7,0.9,6.2,0,0.9310723,8
1406,269,1993,311,1180,4.5,6,0.89,4.1,6.5,0.9468111,8
1407,269,1993,312,1470,5.4,7.7,0.96,2.6,0.2,0.9187459,7.78642
1408,269,1993,313,2490,3.6,9.9,0.98,3.1,0,0.933463,6.627746
1409,269,1993,314,880,6.5,8.6,1.03,7.2,9.9,0.948423,8
1410,269,1993,315,4140,4.9,10.1,1,5.1,4.3,0.963617,3.87542
1411,269,1993,316,3910,3,9.2,0.92,4.1,0.6,0.9790346,4.180826
1412,269,1993,317,1690,4.1,8.4,0.93,6.7,0.9,0.994664,7.394353
1413,269,1993,318,780,5.7,10.8,1.06,10.3,17.5,1.010491,8
1414,269,1993,319,2260,3.2,8.3,0.85,5.1,0,1.026502,6.577093
1415,269,1993,320,4410,-0.3,4.7,0.65,2.6,0,1.042677,2.670024
1416,269,1993,321,4780,-1,4.5,0.64,3.6,0,1.058999,1.62331
1417,269,1993,322,4610,-2.3,1.7,0.57,3.6,0,1.024323,1.874281
1418,269,1993,323,6110,-3.5,1.9,0.5,3.6,0,1.039163,0
1419,269,1993,324,1950,-3.8,2,0.49,4.6,0,1.054044,6.811371
1420,269,1993,325,1770,-5.7,-1.7,0.38,6.7,0,1.06894,7.045477
1421,269,1993,326,3300,-7.9,-2.8,0.36,2.1,0,1.083824,4.326333
1422,269,1993,327,1030,-8.3,-0.1,0.4,3.6,0,1.098668,7.9219
1423,269,1993,328,4620,-5.2,0.5,0.43,3.1,0,1.113442,0.7071683
1424,269,1993,329,3540,-4.1,2.7,0.51,2.1,0,1.128114,3.30194
1425,269,1993,330,1150,-4.8,0.9,0.51,2.6,0,1.142652,7.697234
1426,269,1993,331,560,-3.8,-2.2,0.45,5.1,0,1.157019,8
1427,269,1993,332,2090,-3.3,-0.4,0.47,4.1,0,1.17118,6.148598
1428,269,1993,333,4630,-4.5,1.5,0.45,4.1,0,1.185096,0
1429,269,1993,334,1460,-5.2,-0.7,0.39,4.1,0.7,1.198729,7.160687
1430,269,1993,335,850,-2.3,1.9,0.57,3.6,0.2,1.152804,7.985077
1431,269,1993,336,1790,1.8,10.4,0.89,6.7,0.5,1.164385,6.403469
1432,269,1993,337,1260,7.9,9.7,1.01,7.2,0,1.175584,7.30203
1433,269,1993,338,380,2.3,10.9,0.85,8.2,2.1,1.186362,8
1434,269,1993,339,2380,1.5,8.3,0.8,5.1,0,1.196684,4.99118
1435,269,1993,340,1030,5.6,7.8,0.91,5.1,0,1.206514,7.622116
1436,269,1993,341,350,3.2,6.7,0.73,7.7,9.9,1.215816,8
1437,269,1993,342,610,1.9,10.7,0.84,7.7,14.7,1.224556,8
1438,269,1993,343,370,6.1,9.4,0.82,11.8,8.8,1.232701,8
1439,269,1993,344,640,4.2,8.3,0.8,6.7,1.7,1.240217,8
1440,269,1993,345,2280,1.9,6,0.67,5.7,0.7,1.247076,4.991776
1441,269,1993,346,2060,1,4.9,0.7,4.1,7.5,1.253249,5.488122
1442,269,1993,347,890,2.1,9.4,0.85,6.2,14.5,1.258711,7.767085
1443,269,1993,348,3420,-0.8,3.8,0.54,5.1,0.5,1.263437,1.58007
1444,269,1993,349,410,0.4,3.7,0.63,8.7,4.5,1.267408,8
1445,269,1993,350,1850,3.6,7,0.76,8.7,3.9,1.270606,5.886171
1446,269,1993,351,2800,2.3,6.4,0.71,4.6,0.3,1.273017,3.350747
1447,269,1993,352,450,5,11.6,1.02,7.7,1.1,1.274631,8
1448,269,1993,353,300,6.7,13.2,1.04,12.3,10.7,1.275439,8
1449,269,1993,354,510,2.5,6.8,0.76,4.1,6,1.275439,8
1450,269,1993,355,1550,0.4,4.1,0.65,4.6,7.5,1.274631,6.560522
1451,269,1993,356,520,0.9,6.5,0.7,7.7,12.7,1.273017,8
1452,269,1993,357,1580,2.5,5.7,0.72,6.2,4.9,1.270606,6.495437
1453,269,1993,358,710,2.4,4.6,0.74,4.1,3.1,1.267408,8
1454,269,1993,359,3160,-1.4,2.6,0.56,2.6,0,1.263437,2.429046
1455,269,1993,360,790,0.8,3.2,0.64,5.7,1.8,1.258711,7.938807
1456,269,1993,361,580,0.4,3.3,0.65,1.5,1.5,1.253249,8
1457,269,1993,362,1260,-0.3,3.2,0.63,3.6,0,1.247076,7.198483
1458,269,1993,363,520,1.9,7.5,0.81,6.7,5.9,1.240217,8
1459,269,1993,364,610,3.6,8.1,0.86,5.1,14.7,1.232701,8
1460,269,1993,365,1730,2.4,7.7,0.81,5.1,4.4,1.224556,6.326266
1461,269,1993,1,2920,-9,-2.3,0.4,2.1,0,1.215816331,3.69551925
1462,269,1993,2,4790,-9.6,-0.1,0.38,3.1,0,1.206514198,0
1463,269,1993,3,4140,-11.5,-5.8,0.29,3.6,0,1.196684368,0.350821408
1464,269,1993,4,1900,-11,-2.9,0.31,4.1,0,1.186362249,6.277847396
1465,269,1993,5,640,-2.9,4.3,0.59,7.7,8.7,1.175583845,8
1466,269,1993,6,450,4.2,7.9,0.94,5.7,13.1,1.16438549,8
1467,269,1993,7,1940,-1.1,8.7,0.8,4.1,0.6,1.1528036,6.192536975
1468,269,1993,8,3070,0.3,9.3,0.76,6.2,2.9,1.198729095,3.731228325
1469,269,1993,9,520,0.5,10.4,0.82,8.2,4.3,1.185096232,8
1470,269,1993,10,440,6.9,11.9,1.05,10.8,7.4,1.171179838,8
1471,269,1993,11,940,6,11.3,0.92,9.8,10.8,1.157019081,7.91433744
1472,269,1993,12,3380,2.7,7.2,0.67,9.3,2.4,1.142651813,3.493665531
1473,269,1993,13,1600,3.7,14.3,0.95,10.3,2.6,1.128114477,7.037743434
1474,269,1993,14,3460,1.4,7.6,0.67,7.2,0,1.113442018,3.572935703
1475,269,1993,15,1650,2.7,11.9,0.85,10.3,0.1,1.098667816,7.060411607
1476,269,1993,16,1060,8.8,13.2,1.08,9.3,0,1.083823623,7.858125
1477,269,1993,17,2090,4.9,11.2,0.84,8.7,0.3,1.068939515,6.484782272
1478,269,1993,18,3860,2.7,7.1,0.73,5.1,0,1.054043855,3.204174831
1479,269,1993,19,1100,3.3,7.8,0.77,7.7,1.1,1.039163266,7.901741014
1480,269,1993,20,420,7.8,10.8,1.08,10.8,12.4,1.024322628,8
1481,269,1993,21,3100,6.5,11.9,0.98,9.3,4.6,1.058999006,5.047625673
1482,269,1993,22,640,5.7,12.3,0.92,11.3,5,1.042677117,8
1483,269,1993,23,2510,5.2,11,0.82,9.3,0.4,1.026501515,6.246765519
1484,269,1993,24,2120,1.6,12.1,0.72,13.9,3.1,1.010491384,6.871329617
1485,269,1993,25,1970,0.7,5.2,0.54,11.8,0.7,0.99466396,7.138871732
1486,269,1993,26,820,1.8,5.3,0.62,8.2,1.7,0.979034617,8
1487,269,1993,27,2440,2.2,5.6,0.65,4.1,0.3,0.96361697,6.652341881
1488,269,1993,28,510,1.2,8,0.8,4.1,16.3,0.948422963,8
1489,269,1993,29,850,-2.1,8,0.67,6.7,3.6,0.933462976,8
1490,269,1993,30,2670,-2.6,2.1,0.5,4.1,0,0.91874592,6.602729409
1491,269,1993,31,5130,-1.6,4.5,0.61,2.1,0,0.946811084,3.064384179
1492,269,1993,32,7030,-3.8,1.2,0.47,3.6,0,0.931072261,0
1493,269,1993,33,1040,-0.7,2.6,0.63,4.1,0,0.915652216,8
1494,269,1993,34,1390,0.4,4,0.7,4.1,0,0.900553756,7.988360746
1495,269,1993,35,1510,-0.8,2.5,0.64,3.6,0,0.885778571,7.923298012
1496,269,1993,36,1110,0.9,4.4,0.72,4.6,0,0.871327341,8
1497,269,1993,37,1210,3.1,6.9,0.83,4.6,0.9,0.85719983,8
1498,269,1993,38,1740,3.3,6.2,0.81,1.5,0.3,0.843394985,7.811425707
1499,269,1993,39,2510,3.3,6.3,0.83,2.1,0.1,0.829911023,7.210930645
1500,269,1993,40,1440,2.4,5.4,0.81,5.1,0,0.85333105,8
1501,269,1993,41,1770,1.7,2.8,0.72,3.6,0,0.839142804,7.878997031
1502,269,1993,42,1330,0.1,2.6,0.63,3.1,0,0.825323301,8
1503,269,1993,43,3530,-1.4,3,0.6,2.1,0,0.811866442,6.565123539
1504,269,1993,44,2350,-2.3,0.7,0.58,2.1,0,0.798765772,7.574914008
1505,269,1993,45,1830,-2.7,-0.7,0.54,3.1,0,0.786014544,7.955023349
1506,269,1993,46,1830,-1.3,3.1,0.63,3.1,0.2,0.773605777,7.971186245
1507,269,1993,47,3910,-0.5,8,0.77,3.6,2.4,0.7615323,6.467904384
1508,269,1993,48,1990,2.6,7.4,0.82,6.7,2.2,0.781939357,7.907495632
1509,269,1993,49,1960,0.6,7.2,0.78,5.1,1.4,0.769353344,7.952137375
1510,269,1993,50,5980,1.2,7.2,0.64,10.8,2,0.757132289,4.862051847
1511,269,1993,51,4690,2.2,6.8,0.72,8.2,5.2,0.745266351,6.116024931
1512,269,1993,52,7370,0.4,5.5,0.63,10.8,4.9,0.733745772,3.710334422
1513,269,1993,53,8970,-0.8,4.3,0.62,4.1,3.9,0.722560907,2.096992824
1514,269,1993,54,10420,-3.2,3.4,0.47,3.1,0,0.711702241,0.694320318
1515,269,1993,55,7150,-4.1,2.5,0.52,2.1,0,0.701160409,4.423947885
1516,269,1993,56,3540,-0.8,3.9,0.62,3.6,0.1,0.719014813,7.255110475
1517,269,1993,57,2510,1.6,3.9,0.71,4.6,5.1,0.708098779,7.852371297
1518,269,1993,58,8780,-0.8,4.1,0.54,6.7,0.4,0.69751695,3.296631907
1519,269,1993,59,7900,-1.9,3.5,0.6,4.1,3.6,0.687258526,4.232772329
1520,269,1993,60,7940,-2.4,4.2,0.56,7.2,0,0.677313011,4.350758962
1521,269,1993,61,9150,-1.2,3.5,0.54,10.8,0,0.667670217,3.431978227
1522,269,1993,62,9570,-3.1,1.6,0.46,6.7,0,0.658320259,3.260187314
1523,269,1993,63,3280,-2.4,2.6,0.53,2.6,0,0.674655005,7.652197645
1524,269,1993,64,3590,-1.9,4.8,0.63,4.1,1.4,0.665007623,7.520829515
1525,269,1993,65,4280,3.9,7.4,0.89,5.7,0.4,0.655663915,7.172570081
1526,269,1993,66,5230,2.3,7.5,0.81,3.1,0.2,0.646613257,6.708417024
1527,269,1993,67,12980,-0.5,8.2,0.65,4.6,0,0.63784541,0.843440526
1528,269,1993,68,12740,-2.6,8,0.54,4.1,0,0.629350516,1.387637081
1529,269,1993,69,9590,-0.2,10.6,0.74,4.1,0.7,0.621119081,4.081989099
1530,269,1993,70,6770,0.4,11.4,0.87,2.6,0,0.636135538,6.040753394
1531,269,1993,71,11490,1.8,15.8,0.87,2.6,0,0.627664742,2.799193679
1532,269,1993,72,12010,1.5,16.8,0.81,3.1,0,0.619464079,2.568378884
1533,269,1993,73,11100,0.2,16.8,0.85,3.1,0.1,0.611523746,3.41492179
1534,269,1993,74,12330,4.8,17.9,0.99,3.6,0,0.60383434,2.536227366
1535,269,1993,75,2780,5.6,11.3,1,6.2,1.4,0.596386844,8
1536,269,1993,76,9280,7,12.8,1.07,8.7,3.1,0.589172609,4.935034125
1537,269,1993,77,3550,4.4,12,0.9,7.2,0.3,0.582183338,7.845592509
1538,269,1993,78,14740,0.9,9.6,0.72,5.1,0,0.595653732,1.462236772
1539,269,1993,79,14150,0.3,11.1,0.74,4.1,0,0.588481908,2.078668703
1540,269,1993,80,12850,0.3,15.9,0.83,3.6,0,0.581538755,3.115490505
1541,269,1993,81,5700,6.1,14.2,1.1,5.7,2.8,0.574815938,7.094504977
1542,269,1993,82,13000,2.7,9.2,0.72,6.7,0.1,0.568305479,3.333738282
1543,269,1993,83,14930,0.2,9.3,0.67,5.1,0,0.561999743,2.189743793
1544,269,1993,84,11720,3,8.2,0.68,8.2,0.2,0.555891418,4.362113331
1545,269,1993,85,15060,-2.6,10.3,0.51,5.1,0,0.568472892,2.503641189
1546,269,1993,86,14300,-5.3,8.1,0.48,2.6,0,0.562214124,3.142383042
1547,269,1993,87,18420,-5.7,7.9,0.44,4.1,0,0.556155122,0.561175384
1548,269,1993,88,18290,-5.1,8.3,0.43,3.6,0,0.550288652,0.842883816
1549,269,1993,89,15910,-3.6,12.9,0.41,4.1,0,0.544607795,2.580187886
1550,269,1993,90,4370,6,13.7,1.05,3.6,2.2,0.539105935,7.808320086
1551,269,1993,91,5620,6.4,15.4,1.15,3.6,0.5,0.533776739,7.417364338
1552,269,1993,92,4950,-0.7,8.6,0.72,3.6,0,0.545615504,7.69340417
1553,269,1993,93,12530,-0.7,10.7,0.76,2.1,0,0.540161712,4.678360559
1554,269,1993,94,6600,1.3,9.8,0.81,4.1,0.6,0.534882186,7.199514107
1555,269,1993,95,7020,0.9,10.8,0.81,8.2,5.9,0.529770722,7.084831476
1556,269,1993,96,5290,5.9,10.1,0.92,8.2,1.7,0.524821391,7.649401115
1557,269,1993,97,4210,1.7,8.3,0.78,5.1,0,0.520028519,7.977134354
1558,269,1993,98,11400,1.8,10.1,0.76,2.6,0,0.515386679,5.533203814
1559,269,1993,99,14800,2,13.1,0.75,6.2,0.2,0.510890674,4.037186437
1560,269,1993,100,17140,4.4,14,0.88,3.6,0,0.521867966,2.849910288
1561,269,1993,101,8250,2.1,11.8,0.87,3.6,1.4,0.517275255,6.836545144
1562,269,1993,102,7550,3.3,10.4,0.87,3.6,0,0.512829511,7.093734608
1563,269,1993,103,12240,2.3,12.9,0.86,3.6,0,0.508525681,5.425519566
1564,269,1993,104,16230,3.1,13.7,0.93,3.6,0,0.504358928,3.669988603
1565,269,1993,105,15770,3.8,14.4,1.01,3.6,0,0.500324623,3.940345501
1566,269,1993,106,17240,0.3,15.8,0.84,3.6,0,0.496418332,3.382272687
1567,269,1993,107,3340,9.3,11.4,1.17,5.7,2,0.506936575,8
1568,269,1993,108,4650,5.6,12.4,1.1,7.2,15.6,0.502951153,7.978050204
1569,269,1993,109,3560,7.2,10.4,1.11,3.1,5.3,0.499094765,8
1570,269,1993,110,20160,7.5,20.9,1.26,4.6,0,0.495363115,2.0606481
1571,269,1993,111,14740,6.7,20.2,1.16,4.6,0,0.491752093,4.743686924
1572,269,1993,112,9970,5.8,18,1.24,3.1,2,0.488257758,6.540632609
1573,269,1993,113,17960,9.2,19.2,1.21,5.7,0.1,0.484876335,3.434751478
1574,269,1993,114,17730,12.6,22.5,1.26,5.7,0,0.481604207,3.594261203
1575,269,1993,115,18700,9.2,21.3,1.37,3.6,0,0.491594385,3.177322962
1576,269,1993,116,19260,9.8,20.9,1.36,3.6,0,0.488263641,2.990533645
1577,269,1993,117,23060,9,23.8,1.23,6.2,0,0.485043215,1.234634853
1578,269,1993,118,22110,9.3,27.8,1.2,6.7,0,0.481929614,1.831334094
1579,269,1993,119,20380,12.4,27.3,1.25,5.7,0,0.478919488,2.729258491
1580,269,1993,120,21610,12.5,27.9,1.33,4.1,0,0.476009624,2.184065845
1581,269,1993,121,18040,11.4,25,1.48,4.1,0,0.47319694,3.824879928
1582,269,1993,122,2510,9.5,13.2,1.24,5.1,0.4,0.470478482,8
1583,269,1993,123,16430,3.9,12.8,0.78,4.6,0,0.467851415,4.789673214
1584,269,1993,124,25530,0.3,14.7,0.67,3.6,0,0.477343917,0.979621394
1585,269,1993,125,20220,1.4,13.8,0.7,4.1,0,0.474680764,3.436369402
1586,269,1993,126,22200,3.4,15.6,0.77,5.7,0,0.472110167,2.614780782
1587,269,1993,127,7510,7.1,15.5,1.06,6.7,0,0.469629393,7.521792284
1588,269,1993,128,21530,9.1,19.1,1.13,7.2,0,0.467235821,2.853360095
1589,269,1993,129,22220,9.4,26,1.38,6.2,10.5,0.464926934,2.503774554
1590,269,1993,130,21510,11.4,24.6,1.65,4.1,4.3,0.462700317,2.775757269
1591,269,1993,131,24090,12.9,26.2,1.43,5.1,0,0.460553656,1.752419599
1592,269,1993,132,24160,12.6,25.8,1.54,4.1,0,0.458484729,1.735316948
1593,269,1993,133,4890,9.5,14.9,1.29,4.1,0.4,0.467698891,8
1594,269,1993,134,6960,9.4,13.9,1.22,3.1,0,0.465614835,7.699556534
1595,269,1993,135,13080,5,15.2,0.98,4.6,0.5,0.463609985,6.193360707
1596,269,1993,136,22290,4.8,17.9,0.89,4.6,0,0.461682207,3.053212446
1597,269,1993,137,25170,9.4,24.9,0.98,6.2,0,0.459829452,1.839357684
1598,269,1993,138,12860,14.5,21.4,1.61,3.6,25.1,0.458049754,6.211192755
1599,269,1993,139,18090,12.1,21.6,1.69,3.6,2.9,0.456341229,4.506728285
1600,269,1993,140,14880,11.4,23,1.71,3.6,2.7,0.454702074,5.617569285
1601,269,1993,141,9270,9,15,1.19,4.1,0,0.453130561,7.243243243
1602,269,1993,142,27000,6.9,18.2,1.15,3.1,0,0.45162504,1.185462196
1603,269,1993,143,26510,7.4,20.7,1.16,3.6,0,0.460717123,1.447809751
1604,269,1993,144,25460,9.5,23.1,1.52,4.1,0,0.459220518,1.784456695
1605,269,1993,145,21440,11.1,22.8,1.62,4.6,0,0.457791948,3.448632176
1606,269,1993,146,21440,11.3,21.8,1.49,6.2,0,0.456429837,3.518912067
1607,269,1993,147,2570,12.3,15.5,1.53,5.7,15.9,0.455132676,8
1608,269,1993,148,5960,9.6,13.6,1.2,4.1,9.3,0.453899016,7.976519956
1609,269,1993,149,25620,10.4,19,1.31,4.6,0,0.452727476,1.994960702
1610,269,1993,150,21270,11.9,20.7,1.35,6.2,0,0.451616739,3.729132819
1611,269,1993,151,16800,11.3,16.9,1.19,7.7,0.1,0.450565554,5.310611548
1612,269,1993,152,13270,9.6,18,1.33,3.1,0,0.449572737,6.322158473
1613,269,1993,153,14580,12.6,22.8,1.76,3.1,12.8,0.448637173,5.899341937
1614,269,1993,154,7770,11.2,14.8,1.35,3.6,7.2,0.447757814,7.637227887
1615,269,1993,155,24780,9.4,20.3,1.42,3.1,0,0.446933677,2.456408902
1616,269,1993,156,20000,11.8,22.2,1.47,3.1,0,0.44616385,4.257184144
1617,269,1993,157,25820,10.6,21,1.29,3.1,0,0.445447483,2.128723298
1618,269,1993,158,23990,8.2,22.9,1.4,2.6,0,0.444783791,2.834700578
1619,269,1993,159,26370,8.9,24.4,1.44,2.1,0,0.444172052,1.871858633
1620,269,1993,160,28120,11.3,27.3,1.63,4.1,0,0.453381728,1.050698826
1621,269,1993,161,20090,15,29.7,2,3.1,14.9,0.452829418,4.151572889
1622,269,1993,162,20130,13.6,22.3,1.56,5.7,0,0.452332752,4.254206969
1623,269,1993,163,8890,9.9,15.9,1.21,5.1,0,0.451890818,7.440841672
1624,269,1993,164,11390,9.2,16.7,1.24,3.6,0.7,0.451502753,6.87783265
1625,269,1993,165,6230,10.3,13.3,1.14,2.6,4.2,0.4511678,7.966856361
1626,269,1993,166,26930,7.9,16.1,1.05,3.1,0,0.450885329,1.910258975
1627,269,1993,167,3260,10,15.1,1.37,4.6,14.4,0.450654839,8
1628,269,1993,168,26500,12.2,18.5,1.4,5.1,0,0.450475944,1.929279855
1629,269,1993,169,7610,13,17.2,1.58,5.7,3,0.450348358,7.684190157
1630,269,1993,170,12190,11.3,17.1,1.41,4.6,6.7,0.450271882,6.669792159
1631,269,1993,171,26640,8.7,18,1.26,3.6,0,0.450246403,1.938318586
1632,269,1993,172,19580,8.9,18.9,1.29,2.1,0,0.450271882,4.543329447
1633,269,1993,173,21320,7.9,18.6,1.19,3.1,0,0.450348358,3.979385101
1634,269,1993,174,12700,9.2,16.4,1.18,4.1,0.6,0.450475944,6.568848647
1635,269,1993,175,25480,9.1,16.1,1.02,5.7,0,0.450654839,2.499797355
1636,269,1993,176,11600,9.5,14.9,1.05,3.1,0,0.450885329,6.852214139
1637,269,1993,177,10320,8.3,17.2,1.22,3.6,0.1,0.4511678,7.127849168
1638,269,1993,178,25210,11.7,18.1,1.29,6.2,0.5,0.451502753,2.457680591
1639,269,1993,179,19180,9.9,17.8,1.2,3.6,0.4,0.451890818,4.666165076
1640,269,1993,180,28580,7.9,22.5,1.31,4.1,0,0.452332752,1.010861887
1641,269,1993,181,29090,10.1,23.9,1.43,4.1,0,0.452829418,0.70315097
1642,269,1993,182,25030,10.5,23.1,1.63,4.1,0,0.453381728,2.338780238
1643,269,1993,183,27670,9.9,20.5,1.43,4.1,0,0.444172052,1.289514378
1644,269,1993,184,22770,9.6,22.4,1.49,4.1,0,0.444783791,3.246807127
1645,269,1993,185,27760,14.2,24.5,1.8,3.6,0,0.445447483,1.034491321
1646,269,1993,186,7750,11.5,16.6,1.36,4.1,28.5,0.44616385,7.642031949
1647,269,1993,187,15360,11.1,17.6,1.24,5.1,2.6,0.446933677,5.763359962
1648,269,1993,188,16640,10.4,16.7,1.15,5.7,0,0.447757814,5.387904665
1649,269,1993,189,15840,7.8,21.4,1.31,4.1,0,0.448637173,5.584018674
1650,269,1993,190,13460,12.2,20.3,1.53,6.2,0.1,0.449572737,6.225204397
1651,269,1993,191,21400,8.9,17,1.13,4.6,0.7,0.450565554,3.742169274
1652,269,1993,192,16740,6.4,16.8,1.12,3.1,0.3,0.451616739,5.30645999
1653,269,1993,193,17040,5,16.9,1.13,3.6,0.9,0.452727476,5.19283477
1654,269,1993,194,18700,8.5,18.2,1.16,3.1,0,0.453899016,4.619573301
1655,269,1993,195,6390,11.9,18.1,1.67,4.1,21.4,0.455132676,7.861845884
1656,269,1993,196,8740,12.2,18.4,1.58,2.1,6.5,0.456429837,7.361085462
1657,269,1993,197,12180,15.2,21.4,1.91,4.1,5.5,0.457791948,6.450487669
1658,269,1993,198,14120,13.2,19.8,1.63,4.6,0,0.459220518,5.911338081
1659,269,1993,199,21470,11.4,19.6,1.39,3.1,0,0.460717123,3.395943983
1660,269,1993,200,8960,13.2,18,1.61,3.1,1.2,0.45162504,7.274857806
1661,269,1993,201,12400,12.7,19,1.6,5.1,4.5,0.453130561,6.369381155
1662,269,1993,202,16800,12.2,18.2,1.42,5.1,0.9,0.454702074,5.007890356
1663,269,1993,203,17130,8.9,19,1.37,3.6,0,0.456341229,4.879486738
1664,269,1993,204,10550,11.8,20.5,1.62,5.1,0.1,0.458049754,6.830950456
1665,269,1993,205,13970,15.5,22.4,1.97,4.6,16.3,0.459829452,5.77027502
1666,269,1993,206,18080,12.2,18.3,1.51,5.1,12,0.461682207,4.410935682
1667,269,1993,207,19020,10.8,17.9,1.34,5.7,18.2,0.463609985,4.067576795
1668,269,1993,208,4150,10.6,17.3,1.59,5.7,14.2,0.465614835,8
1669,269,1993,209,12490,13.2,19.9,1.71,4.1,0.2,0.467698891,6.181674057
1670,269,1993,210,6790,15,21,1.96,4.1,2.8,0.458484729,7.665231596
1671,269,1993,211,3610,15.3,18.2,1.91,2.6,20.9,0.460553656,8
1672,269,1993,212,16960,12,18.9,1.55,4.1,1.1,0.462700317,4.598459235
1673,269,1993,213,13750,12.1,19.8,1.63,3.1,0,0.464926934,5.69112254
1674,269,1993,214,19020,13.7,23,1.65,2.6,0,0.467235821,3.662734714
1675,269,1993,215,14810,11.3,20.5,1.55,4.1,1.6,0.469629393,5.276929033
1676,269,1993,216,14400,13.1,19.8,1.63,3.1,0,0.472110167,5.372905501
1677,269,1993,217,11910,14,20.7,1.7,5.7,3.8,0.474680764,6.174234226
1678,269,1993,218,14380,8.3,17.7,1.3,7.2,1.6,0.477343917,5.377114807
1679,269,1993,219,14600,9.2,21.2,1.54,3.1,0,0.467851415,5.208694668
1680,269,1993,220,15560,9.5,21.1,1.58,3.1,0,0.470478482,4.793556617
1681,269,1993,221,5240,10.1,18.7,1.59,5.1,3,0.47319694,7.933046381
1682,269,1993,222,17370,8.1,16.8,1.2,5.7,2.7,0.476009624,4.064106796
1683,269,1993,223,6990,7.4,17.7,1.35,6.2,2.3,0.478919488,7.507915715
1684,269,1993,224,6190,11,18.6,1.62,6.2,7.8,0.481929614,7.677563398
1685,269,1993,225,20700,8.4,18,1.24,3.6,0,0.485043215,2.318099954
1686,269,1993,226,17170,8.4,23.2,1.54,2.6,0.1,0.488263641,3.804786028
1687,269,1993,227,10300,11.3,22.4,1.84,3.1,7.7,0.491594385,6.404171868
1688,269,1993,228,11420,11.7,20.2,1.69,4.1,0,0.481604207,6.002418689
1689,269,1993,229,21700,8,19.3,1.3,2.6,0,0.484876335,1.391461549
1690,269,1993,230,20030,8.1,20.4,1.32,2.6,0,0.488257758,2.176366423
1691,269,1993,231,20330,6.9,20.9,1.29,1.5,0,0.491752093,1.93259409
1692,269,1993,232,5610,12.1,18.8,1.69,3.1,0.5,0.495363115,7.716602515
1693,269,1993,233,11790,12.7,19.6,1.67,2.6,0,0.499094765,5.666715068
1694,269,1993,234,3400,9.1,13.5,1.3,3.6,17.4,0.502951153,8
1695,269,1993,235,13860,7,16.6,1.25,3.1,0.9,0.506936575,4.792308621
1696,269,1993,236,12720,7.8,16.4,1.27,3.6,2.7,0.496418332,5.220973355
1697,269,1993,237,12050,10.3,16.1,1.38,3.1,3,0.500324623,5.424182561
1698,269,1993,238,14950,7.4,17.8,1.31,2.6,0.3,0.504358928,4.066232046
1699,269,1993,239,10120,6.2,15.4,1.19,3.6,0.7,0.508525681,6.140887387
1700,269,1993,240,13670,5.5,17.5,1.21,2.6,0,0.512829511,4.564123192
1701,269,1993,241,14470,4.2,18.4,1.19,2.6,0,0.517275255,4.107334363
1702,269,1993,242,7090,10.9,16.5,1.43,5.1,2.5,0.521867966,7.099204345
1703,269,1993,243,11680,9.7,17.7,1.4,5.1,0.1,0.510890674,5.244787572
1704,269,1993,244,8420,9.7,18,1.5,1.5,1.5,0.515386679,6.549046201
1705,269,1993,245,4430,10.2,16.2,1.49,3.1,0.7,0.520028519,7.861586231
1706,269,1993,246,8670,11.9,15.4,1.47,6.2,14.4,0.524821391,6.374651145
1707,269,1993,247,11120,10.3,16.1,1.37,4.6,1.1,0.529770722,5.260630334
1708,269,1993,248,17120,5.9,16.8,1.13,3.1,1,0.534882186,1.889677366
1709,269,1993,249,17450,3.8,17.9,1.09,1.5,0,0.540161712,1.555234408
1710,269,1993,250,17320,6.5,19,1.28,4.1,0,0.545615504,1.391841871
1711,269,1993,251,4270,10.1,18.8,1.65,2.6,16.8,0.533776739,7.804643773
1712,269,1993,252,6890,12.2,19.6,1.77,3.1,15.8,0.539105935,6.823564441
1713,269,1993,253,7090,12,18.2,1.67,4.6,6,0.544607795,6.713123431
1714,269,1993,254,13100,6.9,17.8,1.34,3.1,0,0.550288652,3.597323149
1715,269,1993,255,16470,5.3,18.6,1.23,3.1,2.5,0.556155122,1.227300799
1716,269,1993,256,1310,10.8,13.3,1.41,6.2,21.7,0.562214124,8
1717,269,1993,257,3640,10.2,14.4,1.43,3.6,5.8,0.568472892,7.914810688
1718,269,1993,258,7230,11.8,16.1,1.53,3.6,7.3,0.555891418,6.448973313
1719,269,1993,259,3680,9.6,14.7,1.42,3.1,8.4,0.561999743,7.867015395
1720,269,1993,260,6500,4.3,12.8,1.06,1.5,0.7,0.568305479,6.758069183
1721,269,1993,261,14350,2.4,15.4,1,1.5,0,0.574815938,1.955015102
1722,269,1993,262,15760,4,18.1,1.19,3.6,0,0.581538755,0.525059946
1723,269,1993,263,12330,7.8,22.8,1.58,3.1,0,0.588481908,2.911252909
1724,269,1993,264,7450,9.8,18.4,1.51,4.1,0.3,0.595653732,6.00510864
1725,269,1993,265,4150,9.6,17.3,1.54,2.1,2,0.582183338,7.549092688
1726,269,1993,266,5660,11,16.3,1.52,2.1,0,0.589172609,6.831345385
1727,269,1993,267,8410,9.6,15.3,1.37,3.6,0,0.596386844,5.242946095
1728,269,1993,268,1060,11.1,12.8,1.38,7.2,37.8,0.60383434,8
1729,269,1993,269,3220,10.5,12.8,1.34,7.2,7.9,0.6115237,7.84351
1730,269,1993,270,2360,10.4,13.1,1.38,4.1,7.1,0.6194641,8
1731,269,1993,271,6240,7.6,14.6,1.26,5.1,0,0.6276647,6.292894
1732,269,1993,272,11600,5.1,16.3,1.2,3.1,0,0.6361355,2.240679
1733,269,1993,273,4470,8.8,14.2,1.3,4.1,0,0.6211191,7.159313
1734,269,1993,274,4280,10.9,14.8,1.36,7.2,0,0.6293505,7.211546
1735,269,1993,275,7490,10.5,15.8,1.35,4.6,0,0.6378454,5.142721
1736,269,1993,276,1430,11.6,13.5,1.41,8.2,0,0.6466133,8
1737,269,1993,277,5490,10.5,16.5,1.44,5.7,0,0.6556639,6.347492
1738,269,1993,278,6610,9.8,17.6,1.51,4.1,2.4,0.6650076,5.478099
1739,269,1993,279,7090,11.8,16.7,1.51,4.6,0,0.674655,5.008968
1740,269,1993,280,7660,7.9,15.7,1.27,5.1,0,0.6583203,4.485725
1741,269,1993,281,7730,9.1,15.9,1.39,2.6,0,0.6676702,4.259639
1742,269,1993,282,5090,9,13.9,1.29,5.1,0,0.677313,6.311697
1743,269,1993,283,8090,8.1,15.1,1.28,4.1,0,0.6872585,3.675399
1744,269,1993,284,6210,9.9,17.5,1.51,4.1,0.5,0.6975169,5.219748
1745,269,1993,285,4100,11.8,17.5,1.6,7.2,6.9,0.7080988,6.780644
1746,269,1993,286,5750,11.4,16.1,1.46,5.7,0.4,0.7190148,5.430991
1747,269,1993,287,1820,5.4,11.5,1.05,4.6,16,0.7011604,8
1748,269,1993,288,7480,1.9,11.1,0.9,2.6,0.1,0.7117022,3.684832
1749,269,1993,289,5070,0.9,8.7,0.81,2.1,0.4,0.7225609,5.892895
1750,269,1993,290,9740,0.4,11.3,0.83,2.6,0.6,0.7337458,0.5722844
1751,269,1993,291,10600,-0.9,8.2,0.7,4.1,0,0.7452664,0
1752,269,1993,292,9570,-1.7,7.9,0.71,2.6,0,0.7571323,0.3661429
1753,269,1993,293,5060,-2,9,0.75,2.6,3.9,0.7693533,5.550696
1754,269,1993,294,7160,2.6,10.3,0.94,3.1,4.5,0.7819394,3.004947
1755,269,1993,295,3740,4.3,9.6,0.92,5.7,0,0.7615323,6.548716
1756,269,1993,296,5380,3.9,8.7,0.86,7.2,0,0.7736058,4.852803
1757,269,1993,297,8100,5.6,8.8,0.89,5.1,0,0.7860145,1.053393
1758,269,1993,298,2290,7.4,10.2,1.04,4.1,0,0.7987658,7.551987
1759,269,1993,299,5010,7.8,12.5,1.22,3.6,0.1,0.8118664,4.786158
1760,269,1993,300,2410,8.2,10.3,1.16,2.6,0.5,0.8253233,7.36946
1761,269,1993,301,2530,3.9,9.1,0.92,3.1,0,0.8391428,7.252522
1762,269,1993,302,6650,1.9,9.3,0.89,5.1,0,0.853331,2.119658
1763,269,1993,303,2460,1.8,5.4,0.79,4.6,0,0.829911,7.239345
1764,269,1993,304,1340,1.6,3.6,0.74,3.6,0,0.843395,8
1765,269,1993,305,690,1.8,2.7,0.72,2.6,0,0.8571998,8
1766,269,1993,306,1980,1.3,4.1,0.73,3.6,0,0.8713273,7.543787
1767,269,1993,307,3510,2.5,7.4,0.86,4.1,0,0.8857786,5.851137
1768,269,1993,308,5380,2.6,13.6,1.04,2.6,0,0.9005538,2.878093
1769,269,1993,309,4630,1.7,7.1,0.83,5.7,0,0.9156522,4.046867
1770,269,1993,310,1190,4.7,6.7,0.9,6.2,0,0.9310723,8
1771,269,1993,311,1180,4.5,6,0.89,4.1,6.5,0.9468111,8
1772,269,1993,312,1470,5.4,7.7,0.96,2.6,0.2,0.9187459,7.78642
1773,269,1993,313,2490,3.6,9.9,0.98,3.1,0,0.933463,6.627746
1774,269,1993,314,880,6.5,8.6,1.03,7.2,9.9,0.948423,8
1775,269,1993,315,4140,4.9,10.1,1,5.1,4.3,0.963617,3.87542
1776,269,1993,316,3910,3,9.2,0.92,4.1,0.6,0.9790346,4.180826
1777,269,1993,317,1690,4.1,8.4,0.93,6.7,0.9,0.994664,7.394353
1778,269,1993,318,780,5.7,10.8,1.06,10.3,17.5,1.010491,8
1779,269,1993,319,2260,3.2,8.3,0.85,5.1,0,1.026502,6.577093
1780,269,1993,320,4410,-0.3,4.7,0.65,2.6,0,1.042677,2.670024
1781,269,1993,321,4780,-1,4.5,0.64,3.6,0,1.058999,1.62331
1782,269,1993,322,4610,-2.3,1.7,0.57,3.6,0,1.024323,1.874281
1783,269,1993,323,6110,-3.5,1.9,0.5,3.6,0,1.039163,0
1784,269,1993,324,1950,-3.8,2,0.49,4.6,0,1.054044,6.811371
1785,269,1993,325,1770,-5.7,-1.7,0.38,6.7,0,1.06894,7.045477
1786,269,1993,326,3300,-7.9,-2.8,0.36,2.1,0,1.083824,4.326333
1787,269,1993,327,1030,-8.3,-0.1,0.4,3.6,0,1.098668,7.9219
1788,269,1993,328,4620,-5.2,0.5,0.43,3.1,0,1.113442,0.7071683
1789,269,1993,329,3540,-4.1,2.7,0.51,2.1,0,1.128114,3.30194
1790,269,1993,330,1150,-4.8,0.9,0.51,2.6,0,1.142652,7.697234
1791,269,1993,331,560,-3.8,-2.2,0.45,5.1,0,1.157019,8
1792,269,1993,332,2090,-3.3,-0.4,0.47,4.1,0,1.17118,6.148598
1793,269,1993,333,4630,-4.5,1.5,0.45,4.1,0,1.185096,0
1794,269,1993,334,1460,-5.2,-0.7,0.39,4.1,0.7,1.198729,7.160687
1795,269,1993,335,850,-2.3,1.9,0.57,3.6,0.2,1.152804,7.985077
1796,269,1993,336,1790,1.8,10.4,0.89,6.7,0.5,1.164385,6.403469
1797,269,1993,337,1260,7.9,9.7,1.01,7.2,0,1.175584,7.30203
1798,269,1993,338,380,2.3,10.9,0.85,8.2,2.1,1.186362,8
1799,269,1993,339,2380,1.5,8.3,0.8,5.1,0,1.196684,4.99118
1800,269,1993,340,1030,5.6,7.8,0.91,5.1,0,1.206514,7.622116
1801,269,1993,341,350,3.2,6.7,0.73,7.7,9.9,1.215816,8
1802,269,1993,342,610,1.9,10.7,0.84,7.7,14.7,1.224556,8
1803,269,1993,343,370,6.1,9.4,0.82,11.8,8.8,1.232701,8
1804,269,1993,344,640,4.2,8.3,0.8,6.7,1.7,1.240217,8
1805,269,1993,345,2280,1.9,6,0.67,5.7,0.7,1.247076,4.991776
1806,269,1993,346,2060,1,4.9,0.7,4.1,7.5,1.253249,5.488122
1807,269,1993,347,890,2.1,9.4,0.85,6.2,14.5,1.258711,7.767085
1808,269,1993,348,3420,-0.8,3.8,0.54,5.1,0.5,1.263437,1.58007
1809,269,1993,349,410,0.4,3.7,0.63,8.7,4.5,1.267408,8
1810,269,1993,350,1850,3.6,7,0.76,8.7,3.9,1.270606,5.886171
1811,269,1993,351,2800,2.3,6.4,0.71,4.6,0.3,1.273017,3.350747
1812,269,1993,352,450,5,11.6,1.02,7.7,1.1,1.274631,8
1813,269,1993,353,300,6.7,13.2,1.04,12.3,10.7,1.275439,8
1814,269,1993,354,510,2.5,6.8,0.76,4.1,6,1.275439,8
1815,269,1993,355,1550,0.4,4.1,0.65,4.6,7.5,1.274631,6.560522
1816,269,1993,356,520,0.9,6.5,0.7,7.7,12.7,1.273017,8
1817,269,1993,357,1580,2.5,5.7,0.72,6.2,4.9,1.270606,6.495437
1818,269,1993,358,710,2.4,4.6,0.74,4.1,3.1,1.267408,8
1819,269,1993,359,3160,-1.4,2.6,0.56,2.6,0,1.263437,2.429046
1820,269,1993,360,790,0.8,3.2,0.64,5.7,1.8,1.258711,7.938807
1821,269,1993,361,580,0.4,3.3,0.65,1.5,1.5,1.253249,8
1822,269,1993,362,1260,-0.3,3.2,0.63,3.6,0,1.247076,7.198483
1823,269,1993,363,520,1.9,7.5,0.81,6.7,5.9,1.240217,8
1824,269,1993,364,610,3.6,8.1,0.86,5.1,14.7,1.232701,8
1825,269,1993,365,1730,2.4,7.7,0.81,5.1,4.4,1.224556,6.326266
1826,269,1993,1,2920,-9,-2.3,0.4,2.1,0,1.215816331,3.69551925
1827,269,1993,2,4790,-9.6,-0.1,0.38,3.1,0,1.206514198,0
1828,269,1993,3,4140,-11.5,-5.8,0.29,3.6,0,1.196684368,0.350821408
1829,269,1993,4,1900,-11,-2.9,0.31,4.1,0,1.186362249,6.277847396
1830,269,1993,5,640,-2.9,4.3,0.59,7.7,8.7,1.175583845,8
1831,269,1993,6,450,4.2,7.9,0.94,5.7,13.1,1.16438549,8
1832,269,1993,7,1940,-1.1,8.7,0.8,4.1,0.6,1.1528036,6.192536975
1833,269,1993,8,3070,0.3,9.3,0.76,6.2,2.9,1.198729095,3.731228325
1834,269,1993,9,520,0.5,10.4,0.82,8.2,4.3,1.185096232,8
1835,269,1993,10,440,6.9,11.9,1.05,10.8,7.4,1.171179838,8
1836,269,1993,11,940,6,11.3,0.92,9.8,10.8,1.157019081,7.91433744
1837,269,1993,12,3380,2.7,7.2,0.67,9.3,2.4,1.142651813,3.493665531
1838,269,1993,13,1600,3.7,14.3,0.95,10.3,2.6,1.128114477,7.037743434
1839,269,1993,14,3460,1.4,7.6,0.67,7.2,0,1.113442018,3.572935703
1840,269,1993,15,1650,2.7,11.9,0.85,10.3,0.1,1.098667816,7.060411607
1841,269,1993,16,1060,8.8,13.2,1.08,9.3,0,1.083823623,7.858125
1842,269,1993,17,2090,4.9,11.2,0.84,8.7,0.3,1.068939515,6.484782272
1843,269,1993,18,3860,2.7,7.1,0.73,5.1,0,1.054043855,3.204174831
1844,269,1993,19,1100,3.3,7.8,0.77,7.7,1.1,1.039163266,7.901741014
1845,269,1993,20,420,7.8,10.8,1.08,10.8,12.4,1.024322628,8
1846,269,1993,21,3100,6.5,11.9,0.98,9.3,4.6,1.058999006,5.047625673
1847,269,1993,22,640,5.7,12.3,0.92,11.3,5,1.042677117,8
1848,269,1993,23,2510,5.2,11,0.82,9.3,0.4,1.026501515,6.246765519
1849,269,1993,24,2120,1.6,12.1,0.72,13.9,3.1,1.010491384,6.871329617
1850,269,1993,25,1970,0.7,5.2,0.54,11.8,0.7,0.99466396,7.138871732
1851,269,1993,26,820,1.8,5.3,0.62,8.2,1.7,0.979034617,8
1852,269,1993,27,2440,2.2,5.6,0.65,4.1,0.3,0.96361697,6.652341881
1853,269,1993,28,510,1.2,8,0.8,4.1,16.3,0.948422963,8
1854,269,1993,29,850,-2.1,8,0.67,6.7,3.6,0.933462976,8
1855,269,1993,30,2670,-2.6,2.1,0.5,4.1,0,0.91874592,6.602729409
1856,269,1993,31,5130,-1.6,4.5,0.61,2.1,0,0.946811084,3.064384179
1857,269,1993,32,7030,-3.8,1.2,0.47,3.6,0,0.931072261,0
1858,269,1993,33,1040,-0.7,2.6,0.63,4.1,0,0.915652216,8
1859,269,1993,34,1390,0.4,4,0.7,4.1,0,0.900553756,7.988360746
1860,269,1993,35,1510,-0.8,2.5,0.64,3.6,0,0.885778571,7.923298012
1861,269,1993,36,1110,0.9,4.4,0.72,4.6,0,0.871327341,8
1862,269,1993,37,1210,3.1,6.9,0.83,4.6,0.9,0.85719983,8
1863,269,1993,38,1740,3.3,6.2,0.81,1.5,0.3,0.843394985,7.811425707
1864,269,1993,39,2510,3.3,6.3,0.83,2.1,0.1,0.829911023,7.210930645
1865,269,1993,40,1440,2.4,5.4,0.81,5.1,0,0.85333105,8
1866,269,1993,41,1770,1.7,2.8,0.72,3.6,0,0.839142804,7.878997031
1867,269,1993,42,1330,0.1,2.6,0.63,3.1,0,0.825323301,8
1868,269,1993,43,3530,-1.4,3,0.6,2.1,0,0.811866442,6.565123539
1869,269,1993,44,2350,-2.3,0.7,0.58,2.1,0,0.798765772,7.574914008
1870,269,1993,45,1830,-2.7,-0.7,0.54,3.1,0,0.786014544,7.955023349
1871,269,1993,46,1830,-1.3,3.1,0.63,3.1,0.2,0.773605777,7.971186245
1872,269,1993,47,3910,-0.5,8,0.77,3.6,2.4,0.7615323,6.467904384
1873,269,1993,48,1990,2.6,7.4,0.82,6.7,2.2,0.781939357,7.907495632
1874,269,1993,49,1960,0.6,7.2,0.78,5.1,1.4,0.769353344,7.952137375
1875,269,1993,50,5980,1.2,7.2,0.64,10.8,2,0.757132289,4.862051847
1876,269,1993,51,4690,2.2,6.8,0.72,8.2,5.2,0.745266351,6.116024931
1877,269,1993,52,7370,0.4,5.5,0.63,10.8,4.9,0.733745772,3.710334422
1878,269,1993,53,8970,-0.8,4.3,0.62,4.1,3.9,0.722560907,2.096992824
1879,269,1993,54,10420,-3.2,3.4,0.47,3.1,0,0.711702241,0.694320318
1880,269,1993,55,7150,-4.1,2.5,0.52,2.1,0,0.701160409,4.423947885
1881,269,1993,56,3540,-0.8,3.9,0.62,3.6,0.1,0.719014813,7.255110475
1882,269,1993,57,2510,1.6,3.9,0.71,4.6,5.1,0.708098779,7.852371297
1883,269,1993,58,8780,-0.8,4.1,0.54,6.7,0.4,0.69751695,3.296631907
1884,269,1993,59,7900,-1.9,3.5,0.6,4.1,3.6,0.687258526,4.232772329
1885,269,1993,60,7940,-2.4,4.2,0.56,7.2,0,0.677313011,4.350758962
1886,269,1993,61,9150,-1.2,3.5,0.54,10.8,0,0.667670217,3.431978227
1887,269,1993,62,9570,-3.1,1.6,0.46,6.7,0,0.658320259,3.260187314
1888,269,1993,63,3280,-2.4,2.6,0.53,2.6,0,0.674655005,7.652197645
1889,269,1993,64,3590,-1.9,4.8,0.63,4.1,1.4,0.665007623,7.520829515
1890,269,1993,65,4280,3.9,7.4,0.89,5.7,0.4,0.655663915,7.172570081
1891,269,1993,66,5230,2.3,7.5,0.81,3.1,0.2,0.646613257,6.708417024
1892,269,1993,67,12980,-0.5,8.2,0.65,4.6,0,0.63784541,0.843440526
1893,269,1993,68,12740,-2.6,8,0.54,4.1,0,0.629350516,1.387637081
1894,269,1993,69,9590,-0.2,10.6,0.74,4.1,0.7,0.621119081,4.081989099
1895,269,1993,70,6770,0.4,11.4,0.87,2.6,0,0.636135538,6.040753394
1896,269,1993,71,11490,1.8,15.8,0.87,2.6,0,0.627664742,2.799193679
1897,269,1993,72,12010,1.5,16.8,0.81,3.1,0,0.619464079,2.568378884
1898,269,1993,73,11100,0.2,16.8,0.85,3.1,0.1,0.611523746,3.41492179
1899,269,1993,74,12330,4.8,17.9,0.99,3.6,0,0.60383434,2.536227366
1900,269,1993,75,2780,5.6,11.3,1,6.2,1.4,0.596386844,8
1901,269,1993,76,9280,7,12.8,1.07,8.7,3.1,0.589172609,4.935034125
1902,269,1993,77,3550,4.4,12,0.9,7.2,0.3,0.582183338,7.845592509
1903,269,1993,78,14740,0.9,9.6,0.72,5.1,0,0.595653732,1.462236772
1904,269,1993,79,14150,0.3,11.1,0.74,4.1,0,0.588481908,2.078668703
1905,269,1993,80,12850,0.3,15.9,0.83,3.6,0,0.581538755,3.115490505
1906,269,1993,81,5700,6.1,14.2,1.1,5.7,2.8,0.574815938,7.094504977
1907,269,1993,82,13000,2.7,9.2,0.72,6.7,0.1,0.568305479,3.333738282
1908,269,1993,83,14930,0.2,9.3,0.67,5.1,0,0.561999743,2.189743793
1909,269,1993,84,11720,3,8.2,0.68,8.2,0.2,0.555891418,4.362113331
1910,269,1993,85,15060,-2.6,10.3,0.51,5.1,0,0.568472892,2.503641189
1911,269,1993,86,14300,-5.3,8.1,0.48,2.6,0,0.562214124,3.142383042
1912,269,1993,87,18420,-5.7,7.9,0.44,4.1,0,0.556155122,0.561175384
1913,269,1993,88,18290,-5.1,8.3,0.43,3.6,0,0.550288652,0.842883816
1914,269,1993,89,15910,-3.6,12.9,0.41,4.1,0,0.544607795,2.580187886
1915,269,1993,90,4370,6,13.7,1.05,3.6,2.2,0.539105935,7.808320086
1916,269,1993,91,5620,6.4,15.4,1.15,3.6,0.5,0.533776739,7.417364338
1917,269,1993,92,4950,-0.7,8.6,0.72,3.6,0,0.545615504,7.69340417
1918,269,1993,93,12530,-0.7,10.7,0.76,2.1,0,0.540161712,4.678360559
1919,269,1993,94,6600,1.3,9.8,0.81,4.1,0.6,0.534882186,7.199514107
1920,269,1993,95,7020,0.9,10.8,0.81,8.2,5.9,0.529770722,7.084831476
1921,269,1993,96,5290,5.9,10.1,0.92,8.2,1.7,0.524821391,7.649401115
1922,269,1993,97,4210,1.7,8.3,0.78,5.1,0,0.520028519,7.977134354
1923,269,1993,98,11400,1.8,10.1,0.76,2.6,0,0.515386679,5.533203814
1924,269,1993,99,14800,2,13.1,0.75,6.2,0.2,0.510890674,4.037186437
1925,269,1993,100,17140,4.4,14,0.88,3.6,0,0.521867966,2.849910288
1926,269,1993,101,8250,2.1,11.8,0.87,3.6,1.4,0.517275255,6.836545144
1927,269,1993,102,7550,3.3,10.4,0.87,3.6,0,0.512829511,7.093734608
1928,269,1993,103,12240,2.3,12.9,0.86,3.6,0,0.508525681,5.425519566
1929,269,1993,104,16230,3.1,13.7,0.93,3.6,0,0.504358928,3.669988603
1930,269,1993,105,15770,3.8,14.4,1.01,3.6,0,0.500324623,3.940345501
1931,269,1993,106,17240,0.3,15.8,0.84,3.6,0,0.496418332,3.382272687
1932,269,1993,107,3340,9.3,11.4,1.17,5.7,2,0.506936575,8
1933,269,1993,108,4650,5.6,12.4,1.1,7.2,15.6,0.502951153,7.978050204
1934,269,1993,109,3560,7.2,10.4,1.11,3.1,5.3,0.499094765,8
1935,269,1993,110,20160,7.5,20.9,1.26,4.6,0,0.495363115,2.0606481
1936,269,1993,111,14740,6.7,20.2,1.16,4.6,0,0.491752093,4.743686924
1937,269,1993,112,9970,5.8,18,1.24,3.1,2,0.488257758,6.540632609
1938,269,1993,113,17960,9.2,19.2,1.21,5.7,0.1,0.484876335,3.434751478
1939,269,1993,114,17730,12.6,22.5,1.26,5.7,0,0.481604207,3.594261203
1940,269,1993,115,18700,9.2,21.3,1.37,3.6,0,0.491594385,3.177322962
1941,269,1993,116,19260,9.8,20.9,1.36,3.6,0,0.488263641,2.990533645
1942,269,1993,117,23060,9,23.8,1.23,6.2,0,0.485043215,1.234634853
1943,269,1993,118,22110,9.3,27.8,1.2,6.7,0,0.481929614,1.831334094
1944,269,1993,119,20380,12.4,27.3,1.25,5.7,0,0.478919488,2.729258491
1945,269,1993,120,21610,12.5,27.9,1.33,4.1,0,0.476009624,2.184065845
1946,269,1993,121,18040,11.4,25,1.48,4.1,0,0.47319694,3.824879928
1947,269,1993,122,2510,9.5,13.2,1.24,5.1,0.4,0.470478482,8
1948,269,1993,123,16430,3.9,12.8,0.78,4.6,0,0.467851415,4.789673214
1949,269,1993,124,25530,0.3,14.7,0.67,3.6,0,0.477343917,0.979621394
1950,269,1993,125,20220,1.4,13.8,0.7,4.1,0,0.474680764,3.436369402
1951,269,1993,126,22200,3.4,15.6,0.77,5.7,0,0.472110167,2.614780782
1952,269,1993,127,7510,7.1,15.5,1.06,6.7,0,0.469629393,7.521792284
1953,269,1993,128,21530,9.1,19.1,1.13,7.2,0,0.467235821,2.853360095
1954,269,1993,129,22220,9.4,26,1.38,6.2,10.5,0.464926934,2.503774554
1955,269,1993,130,21510,11.4,24.6,1.65,4.1,4.3,0.462700317,2.775757269
1956,269,1993,131,24090,12.9,26.2,1.43,5.1,0,0.460553656,1.752419599
1957,269,1993,132,24160,12.6,25.8,1.54,4.1,0,0.458484729,1.735316948
1958,269,1993,133,4890,9.5,14.9,1.29,4.1,0.4,0.467698891,8
1959,269,1993,134,6960,9.4,13.9,1.22,3.1,0,0.465614835,7.699556534
1960,269,1993,135,13080,5,15.2,0.98,4.6,0.5,0.463609985,6.193360707
1961,269,1993,136,22290,4.8,17.9,0.89,4.6,0,0.461682207,3.053212446
1962,269,1993,137,25170,9.4,24.9,0.98,6.2,0,0.459829452,1.839357684
1963,269,1993,138,12860,14.5,21.4,1.61,3.6,25.1,0.458049754,6.211192755
1964,269,1993,139,18090,12.1,21.6,1.69,3.6,2.9,0.456341229,4.506728285
1965,269,1993,140,14880,11.4,23,1.71,3.6,2.7,0.454702074,5.617569285
1966,269,1993,141,9270,9,15,1.19,4.1,0,0.453130561,7.243243243
1967,269,1993,142,27000,6.9,18.2,1.15,3.1,0,0.45162504,1.185462196
1968,269,1993,143,26510,7.4,20.7,1.16,3.6,0,0.460717123,1.447809751
1969,269,1993,144,25460,9.5,23.1,1.52,4.1,0,0.459220518,1.784456695
1970,269,1993,145,21440,11.1,22.8,1.62,4.6,0,0.457791948,3.448632176
1971,269,1993,146,21440,11.3,21.8,1.49,6.2,0,0.456429837,3.518912067
1972,269,1993,147,2570,12.3,15.5,1.53,5.7,15.9,0.455132676,8
1973,269,1993,148,5960,9.6,13.6,1.2,4.1,9.3,0.453899016,7.976519956
1974,269,1993,149,25620,10.4,19,1.31,4.6,0,0.452727476,1.994960702
1975,269,1993,150,21270,11.9,20.7,1.35,6.2,0,0.451616739,3.729132819
1976,269,1993,151,16800,11.3,16.9,1.19,7.7,0.1,0.450565554,5.310611548
1977,269,1993,152,13270,9.6,18,1.33,3.1,0,0.449572737,6.322158473
1978,269,1993,153,14580,12.6,22.8,1.76,3.1,12.8,0.448637173,5.899341937
1979,269,1993,154,7770,11.2,14.8,1.35,3.6,7.2,0.447757814,7.637227887
1980,269,1993,155,24780,9.4,20.3,1.42,3.1,0,0.446933677,2.456408902
1981,269,1993,156,20000,11.8,22.2,1.47,3.1,0,0.44616385,4.257184144
1982,269,1993,157,25820,10.6,21,1.29,3.1,0,0.445447483,2.128723298
1983,269,1993,158,23990,8.2,22.9,1.4,2.6,0,0.444783791,2.834700578
1984,269,1993,159,26370,8.9,24.4,1.44,2.1,0,0.444172052,1.871858633
1985,269,1993,160,28120,11.3,27.3,1.63,4.1,0,0.453381728,1.050698826
1986,269,1993,161,20090,15,29.7,2,3.1,14.9,0.452829418,4.151572889
1987,269,1993,162,20130,13.6,22.3,1.56,5.7,0,0.452332752,4.254206969
1988,269,1993,163,8890,9.9,15.9,1.21,5.1,0,0.451890818,7.440841672
1989,269,1993,164,11390,9.2,16.7,1.24,3.6,0.7,0.451502753,6.87783265
1990,269,1993,165,6230,10.3,13.3,1.14,2.6,4.2,0.4511678,7.966856361
1991,269,1993,166,26930,7.9,16.1,1.05,3.1,0,0.450885329,1.910258975
1992,269,1993,167,3260,10,15.1,1.37,4.6,14.4,0.450654839,8
1993,269,1993,168,26500,12.2,18.5,1.4,5.1,0,0.450475944,1.929279855
1994,269,1993,169,7610,13,17.2,1.58,5.7,3,0.450348358,7.684190157
1995,269,1993,170,12190,11.3,17.1,1.41,4.6,6.7,0.450271882,6.669792159
1996,269,1993,171,26640,8.7,18,1.26,3.6,0,0.450246403,1.938318586
1997,269,1993,172,19580,8.9,18.9,1.29,2.1,0,0.450271882,4.543329447
1998,269,1993,173,21320,7.9,18.6,1.19,3.1,0,0.450348358,3.979385101
1999,269,1993,174,12700,9.2,16.4,1.18,4.1,0.6,0.450475944,6.568848647
2000,269,1993,175,25480,9.1,16.1,1.02,5.7,0,0.450654839,2.499797355
2001,269,1993,176,11600,9.5,14.9,1.05,3.1,0,0.450885329,6.852214139
2002,269,1993,177,10320,8.3,17.2,1.22,3.6,0.1,0.4511678,7.127849168
2003,269,1993,178,25210,11.7,18.1,1.29,6.2,0.5,0.451502753,2.457680591
2004,269,1993,179,19180,9.9,17.8,1.2,3.6,0.4,0.451890818,4.666165076
2005,269,1993,180,28580,7.9,22.5,1.31,4.1,0,0.452332752,1.010861887
2006,269,1993,181,29090,10.1,23.9,1.43,4.1,0,0.452829418,0.70315097
2007,269,1993,182,25030,10.5,23.1,1.63,4.1,0,0.453381728,2.338780238
2008,269,1993,183,27670,9.9,20.5,1.43,4.1,0,0.444172052,1.289514378
2009,269,1993,184,22770,9.6,22.4,1.49,4.1,0,0.444783791,3.246807127
2010,269,1993,185,27760,14.2,24.5,1.8,3.6,0,0.445447483,1.034491321
2011,269,1993,186,7750,11.5,16.6,1.36,4.1,28.5,0.44616385,7.642031949
2012,269,1993,187,15360,11.1,17.6,1.24,5.1,2.6,0.446933677,5.763359962
2013,269,1993,188,16640,10.4,16.7,1.15,5.7,0,0.447757814,5.387904665
2014,269,1993,189,15840,7.8,21.4,1.31,4.1,0,0.448637173,5.584018674
2015,269,1993,190,13460,12.2,20.3,1.53,6.2,0.1,0.449572737,6.225204397
2016,269,1993,191,21400,8.9,17,1.13,4.6,0.7,0.450565554,3.742169274
2017,269,1993,192,16740,6.4,16.8,1.12,3.1,0.3,0.451616739,5.30645999
2018,269,1993,193,17040,5,16.9,1.13,3.6,0.9,0.452727476,5.19283477
2019,269,1993,194,18700,8.5,18.2,1.16,3.1,0,0.453899016,4.619573301
2020,269,1993,195,6390,11.9,18.1,1.67,4.1,21.4,0.455132676,7.861845884
2021,269,1993,196,8740,12.2,18.4,1.58,2.1,6.5,0.456429837,7.361085462
2022,269,1993,197,12180,15.2,21.4,1.91,4.1,5.5,0.457791948,6.450487669
2023,269,1993,198,14120,13.2,19.8,1.63,4.6,0,0.459220518,5.911338081
2024,269,1993,199,21470,11.4,19.6,1.39,3.1,0,0.460717123,3.395943983
2025,269,1993,200,8960,13.2,18,1.61,3.1,1.2,0.45162504,7.274857806
2026,269,1993,201,12400,12.7,19,1.6,5.1,4.5,0.453130561,6.369381155
2027,269,1993,202,16800,12.2,18.2,1.42,5.1,0.9,0.454702074,5.007890356
2028,269,1993,203,17130,8.9,19,1.37,3.6,0,0.456341229,4.879486738
2029,269,1993,204,10550,11.8,20.5,1.62,5.1,0.1,0.458049754,6.830950456
2030,269,1993,205,13970,15.5,22.4,1.97,4.6,16.3,0.459829452,5.77027502
2031,269,1993,206,18080,12.2,18.3,1.51,5.1,12,0.461682207,4.410935682
2032,269,1993,207,19020,10.8,17.9,1.34,5.7,18.2,0.463609985,4.067576795
2033,269,1993,208,4150,10.6,17.3,1.59,5.7,14.2,0.465614835,8
2034,269,1993,209,12490,13.2,19.9,1.71,4.1,0.2,0.467698891,6.181674057
2035,269,1993,210,6790,15,21,1.96,4.1,2.8,0.458484729,7.665231596
2036,269,1993,211,3610,15.3,18.2,1.91,2.6,20.9,0.460553656,8
2037,269,1993,212,16960,12,18.9,1.55,4.1,1.1,0.462700317,4.598459235
2038,269,1993,213,13750,12.1,19.8,1.63,3.1,0,0.464926934,5.69112254
2039,269,1993,214,19020,13.7,23,1.65,2.6,0,0.467235821,3.662734714
2040,269,1993,215,14810,11.3,20.5,1.55,4.1,1.6,0.469629393,5.276929033
2041,269,1993,216,14400,13.1,19.8,1.63,3.1,0,0.472110167,5.372905501
2042,269,1993,217,11910,14,20.7,1.7,5.7,3.8,0.474680764,6.174234226
2043,269,1993,218,14380,8.3,17.7,1.3,7.2,1.6,0.477343917,5.377114807
2044,269,1993,219,14600,9.2,21.2,1.54,3.1,0,0.467851415,5.208694668
2045,269,1993,220,15560,9.5,21.1,1.58,3.1,0,0.470478482,4.793556617
2046,269,1993,221,5240,10.1,18.7,1.59,5.1,3,0.47319694,7.933046381
2047,269,1993,222,17370,8.1,16.8,1.2,5.7,2.7,0.476009624,4.064106796
2048,269,1993,223,6990,7.4,17.7,1.35,6.2,2.3,0.478919488,7.507915715
2049,269,1993,224,6190,11,18.6,1.62,6.2,7.8,0.481929614,7.677563398
2050,269,1993,225,20700,8.4,18,1.24,3.6,0,0.485043215,2.318099954
2051,269,1993,226,17170,8.4,23.2,1.54,2.6,0.1,0.488263641,3.804786028
2052,269,1993,227,10300,11.3,22.4,1.84,3.1,7.7,0.491594385,6.404171868
2053,269,1993,228,11420,11.7,20.2,1.69,4.1,0,0.481604207,6.002418689
2054,269,1993,229,21700,8,19.3,1.3,2.6,0,0.484876335,1.391461549
2055,269,1993,230,20030,8.1,20.4,1.32,2.6,0,0.488257758,2.176366423
2056,269,1993,231,20330,6.9,20.9,1.29,1.5,0,0.491752093,1.93259409
2057,269,1993,232,5610,12.1,18.8,1.69,3.1,0.5,0.495363115,7.716602515
2058,269,1993,233,11790,12.7,19.6,1.67,2.6,0,0.499094765,5.666715068
2059,269,1993,234,3400,9.1,13.5,1.3,3.6,17.4,0.502951153,8
2060,269,1993,235,13860,7,16.6,1.25,3.1,0.9,0.506936575,4.792308621
2061,269,1993,236,12720,7.8,16.4,1.27,3.6,2.7,0.496418332,5.220973355
2062,269,1993,237,12050,10.3,16.1,1.38,3.1,3,0.500324623,5.424182561
2063,269,1993,238,14950,7.4,17.8,1.31,2.6,0.3,0.504358928,4.066232046
2064,269,1993,239,10120,6.2,15.4,1.19,3.6,0.7,0.508525681,6.140887387
2065,269,1993,240,13670,5.5,17.5,1.21,2.6,0,0.512829511,4.564123192
2066,269,1993,241,14470,4.2,18.4,1.19,2.6,0,0.517275255,4.107334363
2067,269,1993,242,7090,10.9,16.5,1.43,5.1,2.5,0.521867966,7.099204345
2068,269,1993,243,11680,9.7,17.7,1.4,5.1,0.1,0.510890674,5.244787572
2069,269,1993,244,8420,9.7,18,1.5,1.5,1.5,0.515386679,6.549046201
2070,269,1993,245,4430,10.2,16.2,1.49,3.1,0.7,0.520028519,7.861586231
2071,269,1993,246,8670,11.9,15.4,1.47,6.2,14.4,0.524821391,6.374651145
2072,269,1993,247,11120,10.3,16.1,1.37,4.6,1.1,0.529770722,5.260630334
2073,269,1993,248,17120,5.9,16.8,1.13,3.1,1,0.534882186,1.889677366
2074,269,1993,249,17450,3.8,17.9,1.09,1.5,0,0.540161712,1.555234408
2075,269,1993,250,17320,6.5,19,1.28,4.1,0,0.545615504,1.391841871
2076,269,1993,251,4270,10.1,18.8,1.65,2.6,16.8,0.533776739,7.804643773
2077,269,1993,252,6890,12.2,19.6,1.77,3.1,15.8,0.539105935,6.823564441
2078,269,1993,253,7090,12,18.2,1.67,4.6,6,0.544607795,6.713123431
2079,269,1993,254,13100,6.9,17.8,1.34,3.1,0,0.550288652,3.597323149
2080,269,1993,255,16470,5.3,18.6,1.23,3.1,2.5,0.556155122,1.227300799
2081,269,1993,256,1310,10.8,13.3,1.41,6.2,21.7,0.562214124,8
2082,269,1993,257,3640,10.2,14.4,1.43,3.6,5.8,0.568472892,7.914810688
2083,269,1993,258,7230,11.8,16.1,1.53,3.6,7.3,0.555891418,6.448973313
2084,269,1993,259,3680,9.6,14.7,1.42,3.1,8.4,0.561999743,7.867015395
2085,269,1993,260,6500,4.3,12.8,1.06,1.5,0.7,0.568305479,6.758069183
2086,269,1993,261,14350,2.4,15.4,1,1.5,0,0.574815938,1.955015102
2087,269,1993,262,15760,4,18.1,1.19,3.6,0,0.581538755,0.525059946
2088,269,1993,263,12330,7.8,22.8,1.58,3.1,0,0.588481908,2.911252909
2089,269,1993,264,7450,9.8,18.4,1.51,4.1,0.3,0.595653732,6.00510864
2090,269,1993,265,4150,9.6,17.3,1.54,2.1,2,0.582183338,7.549092688
2091,269,1993,266,5660,11,16.3,1.52,2.1,0,0.589172609,6.831345385
2092,269,1993,267,8410,9.6,15.3,1.37,3.6,0,0.596386844,5.242946095
2093,269,1993,268,1060,11.1,12.8,1.38,7.2,37.8,0.60383434,8
2094,269,1993,269,3220,10.5,12.8,1.34,7.2,7.9,0.6115237,7.84351
2095,269,1993,270,2360,10.4,13.1,1.38,4.1,7.1,0.6194641,8
2096,269,1993,271,6240,7.6,14.6,1.26,5.1,0,0.6276647,6.292894
2097,269,1993,272,11600,5.1,16.3,1.2,3.1,0,0.6361355,2.240679
2098,269,1993,273,4470,8.8,14.2,1.3,4.1,0,0.6211191,7.159313
2099,269,1993,274,4280,10.9,14.8,1.36,7.2,0,0.6293505,7.211546
2100,269,1993,275,7490,10.5,15.8,1.35,4.6,0,0.6378454,5.142721
2101,269,1993,276,1430,11.6,13.5,1.41,8.2,0,0.6466133,8
2102,269,1993,277,5490,10.5,16.5,1.44,5.7,0,0.6556639,6.347492
2103,269,1993,278,6610,9.8,17.6,1.51,4.1,2.4,0.6650076,5.478099
2104,269,1993,279,7090,11.8,16.7,1.51,4.6,0,0.674655,5.008968
2105,269,1993,280,7660,7.9,15.7,1.27,5.1,0,0.6583203,4.485725
2106,269,1993,281,7730,9.1,15.9,1.39,2.6,0,0.6676702,4.259639
2107,269,1993,282,5090,9,13.9,1.29,5.1,0,0.677313,6.311697
2108,269,1993,283,8090,8.1,15.1,1.28,4.1,0,0.6872585,3.675399
2109,269,1993,284,6210,9.9,17.5,1.51,4.1,0.5,0.6975169,5.219748
2110,269,1993,285,4100,11.8,17.5,1.6,7.2,6.9,0.7080988,6.780644
2111,269,1993,286,5750,11.4,16.1,1.46,5.7,0.4,0.7190148,5.430991
2112,269,1993,287,1820,5.4,11.5,1.05,4.6,16,0.7011604,8
2113,269,1993,288,7480,1.9,11.1,0.9,2.6,0.1,0.7117022,3.684832
2114,269,1993,289,5070,0.9,8.7,0.81,2.1,0.4,0.7225609,5.892895
2115,269,1993,290,9740,0.4,11.3,0.83,2.6,0.6,0.7337458,0.5722844
2116,269,1993,291,10600,-0.9,8.2,0.7,4.1,0,0.7452664,0
2117,269,1993,292,9570,-1.7,7.9,0.71,2.6,0,0.7571323,0.3661429
2118,269,1993,293,5060,-2,9,0.75,2.6,3.9,0.7693533,5.550696
2119,269,1993,294,7160,2.6,10.3,0.94,3.1,4.5,0.7819394,3.004947
2120,269,1993,295,3740,4.3,9.6,0.92,5.7,0,0.7615323,6.548716
2121,269,1993,296,5380,3.9,8.7,0.86,7.2,0,0.7736058,4.852803
2122,269,1993,297,8100,5.6,8.8,0.89,5.1,0,0.7860145,1.053393
2123,269,1993,298,2290,7.4,10.2,1.04,4.1,0,0.7987658,7.551987
2124,269,1993,299,5010,7.8,12.5,1.22,3.6,0.1,0.8118664,4.786158
2125,269,1993,300,2410,8.2,10.3,1.16,2.6,0.5,0.8253233,7.36946
2126,269,1993,301,2530,3.9,9.1,0.92,3.1,0,0.8391428,7.252522
2127,269,1993,302,6650,1.9,9.3,0.89,5.1,0,0.853331,2.119658
2128,269,1993,303,2460,1.8,5.4,0.79,4.6,0,0.829911,7.239345
2129,269,1993,304,1340,1.6,3.6,0.74,3.6,0,0.843395,8
2130,269,1993,305,690,1.8,2.7,0.72,2.6,0,0.8571998,8
2131,269,1993,306,1980,1.3,4.1,0.73,3.6,0,0.8713273,7.543787
2132,269,1993,307,3510,2.5,7.4,0.86,4.1,0,0.8857786,5.851137
2133,269,1993,308,5380,2.6,13.6,1.04,2.6,0,0.9005538,2.878093
2134,269,1993,309,4630,1.7,7.1,0.83,5.7,0,0.9156522,4.046867
2135,269,1993,310,1190,4.7,6.7,0.9,6.2,0,0.9310723,8
2136,269,1993,311,1180,4.5,6,0.89,4.1,6.5,0.9468111,8
2137,269,1993,312,1470,5.4,7.7,0.96,2.6,0.2,0.9187459,7.78642
2138,269,1993,313,2490,3.6,9.9,0.98,3.1,0,0.933463,6.627746
2139,269,1993,314,880,6.5,8.6,1.03,7.2,9.9,0.948423,8
2140,269,1993,315,4140,4.9,10.1,1,5.1,4.3,0.963617,3.87542
2141,269,1993,316,3910,3,9.2,0.92,4.1,0.6,0.9790346,4.180826
2142,269,1993,317,1690,4.1,8.4,0.93,6.7,0.9,0.994664,7.394353
2143,269,1993,318,780,5.7,10.8,1.06,10.3,17.5,1.010491,8
2144,269,1993,319,2260,3.2,8.3,0.85,5.1,0,1.026502,6.577093
2145,269,1993,320,4410,-0.3,4.7,0.65,2.6,0,1.042677,2.670024
2146,269,1993,321,4780,-1,4.5,0.64,3.6,0,1.058999,1.62331
2147,269,1993,322,4610,-2.3,1.7,0.57,3.6,0,1.024323,1.874281
2148,269,1993,323,6110,-3.5,1.9,0.5,3.6,0,1.039163,0
2149,269,1993,324,1950,-3.8,2,0.49,4.6,0,1.054044,6.811371
2150,269,1993,325,1770,-5.7,-1.7,0.38,6.7,0,1.06894,7.045477
2151,269,1993,326,3300,-7.9,-2.8,0.36,2.1,0,1.083824,4.326333
2152,269,1993,327,1030,-8.3,-0.1,0.4,3.6,0,1.098668,7.9219
2153,269,1993,328,4620,-5.2,0.5,0.43,3.1,0,1.113442,0.7071683
2154,269,1993,329,3540,-4.1,2.7,0.51,2.1,0,1.128114,3.30194
2155,269,1993,330,1150,-4.8,0.9,0.51,2.6,0,1.142652,7.697234
2156,269,1993,331,560,-3.8,-2.2,0.45,5.1,0,1.157019,8
2157,269,1993,332,2090,-3.3,-0.4,0.47,4.1,0,1.17118,6.148598
2158,269,1993,333,4630,-4.5,1.5,0.45,4.1,0,1.185096,0
2159,269,1993,334,1460,-5.2,-0.7,0.39,4.1,0.7,1.198729,7.160687
2160,269,1993,335,850,-2.3,1.9,0.57,3.6,0.2,1.152804,7.985077
2161,269,1993,336,1790,1.8,10.4,0.89,6.7,0.5,1.164385,6.403469
2162,269,1993,337,1260,7.9,9.7,1.01,7.2,0,1.175584,7.30203
2163,269,1993,338,380,2.3,10.9,0.85,8.2,2.1,1.186362,8
2164,269,1993,339,2380,1.5,8.3,0.8,5.1,0,1.196684,4.99118
2165,269,1993,340,1030,5.6,7.8,0.91,5.1,0,1.206514,7.622116
2166,269,1993,341,350,3.2,6.7,0.73,7.7,9.9,1.215816,8
2167,269,1993,342,610,1.9,10.7,0.84,7.7,14.7,1.224556,8
2168,269,1993,343,370,6.1,9.4,0.82,11.8,8.8,1.232701,8
2169,269,1993,344,640,4.2,8.3,0.8,6.7,1.7,1.240217,8
2170,269,1993,345,2280,1.9,6,0.67,5.7,0.7,1.247076,4.991776
2171,269,1993,346,2060,1,4.9,0.7,4.1,7.5,1.253249,5.488122
2172,269,1993,347,890,2.1,9.4,0.85,6.2,14.5,1.258711,7.767085
2173,269,1993,348,3420,-0.8,3.8,0.54,5.1,0.5,1.263437,1.58007
2174,269,1993,349,410,0.4,3.7,0.63,8.7,4.5,1.267408,8
2175,269,1993,350,1850,3.6,7,0.76,8.7,3.9,1.270606,5.886171
2176,269,1993,351,2800,2.3,6.4,0.71,4.6,0.3,1.273017,3.350747
2177,269,1993,352,450,5,11.6,1.02,7.7,1.1,1.274631,8
2178,269,1993,353,300,6.7,13.2,1.04,12.3,10.7,1.275439,8
2179,269,1993,354,510,2.5,6.8,0.76,4.1,6,1.275439,8
2180,269,1993,355,1550,0.4,4.1,0.65,4.6,7.5,1.274631,6.560522
2181,269,1993,356,520,0.9,6.5,0.7,7.7,12.7,1.273017,8
2182,269,1993,357,1580,2.5,5.7,0.72,6.2,4.9,1.270606,6.495437
2183,269,1993,358,710,2.4,4.6,0.74,4.1,3.1,1.267408,8
2184,269,1993,359,3160,-1.4,2.6,0.56,2.6,0,1.263437,2.429046
2185,269,1993,360,790,0.8,3.2,0.64,5.7,1.8,1.258711,7.938807
2186,269,1993,361,580,0.4,3.3,0.65,1.5,1.5,1.253249,8
2187,269,1993,362,1260,-0.3,3.2,0.63,3.6,0,1.247076,7.198483
2188,269,1993,363,520,1.9,7.5,0.81,6.7,5.9,1.240217,8
2189,269,1993,364,610,3.6,8.1,0.86,5.1,14.7,1.232701,8
2190,269,1993,365,1730,2.4,7.7,0.81,5.1,4.4,1.224556,6.326266
2191,269,1991,1,3160,1.5,6.3,0.75,6.7,0,1.215816331,2.779062502
2192,269,1991,2,950,6.2,11.7,1.08,11.3,0,1.206514198,7.734868796
2193,269,1991,3,2210,5.3,9,0.93,6.7,0,1.196684368,5.36888947
2194,269,1991,4,2920,4,8.8,0.88,6.7,0,1.186362249,3.66570808
2195,269,1991,5,970,2.5,7.9,0.8,10.8,0,1.175583845,7.775817738
2196,269,1991,6,1830,4,7,0.69,12.3,0,1.16438549,6.384464732
2197,269,1991,7,2280,4,8.3,0.81,8.2,0,1.1528036,5.489686999
2198,269,1991,8,2690,4.1,10.8,0.91,9.8,0,1.198729095,4.601897117
2199,269,1991,9,2390,3.7,10.8,0.88,9.8,0,1.185096232,5.371786252
2200,269,1991,10,1550,5.3,12.9,0.96,10.8,0,1.171179838,6.996665869
2201,269,1991,11,1860,4.4,8.5,0.89,7.2,0,1.157019081,6.526791848
2202,269,1991,12,2140,0.5,5.4,0.73,4.1,0,1.142651813,6.118215829
2203,269,1991,13,3920,-1.2,5.5,0.66,3.1,0,1.128114477,2.27959857
2204,269,1991,14,4140,-2.6,1.1,0.54,7.2,0,1.113442018,1.971013219
2205,269,1991,15,4530,-4,1.4,0.37,7.2,0,1.098667816,1.302189231
2206,269,1991,16,4350,-4.5,1.7,0.36,4.6,0,1.083823623,1.975360107
2207,269,1991,17,4020,-5,3.9,0.43,4.1,0,1.068939515,2.882377693
2208,269,1991,18,4090,-3.3,5.7,0.56,3.1,0,1.054043855,2.789430973
2209,269,1991,19,1620,-2.3,4.4,0.62,4.1,0,1.039163266,7.297989536
2210,269,1991,20,1310,-2.5,4.7,0.66,5.1,0,1.024322628,7.70230488
2211,269,1991,21,2590,3.2,6.3,0.8,6.2,0,1.058999006,5.973734274
2212,269,1991,22,1620,1.4,4.4,0.73,4.1,0,1.042677117,7.398858969
2213,269,1991,23,540,-0.5,1.7,0.63,2.1,0,1.026501515,8
2214,269,1991,24,1910,-2.5,2.5,0.6,1.5,0,1.010491384,7.153730595
2215,269,1991,25,630,-2.8,1.1,0.57,0.5,0,0.99466396,8
2216,269,1991,26,620,1,2.8,0.65,1.5,0,0.979034617,8
2217,269,1991,27,1820,-0.2,5.2,0.69,1.5,0,0.96361697,7.372095617
2218,269,1991,28,3440,-1.9,4.1,0.66,2.1,0,0.948422963,5.353710915
2219,269,1991,29,2040,-2.8,-0.6,0.54,3.1,0,0.933462976,7.244854774
2220,269,1991,30,1380,-3.2,1.2,0.56,3.1,0,0.91874592,7.912175013
2221,269,1991,31,5110,-5.3,1.4,0.48,3.6,0,0.946811084,3.190463196
2222,269,1991,32,4810,-6.5,-0.7,0.42,2.1,0,0.931072261,3.894839277
2223,269,1991,33,7550,-8.6,-0.4,0.36,2.6,0,0.915652216,0
2224,269,1991,34,5510,-9.4,-3.7,0.3,4.1,0,0.900553756,3.226453084
2225,269,1991,35,6070,-9.1,0.1,0.33,4.1,0,0.885778571,2.493864215
2226,269,1991,36,3990,-5.1,1.8,0.45,5.1,0,0.871327341,5.536964894
2227,269,1991,37,4640,-11.8,-3.2,0.25,7.7,0,0.85719983,4.953397687
2228,269,1991,38,2240,-11.9,-4.8,0.26,8.2,0,0.843394985,7.487828768
2229,269,1991,39,2190,-12.9,-3.9,0.27,7.2,0,0.829911023,7.562033355
2230,269,1991,40,5400,-13.7,-4.4,0.27,3.1,0,0.85333105,4.38547492
2231,269,1991,41,3200,-14,-3.9,0.29,1,0,0.839142804,6.81411036
2232,269,1991,42,1380,-12.4,-2.5,0.33,3.6,0,0.825323301,8
2233,269,1991,43,5590,-13.2,0.7,0.36,1.5,0,0.811866442,4.517090627
2234,269,1991,44,5640,-14.6,-0.1,0.33,2.6,0,0.798765772,4.615008411
2235,269,1991,45,4290,-14.3,1.3,0.36,2.6,0,0.786014544,6.091653754
2236,269,1991,46,2710,-3.3,2.4,0.57,7.2,0,0.773605777,7.395320275
2237,269,1991,47,5130,-0.3,2.3,0.56,3.6,0,0.7615323,5.399157173
2238,269,1991,48,7070,-5.6,2.6,0.48,2.1,0,0.781939357,3.476941723
2239,269,1991,49,4270,-0.6,4.2,0.64,1.5,0,0.769353344,6.334421292
2240,269,1991,50,10470,-5.8,5,0.52,1.5,0,0.757132289,0
2241,269,1991,51,4990,-4.9,3.1,0.55,4.6,0,0.745266351,5.912190573
2242,269,1991,52,2700,0,6.3,0.74,5.1,0,0.733745772,7.600136275
2243,269,1991,53,8120,2.1,7.1,0.73,8.2,0,0.722560907,3.003128933
2244,269,1991,54,1390,5.7,10.9,0.97,10.8,0,0.711702241,8
2245,269,1991,55,8160,4.5,12.2,0.93,6.2,0,0.701160409,3.205324998
2246,269,1991,56,8900,1.1,11.4,0.9,2.1,0,0.719014813,2.598801518
2247,269,1991,57,8400,0.4,9.7,0.85,4.1,0,0.708098779,3.332118559
2248,269,1991,58,4800,0,5.6,0.67,6.7,0,0.69751695,6.54031699
2249,269,1991,59,1080,-0.3,2.4,0.6,5.7,0,0.687258526,8
2250,269,1991,60,6010,0.8,7.6,0.78,2.6,0,0.677313011,5.805210608
2251,269,1991,61,4100,1.5,6,0.77,2.6,0,0.667670217,7.119156905
2252,269,1991,62,7730,2.9,9.6,0.86,5.7,0,0.658320259,4.642767403
2253,269,1991,63,9350,-0.6,11.8,0.75,4.1,0,0.674655005,3.438720472
2254,269,1991,64,2270,6.9,10.6,1.11,4.1,0,0.665007623,8
2255,269,1991,65,7170,7.1,15.4,1.19,3.6,0,0.655663915,5.292124657
2256,269,1991,66,4610,8.4,16.3,1.11,4.1,0,0.646613257,7.009614395
2257,269,1991,67,4700,7.9,14.1,1.12,3.1,0,0.63784541,7.004649834
2258,269,1991,68,2880,7.1,11.9,1.12,3.1,0,0.629350516,7.905648355
2259,269,1991,69,8420,8,15.7,1.15,4.1,0,0.621119081,4.797493553
2260,269,1991,70,5760,8,13.7,1.2,3.1,0,0.636135538,6.561937709
2261,269,1991,71,6380,6.2,15.7,1.19,2.6,0,0.627664742,6.270458227
2262,269,1991,72,12420,1.8,17.8,1.02,1.5,0,0.619464079,2.105290729
2263,269,1991,73,11310,4.3,17.5,1.1,3.6,0,0.611523746,3.137393037
2264,269,1991,74,3660,7.5,11.7,1.15,3.1,0,0.60383434,7.71971115
2265,269,1991,75,8570,7.1,15.9,1.13,4.1,0,0.596386844,5.270604933
2266,269,1991,76,4060,4.2,12.6,0.97,2.6,0,0.589172609,7.624349663
2267,269,1991,77,9170,1,14.5,0.95,3.6,0,0.582183338,5.126297088
2268,269,1991,78,2160,8.7,12.4,1.22,9.3,0,0.595653732,8
2269,269,1991,79,7860,9.1,13.7,1.25,7.2,0,0.588481908,5.947141795
2270,269,1991,80,7920,6.7,13.7,1.11,6.7,0,0.581538755,6.006212174
2271,269,1991,81,14280,0.5,10.2,0.75,4.1,0,0.574815938,2.294465428
2272,269,1991,82,14670,-1.5,10.1,0.67,2.1,0,0.568305479,2.222473042
2273,269,1991,83,16310,0.5,11,0.74,4.1,0,0.561999743,1.133625175
2274,269,1991,84,16320,1.9,10.8,0.72,8.7,0,0.555891418,1.314260778
2275,269,1991,85,10400,3.4,12.1,0.72,9.8,0,0.568472892,5.161831559
2276,269,1991,86,17330,0.9,13.4,0.72,5.1,0,0.562214124,0.919329974
2277,269,1991,87,11080,3,10.8,0.82,3.1,0,0.556155122,4.926882622
2278,269,1991,88,17830,0,11.3,0.67,4.1,0,0.550288652,0.947041023
2279,269,1991,89,16890,-2.7,10.9,0.64,3.6,0,0.544607795,1.776197705
2280,269,1991,90,10590,2.6,11.9,0.85,3.1,0,0.539105935,5.385759445
2281,269,1991,91,6940,8,14.2,1.18,7.7,0,0.533776739,6.940338464
2282,269,1991,92,3860,8.6,12.6,1.16,7.7,0,0.545615504,7.983462608
2283,269,1991,93,12360,4.4,12.8,0.88,6.2,0,0.540161712,4.720656524
2284,269,1991,94,14970,3,13.9,0.83,8.2,0,0.534882186,3.449734226
2285,269,1991,95,10500,5.1,11.5,0.87,7.2,0,0.529770722,5.723268924
2286,269,1991,96,13870,4,14,0.85,5.1,0,0.524821391,4.212481506
2287,269,1991,97,11820,5.7,12.6,0.94,8.7,0,0.520028519,5.238710149
2288,269,1991,98,13800,4.9,14,0.96,6.2,0,0.515386679,4.368972642
2289,269,1991,99,20260,1.4,15.2,0.82,3.1,0,0.510890674,0.938250084
2290,269,1991,100,17890,4.1,18.8,0.95,4.1,0,0.521867966,2.396568676
2291,269,1991,101,18630,8.5,21.8,0.86,5.1,0,0.517275255,2.141040343
2292,269,1991,102,20480,8.1,22.9,0.86,4.6,0,0.512829511,1.18718897
2293,269,1991,103,19730,4.7,22.4,1.12,4.1,0,0.508525681,1.599254038
2294,269,1991,104,16360,7.6,19.9,1.31,5.1,0,0.504358928,3.45780369
2295,269,1991,105,20260,5.8,19.5,1.17,4.6,0,0.500324623,1.50697385
2296,269,1991,106,9040,2.8,10.3,0.74,8.2,0,0.496418332,6.746348657
2297,269,1991,107,14760,2.2,10,0.68,6.7,0,0.506936575,4.658567399
2298,269,1991,108,9900,1.4,6.8,0.74,3.6,0,0.502951153,6.525461242
2299,269,1991,109,17400,0.1,7.5,0.6,5.1,0,0.499094765,3.663710578
2300,269,1991,110,19990,-3.2,8,0.52,3.1,0,0.495363115,2.564957132
2301,269,1991,111,19090,-3.7,9.2,0.53,5.1,0,0.491752093,3.077742747
2302,269,1991,112,13740,3.5,8.6,0.84,5.7,0,0.488257758,5.287104926
2303,269,1991,113,17490,1.5,10.3,0.82,5.1,0,0.484876335,3.804849555
2304,269,1991,114,18010,-0.4,12.2,0.76,2.6,0,0.481604207,3.669296158
2305,269,1991,115,20220,0.2,14.4,0.74,5.1,0,0.491594385,2.743116788
2306,269,1991,116,18790,2.5,14.8,0.83,4.6,0,0.488263641,3.426795801
2307,269,1991,117,19820,1.5,11.8,0.88,3.6,0,0.485043215,3.008404546
2308,269,1991,118,16370,-1,11.7,0.75,3.6,0,0.481929614,4.590504705
2309,269,1991,119,6360,2.2,9.8,0.8,3.6,0,0.478919488,7.719976733
2310,269,1991,120,9840,2.6,12.1,0.84,6.2,0,0.476009624,6.837166605
2311,269,1991,121,7370,4,11.4,0.93,6.2,0,0.47319694,7.493650457
2312,269,1991,122,8180,5.5,10.1,0.93,7.7,0,0.470478482,7.306537437
2313,269,1991,123,19070,4.5,10.9,0.9,8.2,0,0.467851415,3.709864827
2314,269,1991,124,16510,5.9,10.9,1,5.7,0,0.477343917,4.730878855
2315,269,1991,125,9440,4.5,10.2,0.98,3.1,0,0.474680764,7.021349069
2316,269,1991,126,6080,6.5,10.8,1.05,1.5,0,0.472110167,7.833251556
2317,269,1991,127,9460,6.6,12.4,1.08,3.1,0,0.469629393,7.036464174
2318,269,1991,128,23730,4,14.2,0.84,4.1,0,0.467235821,2.02165836
2319,269,1991,129,24540,2.4,15.4,0.92,3.6,0,0.464926934,1.670716528
2320,269,1991,130,23160,4.8,15.9,1.07,4.1,0,0.462700317,2.282922865
2321,269,1991,131,23280,2.3,16.1,0.92,4.1,0,0.460553656,2.366301768
2322,269,1991,132,23240,8.5,14.6,1.01,3.6,0,0.458484729,2.395554426
2323,269,1991,133,7300,7,15.1,1.2,4.6,0,0.467698891,7.618457545
2324,269,1991,134,18990,7.4,12.5,0.99,7.2,0,0.465614835,4.210441186
2325,269,1991,135,8680,5.9,11.2,0.96,7.7,0,0.463609985,7.345126379
2326,269,1991,136,19270,5.5,11.4,0.95,6.2,0,0.461682207,4.193012851
2327,269,1991,137,20030,3.5,11.7,0.88,4.1,0,0.459829452,3.97382869
2328,269,1991,138,22560,2.1,12.5,0.82,2.6,0,0.458049754,3.064902525
2329,269,1991,139,16730,2.5,15.7,0.94,2.6,0,0.456341229,5.164867218
2330,269,1991,140,13510,11.1,17.5,1.47,5.7,0,0.454702074,6.075669616
2331,269,1991,141,14930,12.2,18.7,1.56,4.6,0,0.453130561,5.647760416
2332,269,1991,142,23560,8.1,15.9,1.09,5.7,0,0.45162504,2.696722702
2333,269,1991,143,24690,7.7,13.7,0.9,6.7,0,0.460717123,2.365432277
2334,269,1991,144,25450,6.8,14,0.88,4.1,0,0.459220518,2.101093587
2335,269,1991,145,18430,8,15,1.1,4.6,0,0.457791948,4.697227869
2336,269,1991,146,9510,9.4,14,1.16,4.1,0,0.456429837,7.232498326
2337,269,1991,147,6430,9.3,12.1,1.22,3.6,0,0.455132676,7.883094991
2338,269,1991,148,8370,7.8,12.6,1.15,2.6,0,0.453899016,7.498975999
2339,269,1991,149,18690,8.1,15.7,1.23,3.6,0,0.452727476,4.655544044
2340,269,1991,150,26210,7,18.6,1.3,4.1,0,0.451616739,1.781096417
2341,269,1991,151,9630,8.2,13.8,1.14,4.1,0,0.450565554,7.240570183
2342,269,1991,152,20840,5.8,14,0.89,5.7,0,0.449572737,4.084219255
2343,269,1991,153,21840,1.8,14.7,0.8,2.1,0,0.448637173,3.787540032
2344,269,1991,154,5240,6.2,10.4,1.02,4.6,0,0.447757814,8
2345,269,1991,155,17530,3.7,11.9,0.92,6.2,0,0.446933677,5.20447297
2346,269,1991,156,22240,3.5,14.4,0.85,3.1,0,0.44616385,3.675938176
2347,269,1991,157,13600,7.8,15.4,1.02,3.6,0,0.445447483,6.323409198
2348,269,1991,158,13660,7.6,19.3,1.45,3.1,0,0.444783791,6.245735012
2349,269,1991,159,14140,10,14.2,1.29,3.6,0,0.444172052,6.145758
2350,269,1991,160,14620,10.2,18.5,1.42,6.2,0,0.453381728,5.997453487
2351,269,1991,161,12280,10.6,16.8,1.41,7.2,0,0.452829418,6.628711109
2352,269,1991,162,13890,11.6,15.9,1.18,6.2,0,0.452332752,6.247037749
2353,269,1991,163,5870,11.9,15.1,1.46,6.7,0,0.451890818,8
2354,269,1991,164,18910,10.5,17,1.34,8.2,0,0.451502753,4.734709905
2355,269,1991,165,18120,10.7,17,1.25,6.7,0,0.4511678,5.01525754
2356,269,1991,166,2850,10,14.1,1.38,5.7,0,0.450885329,8
2357,269,1991,167,16760,6.2,14.6,1.11,5.7,0,0.450654839,5.470101406
2358,269,1991,168,21760,4.7,16.8,1.08,2.1,0,0.450475944,3.864918637
2359,269,1991,169,14270,6.1,15.7,1.17,3.6,0,0.450348358,6.164467309
2360,269,1991,170,8450,9.1,14.4,1.35,5.1,0,0.450271882,7.528518515
2361,269,1991,171,18340,7.2,16.9,1.27,2.6,0,0.450246403,4.951592222
2362,269,1991,172,20370,5.8,20.4,1.36,3.6,0,0.450271882,4.257805507
2363,269,1991,173,19810,11.4,20.1,1.58,4.6,0,0.450348358,4.387786797
2364,269,1991,174,15190,11.8,18.7,1.56,4.6,0,0.450475944,5.839461854
2365,269,1991,175,16520,11.2,18.4,1.58,4.1,0,0.450654839,5.440562356
2366,269,1991,176,4250,11.2,18.2,1.67,5.1,0,0.450885329,8
2367,269,1991,177,15890,11.9,18.4,1.57,6.7,0,0.4511678,5.623250562
2368,269,1991,178,4250,11.2,14.3,1.47,3.6,0,0.451502753,8
2369,269,1991,179,12610,10.9,15.8,1.33,7.2,0,0.451890818,6.556627913
2370,269,1991,180,9240,10.1,16,1.31,5.1,0,0.452332752,7.351565319
2371,269,1991,181,9320,10.3,16.2,1.51,5.1,0,0.452829418,7.314802544
2372,269,1991,182,9840,14.3,19.8,1.92,3.1,0,0.453381728,7.161657068
2373,269,1991,183,19530,14.3,25.7,2.22,3.6,0,0.444172052,4.262779741
2374,269,1991,184,25960,14.3,27.5,1.93,3.6,0,0.444783791,1.798764132
2375,269,1991,185,28990,16.2,25.9,1.72,6.7,0,0.445447483,0.509230063
2376,269,1991,186,26240,15,28,1.92,6.2,0,0.44616385,1.634087781
2377,269,1991,187,23410,16.1,30.3,2.22,4.1,0,0.446933677,2.708342542
2378,269,1991,188,25310,16.2,30.1,2.3,2.1,0,0.447757814,1.854500154
2379,269,1991,189,18670,17.9,24.7,2.13,4.6,0,0.448637173,4.496204586
2380,269,1991,190,10060,11.7,19.4,1.5,5.1,0,0.449572737,7.103418743
2381,269,1991,191,26390,11,24,1.56,2.6,0,0.450565554,1.566155777
2382,269,1991,192,26380,13.3,31.1,2.01,3.6,0,0.451616739,1.351817245
2383,269,1991,193,21160,15.2,21.2,1.71,5.7,0,0.452727476,3.598559112
2384,269,1991,194,9860,15.3,19.8,1.77,5.1,0,0.453899016,7.098401349
2385,269,1991,195,23510,11.7,20.8,1.55,4.1,0,0.455132676,2.658088955
2386,269,1991,196,7100,11.7,17.6,1.5,5.7,0,0.456429837,7.722140003
2387,269,1991,197,14760,13.4,19.2,1.56,5.1,0,0.457791948,5.745933858
2388,269,1991,198,26250,11.8,19.8,1.53,4.1,0,0.459220518,1.357621283
2389,269,1991,199,6760,11.1,16.6,1.49,4.6,0,0.460717123,7.775829005
2390,269,1991,200,10430,13.6,18.4,1.6,5.1,0,0.45162504,6.91385416
2391,269,1991,201,14850,13.3,20.6,1.72,4.1,0,0.453130561,5.614458689
2392,269,1991,202,23240,9.2,20.2,1.42,2.6,0,0.454702074,2.542910857
2393,269,1991,203,24650,6.6,21.5,1.28,2.1,0,0.456341229,1.942962829
2394,269,1991,204,24000,10.9,26.8,1.65,2.6,0,0.458049754,2.023371164
2395,269,1991,205,10680,12.8,18.9,1.59,4.6,0,0.459829452,6.785565059
2396,269,1991,206,15160,11.4,20.3,1.59,3.1,0,0.461682207,5.420573878
2397,269,1991,207,20950,11.1,20.7,1.55,3.1,0,0.463609985,3.231138426
2398,269,1991,208,16020,12.1,22.9,1.7,1,0,0.465614835,5.047727653
2399,269,1991,209,24570,10.3,25.8,1.57,3.1,0,0.467698891,1.499936905
2400,269,1991,210,24470,13.1,27.2,1.75,5.1,0,0.458484729,1.402624493
2401,269,1991,211,23610,14.4,28.2,1.8,4.6,0,0.460553656,1.728335722
2402,269,1991,212,6850,11.2,20.4,1.62,2.6,0,0.462700317,7.651585958
2403,269,1991,213,19850,9.2,23.2,1.57,1.5,0,0.464926934,3.388662047
2404,269,1991,214,22720,10.1,24.9,1.7,2.6,0,0.467235821,1.98827538
2405,269,1991,215,19950,12.6,24.9,1.82,2.1,0,0.469629393,3.157274008
2406,269,1991,216,21700,11.1,25.7,1.82,2.6,0,0.472110167,2.291187365
2407,269,1991,217,13990,12.7,25,1.87,3.1,0,0.474680764,5.441856707
2408,269,1991,218,19380,15.2,29.3,2.01,3.6,0,0.477343917,3.176869199
2409,269,1991,219,16480,14.8,23,1.94,3.1,0,0.467851415,4.390574843
2410,269,1991,220,12780,10.6,21,1.53,3.6,0,0.470478482,5.823158979
2411,269,1991,221,20230,8.9,23.4,1.32,3.6,0,0.47319694,2.818773714
2412,269,1991,222,6760,17.2,22.1,2.11,3.6,0,0.476009624,7.532044709
2413,269,1991,223,7540,16.8,21.8,2.04,4.6,0,0.478919488,7.31467759
2414,269,1991,224,21200,8.9,20.1,1.3,4.1,0,0.481929614,2.126325501
2415,269,1991,225,7980,10.2,21.1,1.55,2.1,0,0.485043215,7.195478305
2416,269,1991,226,20380,9.2,22.5,1.5,2.1,0,0.488263641,2.282813858
2417,269,1991,227,20090,9.7,26,1.64,2.1,0,0.491594385,2.288615916
2418,269,1991,228,17830,11.3,22,1.59,4.1,0,0.481604207,3.344561706
2419,269,1991,229,11680,12.1,20,1.59,6.2,4.3,0.484876335,5.886660165
2420,269,1991,230,19240,13.2,20.1,1.4,6.7,0,0.488257758,2.552049128
2421,269,1991,231,15490,13,20.4,1.41,4.1,0,0.491752093,4.274107553
2422,269,1991,232,15650,9.8,21.3,1.56,3.1,0.7,0.495363115,4.092969066
2423,269,1991,233,21500,7.4,25.1,1.39,2.6,0,0.499094765,1.007122663
2424,269,1991,234,15670,14.8,29.6,1.87,4.1,0,0.502951153,3.857985152
2425,269,1991,235,18380,15,22.3,1.59,5.7,2.8,0.506936575,2.461176808
2426,269,1991,236,16220,10.8,20.5,1.48,5.1,0.1,0.496418332,3.542097323
2427,269,1991,237,15480,9.6,23.6,1.55,2.1,0,0.500324623,3.809286564
2428,269,1991,238,16200,9,21.9,1.51,1.5,0,0.504358928,3.369902803
2429,269,1991,239,17660,11.7,22,1.48,3.1,0,0.508525681,2.48979732
2430,269,1991,240,12500,9.8,21.4,1.49,5.1,0,0.512829511,5.033881794
2431,269,1991,241,19200,9.1,22.8,1.4,3.6,0,0.517275255,1.377114774
2432,269,1991,242,20480,6.1,24,1.28,3.1,0,0.521867966,0.484288508
2433,269,1991,243,19990,10.1,25.9,1.51,4.1,0,0.510890674,0.530585633
2434,269,1991,244,19320,9.9,27.8,1.5,4.1,0,0.515386679,0.830945397
2435,269,1991,245,17590,9.9,27.5,1.7,2.1,0,0.520028519,1.726348804
2436,269,1991,246,18640,11.6,29,1.6,3.6,0,0.524821391,0.935075132
2437,269,1991,247,17410,13.4,26,1.86,4.6,0,0.529770722,1.501960287
2438,269,1991,248,5340,9.3,20.1,1.52,3.6,0,0.534882186,7.526982277
2439,269,1991,249,9110,10.9,18,1.1,4.1,0,0.540161712,6.115205282
2440,269,1991,250,7550,13.3,18,1.39,4.6,0,0.545615504,6.675750586
2441,269,1991,251,13100,8,20.5,1.35,3.6,0,0.533776739,3.906426162
2442,269,1991,252,7130,7.5,19.1,1.31,1.5,0,0.539105935,6.778743409
2443,269,1991,253,13880,5.7,22.7,1.34,2.1,0,0.544607795,3.225190324
2444,269,1991,254,6300,3.9,16.8,1.07,2.6,0,0.550288652,7.065279631
2445,269,1991,255,10120,2.5,19,1.06,2.1,0,0.556155122,5.286626145
2446,269,1991,256,17010,2.6,21.4,1.01,2.1,0,0.562214124,0.782874727
2447,269,1991,257,14990,3.4,23.9,1.11,3.1,0,0.568472892,2.050229975
2448,269,1991,258,4010,7.7,20.6,1.57,3.1,5.9,0.555891418,7.763988421
2449,269,1991,259,6650,6.5,18.2,1.39,4.1,10.5,0.561999743,6.688675558
2450,269,1991,260,11070,13.7,19,1.58,5.1,0,0.568305479,4.156749966
2451,269,1991,261,8670,12.7,19.8,1.74,4.6,1.1,0.574815938,5.487730632
2452,269,1991,262,13090,5.6,18.8,1.19,2.1,0,0.581538755,2.648287278
2453,269,1991,263,7430,3.7,18.5,1.18,1.5,0,0.588481908,6.134997001
2454,269,1991,264,12470,4.1,22.2,1.27,3.1,0,0.595653732,2.784543147
2455,269,1991,265,7230,10.2,17.8,1.36,6.2,3.5,0.582183338,6.088795751
2456,269,1991,266,5060,10.6,17.3,1.39,6.7,3.6,0.589172609,7.131983957
2457,269,1991,267,5370,14.3,19.6,1.68,8.2,2.3,0.596386844,6.913430247
2458,269,1991,268,2260,13.6,15.3,1.65,2.1,10.8,0.60383434,8
2459,269,1991,269,2690,12.5,15.9,1.57,2.6,1.1,0.611523746,8
2460,269,1991,270,4080,10.5,13.8,1.36,2.6,5.3,0.619464079,7.447596679
2461,269,1991,271,10920,8.2,17.2,1.32,5.7,0.9,0.627664742,2.94314353
2462,269,1991,272,3820,11.6,15.7,1.52,3.6,7.3,0.636135538,7.494261325
2463,269,1991,273,2700,8.3,12.9,1.25,4.6,10.7,0.621119081,7.97838972
2464,269,1991,274,5860,7.4,14.8,1.14,7.7,3.1,0.629350516,6.354626189
2465,269,1991,275,11320,8.7,15.9,1.19,7.2,2.2,0.63784541,1.950882507
2466,269,1991,276,5400,9.2,17.2,1.38,6.2,1.3,0.646613257,6.475327718
2467,269,1991,277,10590,6.6,17.1,1.22,2.6,0,0.655663915,2.26417276
2468,269,1991,278,9030,4.8,18.8,1.25,2.1,0.5,0.665007623,3.552547507
2469,269,1991,279,10530,4.1,15.5,1.04,4.1,0.5,0.674655005,2.035509153
2470,269,1991,280,5460,2.9,14.2,1.08,1.5,0,0.658320259,6.230409924
2471,269,1991,281,7580,7.4,18.3,1.38,2.6,0,0.667670217,4.396873044
2472,269,1991,282,3710,10.1,14,1.41,3.1,0,0.677313011,7.200309736
2473,269,1991,283,9230,8.6,20.3,1.55,3.1,0,0.687258526,2.381533961
2474,269,1991,284,9970,9.9,20.7,1.44,5.7,0,0.69751695,1.373281053
2475,269,1991,285,3670,7.3,14.6,1.26,2.1,4.1,0.708098779,7.108783448
2476,269,1991,286,940,10.6,13.2,1.39,3.6,4.3,0.719014813,8
2477,269,1991,287,7550,8.1,17.4,1.41,3.1,0,0.701160409,3.561811146
2478,269,1991,288,7050,7.1,16,1.31,2.1,0,0.711702241,3.975736701
2479,269,1991,289,3670,9.8,14.5,1.35,8.7,2.9,0.722560907,6.89918207
2480,269,1991,290,5990,6.4,13.8,0.98,9.3,6,0.733745772,4.901189459
2481,269,1991,291,5930,7.2,11.6,1.01,7.7,6.4,0.745266351,4.831067261
2482,269,1991,292,6230,5.8,10.5,0.91,7.2,3.3,0.757132289,4.424981995
2483,269,1991,293,5450,0.9,10.3,0.8,4.1,1.5,0.769353344,5.152304912
2484,269,1991,294,6300,-1,10.4,0.79,2.1,0,0.781939357,4.114498048
2485,269,1991,295,8290,0.5,12.6,0.87,2.6,0,0.7615323,1.296387805
2486,269,1991,296,3680,8.8,12.1,1.15,3.6,0.3,0.773605777,6.492238754
2487,269,1991,297,3250,8.8,12,1.2,2.1,0.4,0.786014544,6.802198846
2488,269,1991,298,2350,8.5,10.7,1.15,2.6,0,0.798765772,7.496662362
2489,269,1991,299,8000,1,10.5,0.78,4.6,0,0.811866442,0.764136886
2490,269,1991,300,7970,-0.3,9.1,0.67,4.1,0,0.825323301,0.634230418
2491,269,1991,301,6750,1.7,9.7,0.71,4.6,0,0.839142804,2.298888273
2492,269,1991,302,7030,1.9,9.8,0.72,4.1,0,0.85333105,1.621903851
2493,269,1991,303,5400,1.2,8.8,0.72,4.6,0,0.829911023,3.898798204
2494,269,1991,304,5770,2.7,11.8,0.87,4.6,0,0.843394985,3.098851853
2495,269,1991,305,2660,6.4,11.9,0.99,7.7,2.2,0.85719983,6.919723353
2496,269,1991,306,4520,10.6,14.3,1.29,8.7,1.6,0.871327341,4.479290787
2497,269,1991,307,1750,5.2,12,0.98,9.8,2.6,0.885778571,7.684708575
2498,269,1991,308,1670,4.6,8.3,0.92,7.2,17.6,0.900553756,7.728142582
2499,269,1991,309,3510,3.1,9.5,0.83,4.1,0.7,0.915652216,5.671406548
2500,269,1991,310,2820,3.5,7.9,0.82,6.2,4.3,0.931072261,6.459709475
2501,269,1991,311,1190,7.5,13,1.19,9.3,18.2,0.946811084,8
2502,269,1991,312,1700,6.1,12.6,1.05,7.2,7.2,0.91874592,7.556105844
2503,269,1991,313,2890,3,8.3,0.82,4.6,6.9,0.933462976,6.143001061
2504,269,1991,314,5270,1.2,8,0.78,6.2,0.6,0.948422963,1.978812332
2505,269,1991,315,1030,3.2,8.6,0.89,7.7,8.7,0.96361697,8
2506,269,1991,316,3410,1.5,10.3,0.88,7.2,6,0.979034617,5.062083577
2507,269,1991,317,3160,4.2,9.9,0.88,7.2,5.1,0.99466396,5.364248551
2508,269,1991,318,830,1.7,6.7,0.78,6.2,1.2,1.010491384,8
2509,269,1991,319,2370,0.3,6.8,0.77,4.1,3.2,1.026501515,6.437259892
2510,269,1991,320,4020,-1.5,7.3,0.74,1,0,1.042677117,3.445752276
2511,269,1991,321,3070,-1.7,3.1,0.64,2.6,0,1.058999006,5.185886063
2512,269,1991,322,420,3,7.1,0.87,4.1,4.1,1.024322628,8
2513,269,1991,323,630,2.8,6.4,0.82,7.7,4.2,1.039163266,8
2514,269,1991,324,1930,-0.2,4.1,0.65,7.2,0.9,1.054043855,6.805508776
2515,269,1991,325,1540,-1.8,0.8,0.59,3.6,0,1.068939515,7.319248186
2516,269,1991,326,900,-0.3,4.8,0.72,5.1,0.5,1.083823623,8
2517,269,1991,327,760,4.8,5.8,0.88,4.1,0,1.098667816,8
2518,269,1991,328,2600,0.9,6.2,0.76,2.6,0,1.113442018,5.357715061
2519,269,1991,329,830,0,2.4,0.65,4.6,0,1.128114477,8
2520,269,1991,330,1080,0.6,5.5,0.7,3.1,0.1,1.142651813,7.767321048
2521,269,1991,331,2100,3.3,8.9,0.89,2.1,0,1.157019081,6.070735565
2522,269,1991,332,3120,1.8,7.7,0.85,3.6,0,1.171179838,3.752437361
2523,269,1991,333,3330,0.5,8.4,0.82,3.1,0,1.185096232,3.101126942
2524,269,1991,334,3920,-1.2,9.3,0.76,3.6,0,1.198729095,1.298995817
2525,269,1991,335,990,-0.8,3.6,0.68,2.1,0,1.1528036,7.788332957
2526,269,1991,336,440,-0.3,3.1,0.68,3.6,0,1.16438549,8
2527,269,1991,337,1000,-1,1,0.6,2.1,0,1.175583845,7.747409311
2528,269,1991,338,510,-0.1,6.8,0.75,2.6,0,1.186362249,8
2529,269,1991,339,3710,0.2,6.5,0.71,3.6,0.1,1.196684368,1.26833164
2530,269,1991,340,4250,-3.5,3.4,0.56,2.6,0,1.206514198,0
2531,269,1991,341,730,2.5,5.6,0.74,2.1,0,1.215816331,8
2532,269,1991,342,2000,-0.6,6,0.7,1.5,0,1.224556227,5.76392479
2533,269,1991,343,2280,-1.4,4.3,0.64,3.1,0,1.232700505,5.08673025
2534,269,1991,344,3390,-4.2,-0.5,0.39,5.1,0,1.240217231,2.074957407
2535,269,1991,345,3160,-4,1.7,0.46,4.1,0,1.247076216,2.660067438
2536,269,1991,346,2280,-2,2.6,0.56,4.1,0,1.253249306,5.004098334
2537,269,1991,347,1570,-2.2,3,0.6,4.6,0,1.25871066,6.5793106
2538,269,1991,348,2890,-2.8,5.1,0.62,4.1,0,1.263437021,3.213001126
2539,269,1991,349,3430,-3.8,2,0.5,3.6,0,1.26740796,1.539761029
2540,269,1991,350,760,-2,3.1,0.6,3.1,0,1.270606095,7.971434108
2541,269,1991,351,650,2.3,8.3,0.89,5.7,4.3,1.273017282,8
2542,269,1991,352,2060,4,8.9,0.86,8.2,7.5,1.274630775,5.330628182
2543,269,1991,353,200,4.8,11.1,1.01,10.3,11.3,1.27543934,8
2544,269,1991,354,1500,2.8,5.1,0.66,9.3,1.4,1.27543934,6.658321256
2545,269,1991,355,590,3,10.6,0.95,7.2,6.6,1.274630775,8
2546,269,1991,356,720,8,12.7,1.21,7.7,6.5,1.273017282,7.987995375
2547,269,1991,357,1130,5,12.2,0.99,11.3,2.7,1.270606095,7.329789851
2548,269,1991,358,2940,3.1,7.2,0.78,6.2,0.7,1.26740796,2.933000398
2549,269,1991,359,1930,0.5,6.2,0.74,4.1,0,1.263437021,5.741300879
2550,269,1991,360,1040,4.3,8.7,0.9,9.3,1,1.25871066,7.519851287
2551,269,1991,361,1790,5.2,7.4,0.81,5.7,0,1.253249306,6.084959854
2552,269,1991,362,2430,4.3,8.1,0.89,3.1,0.4,1.247076216,4.523727081
2553,269,1991,363,300,5.2,6.2,0.91,3.1,1.4,1.240217231,8
2554,269,1991,364,820,5.2,6.6,0.93,1.5,0.2,1.232700505,7.903950685
2555,269,1991,365,240,3.9,5.5,0.85,4.1,0.2,1.224556227,8
2556,269,1992,1,580,4.1,8.4,0.91,8.7,0,1.215816331,8
2557,269,1992,2,600,6.4,8.4,0.95,9.3,0,1.206514198,8
2558,269,1992,3,1710,3.1,7.6,0.8,10.8,0,1.196684368,6.471006768
2559,269,1992,4,2480,3,8.6,0.89,6.7,5.7,1.186362249,4.799407531
2560,269,1992,5,270,2.3,10.2,0.95,5.7,22.1,1.175583845,8
2561,269,1992,6,2380,4.3,10.6,1,7.7,1.3,1.16438549,5.139560101
2562,269,1992,7,730,1.7,4.5,0.75,6.7,0,1.1528036,8
2563,269,1992,8,1480,1.9,9.9,0.81,7.7,0.3,1.198729095,7.06185312
2564,269,1992,9,300,3.8,9.5,0.95,5.1,16.1,1.185096232,8
2565,269,1992,10,3710,-1.3,4,0.64,5.1,0,1.171179838,2.371933261
2566,269,1992,11,1280,-3.8,-1.3,0.51,2.6,0,1.157019081,7.504358271
2567,269,1992,12,920,-2.7,5.1,0.65,2.6,0.7,1.142651813,7.977479994
2568,269,1992,13,1860,2.6,5.9,0.74,2.6,0,1.128114477,6.658778724
2569,269,1992,14,1160,5.2,7.1,0.92,4.1,0.2,1.113442018,7.698289471
2570,269,1992,15,560,5.4,7,0.87,3.6,0,1.098667816,8
2571,269,1992,16,510,3.7,6.3,0.8,4.6,0,1.083823623,8
2572,269,1992,17,1570,4.2,6.5,0.74,4.1,0,1.068939515,7.269147527
2573,269,1992,18,2350,3.5,7.3,0.86,4.1,0,1.054043855,6.1220182
2574,269,1992,19,1050,3.4,7.6,0.89,7.2,4.5,1.039163266,7.947611727
2575,269,1992,20,2300,-4.4,4.7,0.55,8.2,0,1.024322628,6.416999288
2576,269,1992,21,5170,-6.2,-0.6,0.41,4.6,0,1.058999006,0.988462173
2577,269,1992,22,4400,-7.1,-2,0.38,4.6,0,1.042677117,2.96596532
2578,269,1992,23,4190,-7.9,-2.1,0.4,2.6,0,1.026501515,3.540393476
2579,269,1992,24,3050,-9.3,-0.4,0.42,1.5,0,1.010491384,5.639227848
2580,269,1992,25,730,-7.7,-1.5,0.43,2.1,0,0.99466396,8
2581,269,1992,26,4890,-1.5,5.9,0.68,3.6,0,0.979034617,2.483869736
2582,269,1992,27,1720,-0.2,4.3,0.71,2.1,0.1,0.96361697,7.476671503
2583,269,1992,28,3840,-3.6,2.4,0.58,1.5,0,0.948422963,4.768935505
2584,269,1992,29,1360,1,2.7,0.69,3.6,0,0.933462976,7.892786696
2585,269,1992,30,1200,0.5,2.6,0.68,2.6,0,0.91874592,8
2586,269,1992,31,1550,-1.4,0.6,0.59,2.1,0,0.946811084,7.787659066
2587,269,1992,32,1530,-2.4,-0.9,0.54,1.5,0,0.931072261,7.837920108
2588,269,1992,33,920,-1.2,1.2,0.61,4.6,0.2,0.915652216,8
2589,269,1992,34,5150,0.3,6.7,0.71,8.7,2.2,0.900553756,3.512286632
2590,269,1992,35,2980,1.1,4.8,0.73,3.6,1.8,0.885778571,6.533907557
2591,269,1992,36,2150,2.5,7.8,0.85,6.7,0.7,0.871327341,7.396135606
2592,269,1992,37,4600,5.9,10.2,1.03,4.1,0,0.85719983,4.648666215
2593,269,1992,38,3500,0.1,7.8,0.76,4.6,0,0.843394985,6.185957691
2594,269,1992,39,5920,-0.2,8.5,0.76,3.6,0,0.829911023,3.208172828
2595,269,1992,40,2010,0.9,7.2,0.78,6.2,1,0.85333105,7.668728255
2596,269,1992,41,4560,4.4,7.4,0.86,6.7,2.9,0.839142804,5.250928047
2597,269,1992,42,1080,5.8,7.7,0.99,3.6,2.1,0.825323301,8
2598,269,1992,43,2090,6.8,12.2,1.16,5.1,1.3,0.811866442,7.67270356
2599,269,1992,44,4460,3.7,11.8,0.99,5.7,0.6,0.798765772,5.640026452
2600,269,1992,45,4010,3.3,8.3,0.87,7.2,0.6,0.786014544,6.205856689
2601,269,1992,46,3500,3.8,9.7,0.88,8.7,2.5,0.773605777,6.729401883
2602,269,1992,47,4520,0.4,5.6,0.67,8.7,3.7,0.7615323,5.947253668
2603,269,1992,48,7270,-3.1,2.2,0.49,4.6,0,0.781939357,3.233249061
2604,269,1992,49,7190,-6.4,2.5,0.44,1.5,0,0.769353344,3.534920267
2605,269,1992,50,4110,-0.3,5.2,0.66,3.6,0.4,0.757132289,6.529985909
2606,269,1992,51,6920,0.5,5.9,0.7,3.1,0,0.745266351,3.999371684
2607,269,1992,52,2730,1,6.3,0.75,4.1,0,0.733745772,7.580790427
2608,269,1992,53,3700,1,6.4,0.74,8.2,0.1,0.722560907,6.994194833
2609,269,1992,54,6830,-0.5,10.1,0.79,6.7,2.4,0.711702241,4.475551309
2610,269,1992,55,1810,0,8.2,0.81,3.1,0,0.701160409,8
2611,269,1992,56,5500,3,9,0.88,2.6,0,0.719014813,5.828733915
2612,269,1992,57,3820,2.9,8.7,0.86,4.1,0,0.708098779,7.091499481
2613,269,1992,58,7850,2.8,12.5,0.89,3.6,0,0.69751695,4.005529601
2614,269,1992,59,8480,1.7,12.2,0.87,3.1,0,0.687258526,3.565305527
2615,269,1992,60,9920,3.9,15.1,0.95,4.1,0,0.677313011,2.255646301
2616,269,1992,61,10080,3.5,15.2,0.83,5.7,0,0.667670217,2.358823599
2617,269,1992,62,7120,5,9,0.79,7.7,2,0.658320259,5.151611249
2618,269,1992,63,2080,2.2,9.3,0.81,6.7,0,0.674655005,8
2619,269,1992,64,4010,3,12.6,1.02,4.1,0,0.665007623,7.260567536
2620,269,1992,65,10450,3.4,16.3,0.95,4.6,1,0.655663915,2.660285847
2621,269,1992,66,10830,2.4,9.8,0.8,5.7,3.4,0.646613257,2.572228389
2622,269,1992,67,10990,2.6,13.5,0.83,4.6,0,0.63784541,2.586162978
2623,269,1992,68,9770,4,12.5,0.95,3.1,0,0.629350516,3.717753333
2624,269,1992,69,6970,1.9,10.2,0.77,2.6,0,0.621119081,5.87302269
2625,269,1992,70,10310,3.7,12.2,0.86,7.7,5.6,0.636135538,3.602749323
2626,269,1992,71,6480,2.2,7.8,0.69,8.2,0.4,0.627664742,6.314372025
2627,269,1992,72,910,5.2,9.7,0.92,11.8,18.7,0.619464079,8
2628,269,1992,73,3590,0.6,8.4,0.68,10.8,14.3,0.611523746,7.761675097
2629,269,1992,74,9810,0.7,5.9,0.63,8.2,1.9,0.60383434,4.551803587
2630,269,1992,75,8640,1.1,6.4,0.56,8.2,0.3,0.596386844,5.402337911
2631,269,1992,76,12990,1.5,8.8,0.64,4.1,0,0.589172609,2.54505453
2632,269,1992,77,6200,6.8,12.5,1.1,3.1,0,0.582183338,6.705283576
2633,269,1992,78,3650,5.6,10.6,0.96,4.1,0.2,0.595653732,7.825392758
2634,269,1992,79,12040,5.5,10.7,0.86,4.1,0.1,0.588481908,3.526833604
2635,269,1992,80,3310,7.9,10.6,1.07,7.2,3.3,0.581538755,7.973763874
2636,269,1992,81,3470,5.1,10.1,0.86,10.3,3.5,0.574815938,7.950249623
2637,269,1992,82,4920,2.7,7.7,0.79,5.1,5.2,0.568305479,7.469699344
2638,269,1992,83,12430,1.6,8.3,0.77,3.6,0.3,0.561999743,3.791353845
2639,269,1992,84,8510,1.9,7.8,0.73,6.7,0,0.555891418,6.038069854
2640,269,1992,85,7250,3.5,6.8,0.71,4.6,0.8,0.568472892,6.657560594
2641,269,1992,86,4460,3,6,0.78,5.7,2.6,0.562214124,7.724492583
2642,269,1992,87,6600,1.3,9.2,0.79,5.7,1,0.556155122,6.985084596
2643,269,1992,88,10170,0.9,6.2,0.62,7.7,2.9,0.550288652,5.524540722
2644,269,1992,89,12670,-0.9,7.7,0.58,3.1,0.2,0.544607795,4.346897762
2645,269,1992,90,13430,3.4,11.8,0.8,5.7,1,0.539105935,3.923514204
2646,269,1992,91,8400,5.1,12.8,0.92,5.7,1.4,0.533776739,6.402065479
2647,269,1992,92,8410,3.1,9.6,0.83,4.1,11.4,0.545615504,6.458286271
2648,269,1992,93,10270,1.5,10.5,0.8,3.1,1.2,0.540161712,5.730018935
2649,269,1992,94,7440,4.4,8.1,0.82,3.1,0.9,0.534882186,6.904612031
2650,269,1992,95,13270,2.4,8.6,0.73,5.1,0.2,0.529770722,4.47948645
2651,269,1992,96,12940,0,9.6,0.71,4.1,0.1,0.524821391,4.725313211
2652,269,1992,97,11020,3.4,11.1,0.84,4.6,0,0.520028519,5.618142008
2653,269,1992,98,12270,3.9,14.5,0.79,4.1,0,0.515386679,5.144031724
2654,269,1992,99,18130,1.6,15.9,0.77,5.1,0,0.510890674,2.247328399
2655,269,1992,100,19030,3.1,15.3,0.86,3.6,0,0.521867966,1.790198892
2656,269,1992,101,18380,0.7,15.9,0.79,2.6,0,0.517275255,2.322923222
2657,269,1992,102,17160,2.6,16.2,0.92,1.5,0,0.512829511,3.020788556
2658,269,1992,103,13100,3,15.3,0.96,5.1,2,0.508525681,5.03384723
2659,269,1992,104,9080,4.5,10,0.86,7.2,2.1,0.504358928,6.651448412
2660,269,1992,105,10350,7.5,12.2,0.92,7.2,2.7,0.500324623,6.231560063
2661,269,1992,106,4340,3.8,8.4,0.84,9.8,2.9,0.496418332,8
2662,269,1992,107,14490,2.7,7.1,0.64,8.7,4.1,0.506936575,4.788448719
2663,269,1992,108,3140,3,7.3,0.85,3.6,5.9,0.502951153,8
2664,269,1992,109,8620,6.8,14.3,1.19,6.2,0.6,0.499094765,6.896290622
2665,269,1992,110,22250,3.5,11.6,0.82,7.2,0,0.495363115,1.17918837
2666,269,1992,111,19670,3.1,10.6,0.77,3.1,0.4,0.491752093,2.655748579
2667,269,1992,112,16970,2.1,15.4,0.77,3.1,0,0.488257758,3.987648111
2668,269,1992,113,15730,7.3,14.6,1.13,3.6,0,0.484876335,4.451621372
2669,269,1992,114,6720,5.4,12.5,1.04,3.6,0.6,0.481604207,7.548403625
2670,269,1992,115,11390,5.9,15.9,1.07,5.7,0,0.491594385,6.191731033
2671,269,1992,116,15740,8.2,15.8,1.14,5.1,1,0.488263641,4.60983588
2672,269,1992,117,5330,8.1,13.9,1.25,7.2,9.1,0.485043215,7.904580783
2673,269,1992,118,15900,8.1,14.2,1.07,7.7,0,0.481929614,4.668275498
2674,269,1992,119,7500,7.5,11.7,1.1,4.6,5.8,0.478919488,7.417740133
2675,269,1992,120,18840,4.9,12.1,0.95,5.1,0,0.476009624,3.611188724
2676,269,1992,121,16680,3.6,14.3,0.94,6.7,1.8,0.47319694,4.55021873
2677,269,1992,122,8270,5.8,11.3,1.04,7.7,11.6,0.470478482,7.271965354
2678,269,1992,123,13700,3.3,11.5,0.92,5.1,2.1,0.467851415,5.710386147
2679,269,1992,124,23050,2.5,12.2,0.85,4.1,0.7,0.477343917,2.047910438
2680,269,1992,125,24980,0.4,14.7,0.81,2.1,0,0.474680764,1.231223079
2681,269,1992,126,22940,2.1,16.7,0.93,2.6,0,0.472110167,2.195421732
2682,269,1992,127,21280,7.7,15.8,1.08,4.6,0,0.469629393,2.925045175
2683,269,1992,128,9940,10.9,17.1,1.42,5.7,0,0.467235821,6.886059312
2684,269,1992,129,12110,8.5,12.2,0.99,7.2,1.8,0.464926934,6.351177405
2685,269,1992,130,5950,6.4,11.3,1.02,6.7,14.7,0.462700317,7.893764795
2686,269,1992,131,17390,5.6,12.8,1,3.6,2.6,0.460553656,4.682063351
2687,269,1992,132,21330,6.9,13.5,1.08,4.1,2,0.458484729,3.174066818
2688,269,1992,133,6180,6.6,13.6,1.1,8.2,0,0.467698891,7.863170742
2689,269,1992,134,20690,11.6,20.8,1.58,3.6,0,0.465614835,3.350350449
2690,269,1992,135,26130,11,28.7,1.58,5.1,0,0.463609985,0.975760914
2691,269,1992,136,24710,11.3,26.4,1.83,3.6,0,0.461682207,1.601492103
2692,269,1992,137,27520,8.9,17.1,1.15,5.7,0,0.459829452,0.662812057
2693,269,1992,138,27220,7.9,15.7,1.11,4.6,0,0.458049754,0.889478293
2694,269,1992,139,26650,6.6,21.8,1.21,4.6,0,0.456341229,1.155120904
2695,269,1992,140,27000,9.2,23.2,1.2,4.6,0,0.454702074,1.053882289
2696,269,1992,141,26350,9.5,23.7,1.25,3.6,0,0.453130561,1.376190299
2697,269,1992,142,25900,8.5,24.7,1.3,2.6,0,0.45162504,1.601219324
2698,269,1992,143,25840,9.9,26.5,1.38,3.6,0,0.460717123,1.6356188
2699,269,1992,144,24650,13.1,26.8,1.52,5.1,0,0.459220518,2.136323242
2700,269,1992,145,24110,14,26.9,1.68,4.1,0,0.457791948,2.343448444
2701,269,1992,146,22510,14,26.8,1.58,4.1,0,0.456429837,3.071276963
2702,269,1992,147,27360,11.9,23,1.04,6.7,0,0.455132676,1.310877236
2703,269,1992,148,24880,12.2,23.2,1.22,7.2,0,0.453899016,2.312217713
2704,269,1992,149,25990,13.8,25.6,1.31,6.7,0,0.452727476,1.837789694
2705,269,1992,150,25470,12.6,24.8,1.36,5.7,3,0.451616739,2.06745048
2706,269,1992,151,16780,14.2,24.1,1.93,3.6,22.1,0.450565554,5.16757756
2707,269,1992,152,21570,14.1,24.5,1.84,3.1,3.3,0.449572737,3.513691245
2708,269,1992,153,16560,12.8,24.4,1.76,4.1,2.4,0.448637173,5.296242254
2709,269,1992,154,13710,14,23,2.07,2.6,17.7,0.447757814,6.118415206
2710,269,1992,155,16470,13.3,19.6,1.72,4.1,6.5,0.446933677,5.35558683
2711,269,1992,156,4320,12.6,14,1.51,4.6,14.8,0.44616385,8
2712,269,1992,157,16770,12.8,20,1.68,4.1,0.2,0.445447483,5.289945181
2713,269,1992,158,18860,14,22.8,1.91,3.6,0,0.444783791,4.569647137
2714,269,1992,159,7060,11.9,18.2,1.68,2.1,4.8,0.444172052,7.775042865
2715,269,1992,160,22400,13.2,23.6,1.86,3.1,0.1,0.453381728,3.325791865
2716,269,1992,161,15740,12.6,22.3,1.79,3.1,0.2,0.452829418,5.61792999
2717,269,1992,162,27740,12.6,22.3,1.58,5.1,0,0.452332752,1.272385993
2718,269,1992,163,26740,8.7,20.3,1.26,5.1,0.2,0.451890818,1.85724345
2719,269,1992,164,19680,11.6,20.6,1.5,3.6,0.4,0.451502753,4.437822672
2720,269,1992,165,26590,9.5,22.3,1.57,3.1,0,0.4511678,1.801578939
2721,269,1992,166,23930,9.5,23.2,1.56,2.6,0,0.450885329,2.886794084
2722,269,1992,167,25030,10.5,25.5,1.65,3.1,0.2,0.450654839,2.424519279
2723,269,1992,168,20080,11.6,19.9,1.43,6.2,0,0.450475944,4.336555999
2724,269,1992,169,23410,10.3,18.9,1.26,5.1,0,0.450348358,3.20362137
2725,269,1992,170,13250,9.4,15.9,1.22,4.6,3.7,0.450271882,6.425969341
2726,269,1992,171,21990,8.6,16.8,1.26,4.1,6.8,0.450246403,3.723394517
2727,269,1992,172,28170,12.2,23.4,1.57,6.7,0,0.450271882,1.14460335
2728,269,1992,173,28960,10.6,20.2,1.58,4.1,0,0.450348358,0.786883103
2729,269,1992,174,19660,11.7,18.9,1.44,2.6,0,0.450475944,4.47130694
2730,269,1992,175,17860,10.4,18.7,1.46,3.6,0,0.450654839,5.049948764
2731,269,1992,176,15180,9.4,20.1,1.43,4.1,0,0.450885329,5.858209654
2732,269,1992,177,25790,10.8,21.4,1.61,4.1,0,0.4511678,2.103201476
2733,269,1992,178,24270,7.9,21.4,1.48,3.6,0,0.451502753,2.753859614
2734,269,1992,179,27260,13.5,24.4,1.88,3.6,0,0.451890818,1.345701048
2735,269,1992,180,27350,13.1,27.4,1.81,3.1,0,0.452332752,1.318874841
2736,269,1992,181,27390,11.3,28.4,1.65,2.6,0,0.452829418,1.351534047
2737,269,1992,182,24030,11.9,29.7,1.89,2.6,0.9,0.453381728,2.654296906
2738,269,1992,183,14030,16.1,22.6,2,4.1,0.4,0.444172052,6.063221834
2739,269,1992,184,6080,13,18.6,1.67,3.1,2.3,0.444783791,7.957208067
2740,269,1992,185,17030,12.7,23.2,1.77,2.6,12,0.445447483,5.17352046
2741,269,1992,186,10230,14.7,20.8,1.89,3.1,10.6,0.44616385,7.053417125
2742,269,1992,187,16140,14.2,22.5,1.9,4.6,0,0.446933677,5.408767474
2743,269,1992,188,26050,13.6,21.7,1.51,7.2,0,0.447757814,1.827132867
2744,269,1992,189,26990,8.7,19.9,1.4,4.1,0,0.448637173,1.441180036
2745,269,1992,190,25960,7,21.7,1.37,2.1,0,0.449572737,1.868033836
2746,269,1992,191,22900,9.6,25.9,1.67,2.1,0,0.450565554,2.98477462
2747,269,1992,192,9260,12.6,19.4,1.73,4.1,1.1,0.451616739,7.25838059
2748,269,1992,193,14900,13.5,21.1,1.66,2.6,0.4,0.452727476,5.750592244
2749,269,1992,194,15000,13.8,20,1.79,5.1,4.9,0.453899016,5.683888814
2750,269,1992,195,5730,13.7,16.7,1.69,6.7,7.5,0.455132676,7.988947455
2751,269,1992,196,20040,9.5,19.2,1.42,6.2,7.7,0.456429837,4.022256297
2752,269,1992,197,25010,6.8,20.3,1.24,2.6,0,0.457791948,2.08178793
2753,269,1992,198,18320,13.6,25.8,1.95,2.1,6.7,0.459220518,4.461297175
2754,269,1992,199,4320,15.1,18.6,1.92,4.1,6.8,0.460717123,8
2755,269,1992,200,13650,13.6,20.3,1.7,4.6,0,0.45162504,6.007405679
2756,269,1992,201,24400,13.7,26.7,1.92,4.1,0,0.453130561,1.891777897
2757,269,1992,202,23200,18.1,28.1,2.46,2.6,0,0.454702074,2.207248444
2758,269,1992,203,15250,14.7,25.3,2.13,4.6,2.6,0.456341229,5.371964765
2759,269,1992,204,24560,10.6,23.5,1.56,2.6,0,0.458049754,1.807126068
2760,269,1992,205,22380,8.4,26.1,1.5,2.1,0,0.459829452,2.739844237
2761,269,1992,206,15560,13.9,28.6,2.07,3.1,7.6,0.461682207,5.198510958
2762,269,1992,207,21250,13.2,24,1.87,3.1,0,0.463609985,3.002250035
2763,269,1992,208,17660,13.4,23,1.78,3.6,0,0.465614835,4.431027958
2764,269,1992,209,13300,11.4,21,1.49,5.1,0.1,0.467698891,5.964200201
2765,269,1992,210,23810,10.2,21.3,1.36,4.6,0,0.458484729,1.885469171
2766,269,1992,211,24390,7.9,26.3,1.42,3.1,0,0.460553656,1.518489586
2767,269,1992,212,20920,10.8,24.4,1.65,3.1,0,0.462700317,2.95464516
2768,269,1992,213,21860,11.4,24.9,1.63,4.1,0,0.464926934,2.481966509
2769,269,1992,214,15750,12,28.7,1.94,4.1,1.1,0.467235821,4.891797311
2770,269,1992,215,13360,14.4,21.5,1.75,4.6,0,0.469629393,5.744346325
2771,269,1992,216,13400,14.6,23,1.67,6.2,0,0.472110167,5.713845294
2772,269,1992,217,23150,11,21.5,1.46,5.1,0,0.474680764,1.660205587
2773,269,1992,218,24470,11.6,25.8,1.57,5.1,0,0.477343917,0.854250696
2774,269,1992,219,14950,10.4,23.3,1.63,4.1,0,0.467851415,5.059354483
2775,269,1992,220,21200,9.1,25.7,1.61,4.1,0,0.470478482,2.318253895
2776,269,1992,221,19550,15.6,31.8,2.29,3.6,0.4,0.47319694,2.817445304
2777,269,1992,222,22170,18.8,30.3,2.34,4.6,0.1,0.476009624,1.388838203
2778,269,1992,223,8350,13.8,21.7,1.97,5.1,27.2,0.478919488,7.092969037
2779,269,1992,224,17730,12.9,20.9,1.66,5.1,0.1,0.481929614,3.645192305
2780,269,1992,225,9210,13.2,19.3,1.63,7.7,7.1,0.485043215,6.828429659
2781,269,1992,226,12110,13.1,18.8,1.58,6.2,11.3,0.488263641,5.844249461
2782,269,1992,227,15980,12.2,20.3,1.57,5.1,8.2,0.491594385,4.261582982
2783,269,1992,228,19160,10.2,20.7,1.33,3.1,0,0.481604207,2.79304049
2784,269,1992,229,8110,12.1,21.9,1.69,4.6,5.1,0.484876335,7.065556304
2785,269,1992,230,13890,11.3,20.4,1.6,4.1,0.7,0.488257758,4.975407342
2786,269,1992,231,8200,9.7,19.6,1.53,2.6,1.5,0.491752093,7.008202864
2787,269,1992,232,14680,13.7,23,1.86,2.6,0,0.495363115,4.460567423
2788,269,1992,233,4470,12.5,21.8,1.86,4.1,14.1,0.499094765,7.985637442
2789,269,1992,234,14080,12.5,21.2,1.63,4.1,0,0.502951153,4.660181776
2790,269,1992,235,14330,12.6,24.7,1.83,2.6,1.5,0.506936575,4.435473437
2791,269,1992,236,19890,11.4,18.8,1.25,5.1,1.8,0.496418332,1.658886652
2792,269,1992,237,10850,12.7,20.2,1.57,5.1,2.6,0.500324623,5.877071773
2793,269,1992,238,10780,15,22.2,1.82,6.7,10.2,0.504358928,5.819623699
2794,269,1992,239,11970,14.2,21.2,1.66,5.1,1.8,0.508525681,5.29327022
2795,269,1992,240,10710,15.8,23.4,1.8,6.7,0.4,0.512829511,5.756829882
2796,269,1992,241,5090,13.7,20.7,1.73,5.7,1.4,0.517275255,7.722166858
2797,269,1992,242,7320,10.7,18.5,1.51,3.6,9.7,0.521867966,7.013106553
2798,269,1992,243,8760,9.8,17.3,1.32,7.7,3.7,0.510890674,6.481348267
2799,269,1992,244,12970,10.8,18.4,1.38,4.6,17.6,0.515386679,4.566889397
2800,269,1992,245,12390,9,16.7,1.25,5.1,5.9,0.520028519,4.814211337
2801,269,1992,246,6430,10.7,16.5,1.42,8.2,2.9,0.524821391,7.217692235
2802,269,1992,247,6150,10.2,16.3,1.37,5.7,0,0.529770722,7.291888482
2803,269,1992,248,10020,9.1,15.6,1.23,6.2,11.7,0.534882186,5.740962873
2804,269,1992,249,11020,10.2,15.6,1.25,4.6,2.1,0.540161712,5.204780077
2805,269,1992,250,16940,6.5,17.6,1.08,4.1,0,0.545615504,1.755490324
2806,269,1992,251,9070,7.3,19.4,1.23,5.1,0.6,0.533776739,6.007481689
2807,269,1992,252,10910,8.6,15.7,1.2,5.1,3.3,0.539105935,5.061227571
2808,269,1992,253,13060,9.7,18.7,1.33,4.6,0,0.544607795,3.732607498
2809,269,1992,254,14980,10.5,20.7,1.33,3.1,0,0.550288652,2.384367116
2810,269,1992,255,10170,9.9,22.6,1.53,5.1,0.1,0.556155122,5.147569121
2811,269,1992,256,13250,8.5,18,1.22,3.6,0,0.562214124,3.318801503
2812,269,1992,257,8700,6.4,18.6,1.2,3.6,2.6,0.568472892,5.845363595
2813,269,1992,258,11660,8.4,16.9,1.2,4.1,0,0.555891418,4.110338957
2814,269,1992,259,14590,11.3,19.2,1.44,6.7,0,0.561999743,1.872663342
2815,269,1992,260,8920,5.4,17.1,1.08,3.6,0,0.568305479,5.560037131
2816,269,1992,261,15730,3.7,18.7,1.08,4.1,0,0.574815938,0.817974998
2817,269,1992,262,7700,7.3,19.5,1.35,3.1,1.5,0.581538755,6.022832891
2818,269,1992,263,9530,11.8,19.6,1.59,3.1,0,0.588481908,4.839374296
2819,269,1992,264,5510,8.8,19.4,1.51,2.1,0,0.595653732,6.987941613
2820,269,1992,265,10100,10,21.1,1.52,3.6,0,0.582183338,4.284381987
2821,269,1992,266,8620,14.3,23,1.78,3.6,0,0.589172609,5.106425845
2822,269,1992,267,6520,11,17.9,1.4,6.7,0.4,0.596386844,6.350270694
2823,269,1992,268,8810,9,18.3,1.27,5.1,0.1,0.60383434,4.916837307
2824,269,1992,269,9720,12.2,21.4,1.55,3.6,0,0.611523746,4.08826773
2825,269,1992,270,13260,9,24.6,1.61,2.6,0,0.619464079,0.881286892
2826,269,1992,271,12320,8.7,25.3,1.59,3.6,0,0.627664742,1.580422288
2827,269,1992,272,12410,11.2,23.8,1.72,3.6,0,0.636135538,1.234321326
2828,269,1992,273,2150,9.4,14.9,1.42,2.1,0,0.621119081,8
2829,269,1992,274,5230,12.5,18.8,1.69,1.5,3.2,0.629350516,6.650576621
2830,269,1992,275,3890,8.5,16.4,1.4,2.6,0,0.63784541,7.37087506
2831,269,1992,276,7550,8.4,16.1,1.28,1.5,0,0.646613257,5.016178033
2832,269,1992,277,5600,7.9,15.3,1.19,5.7,0,0.655663915,6.31716413
2833,269,1992,278,10940,8.3,15.8,1.08,8.2,0,0.665007623,1.7937812
2834,269,1992,279,1180,6.3,11,0.99,7.2,1.6,0.674655005,8
2835,269,1992,280,1030,9.5,11.5,1.23,7.7,5.2,0.658320259,8
2836,269,1992,281,5400,8.1,14.4,1.19,4.1,0.2,0.667670217,6.180355656
2837,269,1992,282,2700,10.2,12.9,1.18,2.1,0,0.677313011,7.780952637
2838,269,1992,283,6780,4.7,14.3,0.99,4.1,0.9,0.687258526,4.97529136
2839,269,1992,284,11140,2.2,14.1,0.91,3.1,0,0.69751695,0.28573867
2840,269,1992,285,3930,2.7,12.6,0.97,2.6,0.8,0.708098779,6.97604744
2841,269,1992,286,10790,0.9,11.7,0.72,4.1,0,0.719014813,0.351640839
2842,269,1992,287,10790,-2.1,11.1,0.69,2.1,0,0.701160409,0.108121925
2843,269,1992,288,3040,-2.3,11.6,0.81,5.1,14.8,0.711702241,7.434676619
2844,269,1992,289,7030,3.6,9.6,0.86,6.7,9.2,0.722560907,4.023427837
2845,269,1992,290,2980,2.3,7.3,0.83,5.1,16.8,0.733745772,7.393415635
2846,269,1992,291,7370,0.2,10,0.83,4.1,0.6,0.745266351,3.343868763
2847,269,1992,292,6270,3.3,9.8,0.88,5.1,0.3,0.757132289,4.393734255
2848,269,1992,293,5020,6.8,12.1,1.03,6.2,0.7,0.769353344,5.509719059
2849,269,1992,294,7070,1.3,13,0.92,3.6,1.6,0.781939357,3.128752226
2850,269,1992,295,4870,1.7,8.8,0.86,3.1,0.1,0.7615323,5.505610904
2851,269,1992,296,1350,2.2,8.7,0.89,3.6,1.2,0.773605777,8
2852,269,1992,297,2970,4.4,10.7,1.01,4.6,6.8,0.786014544,7.065409666
2853,269,1992,298,5560,2.9,9.7,0.88,4.6,13.6,0.798765772,4.368659529
2854,269,1992,299,1020,3.3,8.7,0.94,4.1,17.7,0.811866442,8
2855,269,1992,300,7400,2.8,11,0.91,3.6,0.3,0.825323301,1.374519395
2856,269,1992,301,4090,4.4,8.8,0.95,5.1,5,0.839142804,5.712320332
2857,269,1992,302,5600,4.5,9,0.94,6.2,0.3,0.85333105,3.675355151
2858,269,1992,303,4760,3.6,8.8,0.91,4.6,1.1,0.829911023,4.685259572
2859,269,1992,304,6140,0.7,8.9,0.83,2.1,0,0.843394985,2.537753273
2860,269,1992,305,3370,2.9,7.6,0.88,4.1,0,0.85719983,6.183935392
2861,269,1992,306,5490,3,8.5,0.84,7.2,0,0.871327341,3.179580157
2862,269,1992,307,1060,5.9,10.3,1.03,10.3,14.1,0.885778571,8
2863,269,1992,308,4810,5.2,10.6,0.98,5.7,0.7,0.900553756,3.852019868
2864,269,1992,309,5060,5.9,10.8,1.05,5.1,0.1,0.915652216,3.23811847
2865,269,1992,310,2930,7.8,14,1.29,4.6,0.1,0.931072261,6.232336005
2866,269,1992,311,3320,8.5,13,1.27,6.2,0,0.946811084,5.622300983
2867,269,1992,312,890,8.1,11.3,1.2,6.2,1,0.91874592,8
2868,269,1992,313,3360,2.4,10.6,0.93,1.5,0,0.933462976,5.44921015
2869,269,1992,314,2180,1.5,9.8,0.89,5.7,0.2,0.948422963,6.962130751
2870,269,1992,315,3830,5.3,11,1.04,6.2,0.3,0.96361697,4.415804674
2871,269,1992,316,630,5,11.9,1.05,9.3,17.2,0.979034617,8
2872,269,1992,317,3200,3.5,8.4,0.78,7.7,3.5,0.99466396,5.331223558
2873,269,1992,318,3530,2.9,7.3,0.77,5.1,2.9,1.010491384,4.661683837
2874,269,1992,319,3510,2.1,8,0.82,3.6,0.9,1.026501515,4.550367291
2875,269,1992,320,520,3,7.7,0.87,4.6,12.4,1.042677117,8
2876,269,1992,321,680,5.8,7.7,0.98,5.7,1.8,1.058999006,8
2877,269,1992,322,1080,5.9,7.7,0.95,5.7,8.8,1.024322628,7.925090097
2878,269,1992,323,3250,4.1,8.9,0.91,7.2,2.1,1.039163266,4.514738682
2879,269,1992,324,2880,4.6,8.6,0.78,8.7,3,1.054043855,5.175425649
2880,269,1992,325,4400,3.7,7.5,0.76,6.7,0,1.068939515,1.62820539
2881,269,1992,326,2990,3.7,7.7,0.87,3.6,4.9,1.083823623,4.719530224
2882,269,1992,327,1110,7.7,11.9,1.21,5.7,14.7,1.098667816,7.756089135
2883,269,1992,328,1080,8.6,12.5,1.2,7.7,0.3,1.113442018,7.771511536
2884,269,1992,329,2770,8.3,11,1.19,4.6,1.1,1.128114477,4.769333597
2885,269,1992,330,3050,8.4,12.2,1.12,9.8,10.2,1.142651813,4.040865593
2886,269,1992,331,2500,6.8,13,1.1,8.2,6.8,1.157019081,5.203185599
2887,269,1992,332,3040,1.8,8.5,0.84,6.7,6.1,1.171179838,3.955792931
2888,269,1992,333,2350,0.3,10.6,0.84,5.1,2,1.185096232,5.447657164
2889,269,1992,334,2480,-0.1,10.5,0.88,4.6,0.3,1.198729095,5.074762226
2890,269,1992,335,3460,10,12.8,1.25,7.7,0.4,1.1528036,2.236302706
2891,269,1992,336,3480,5.9,10.6,0.95,8.7,0.4,1.16438549,2.208867205
2892,269,1992,337,1010,5.6,12.2,1.08,10.8,6.2,1.175583845,7.689331719
2893,269,1992,338,3220,5,8.6,0.89,7.7,2.6,1.186362249,2.781388295
2894,269,1992,339,940,1.1,5.6,0.75,6.2,6.5,1.196684368,7.787804583
2895,269,1992,340,2840,2.2,6.2,0.83,5.7,0.1,1.206514198,3.718147498
2896,269,1992,341,3180,1.5,5,0.76,5.1,0.4,1.215816331,2.686633012
2897,269,1992,342,470,3.1,7.5,0.88,6.2,5.8,1.224556227,8
2898,269,1992,343,1050,1.9,5.7,0.8,2.6,0,1.232700505,7.556721059
2899,269,1992,344,1000,-0.3,3.5,0.68,2.6,0,1.240217231,7.637801411
2900,269,1992,345,1400,0.6,3.6,0.71,1.5,0,1.247076216,6.92317136
2901,269,1992,346,690,-0.6,9.6,0.84,6.7,20.6,1.253249306,8
2902,269,1992,347,2570,4.5,7.9,0.88,5.7,3,1.25871066,4.048685784
2903,269,1992,348,1870,1.9,9.3,0.88,5.7,0,1.263437021,5.836367414
2904,269,1992,349,850,7.7,9.5,1.07,6.7,0,1.26740796,7.801289342
2905,269,1992,350,420,2.4,8.1,0.84,5.1,0,1.270606095,8
2906,269,1992,351,1710,4.8,8.1,0.94,5.1,0,1.273017282,6.151566775
2907,269,1992,352,920,4.3,7.1,0.92,3.1,0,1.274630775,7.690751194
2908,269,1992,353,2170,4.4,9.6,0.92,8.2,2.9,1.27543934,5.024918582
2909,269,1992,354,730,4.7,10,1.01,2.6,2.6,1.27543934,7.981788088
2910,269,1992,355,860,1.9,4.6,0.76,4.6,2.5,1.274630775,7.801683109
2911,269,1992,356,400,1.8,2.7,0.71,4.6,0,1.273017282,8
2912,269,1992,357,330,2.3,3.2,0.74,3.1,0.1,1.270606095,8
2913,269,1992,358,420,1.8,2.9,0.72,2.1,0,1.26740796,8
2914,269,1992,359,680,1,4.3,0.74,2.1,0,1.263437021,8
2915,269,1992,360,420,-1.2,2.5,0.64,3.6,0,1.25871066,8
2916,269,1992,361,910,-1.9,0.8,0.59,4.6,0,1.253249306,7.770960836
2917,269,1992,362,1960,-1,1.2,0.62,5.7,0,1.247076216,5.785869111
2918,269,1992,363,2930,-4.6,0,0.51,3.6,0,1.240217231,3.385879935
2919,269,1992,364,4630,-6,-0.4,0.48,2.1,0,1.232700505,0
2920,269,1992,365,5120,-7.1,0.1,0.46,2.6,0,1.224556227,0
2921,269,1992,366,4590,-8.2,-1.3,0.42,1.5,0,1.215816331,0
2922,269,1993,1,2920,-9,-2.3,0.4,2.1,0,1.215816331,3.69551925
2923,269,1993,2,4790,-9.6,-0.1,0.38,3.1,0,1.206514198,0
2924,269,1993,3,4140,-11.5,-5.8,0.29,3.6,0,1.196684368,0.350821408
2925,269,1993,4,1900,-11,-2.9,0.31,4.1,0,1.186362249,6.277847396
2926,269,1993,5,640,-2.9,4.3,0.59,7.7,8.7,1.175583845,8
2927,269,1993,6,450,4.2,7.9,0.94,5.7,13.1,1.16438549,8
2928,269,1993,7,1940,-1.1,8.7,0.8,4.1,0.6,1.1528036,6.192536975
2929,269,1993,8,3070,0.3,9.3,0.76,6.2,2.9,1.198729095,3.731228325
2930,269,1993,9,520,0.5,10.4,0.82,8.2,4.3,1.185096232,8
2931,269,1993,10,440,6.9,11.9,1.05,10.8,7.4,1.171179838,8
2932,269,1993,11,940,6,11.3,0.92,9.8,10.8,1.157019081,7.91433744
2933,269,1993,12,3380,2.7,7.2,0.67,9.3,2.4,1.142651813,3.493665531
2934,269,1993,13,1600,3.7,14.3,0.95,10.3,2.6,1.128114477,7.037743434
2935,269,1993,14,3460,1.4,7.6,0.67,7.2,0,1.113442018,3.572935703
2936,269,1993,15,1650,2.7,11.9,0.85,10.3,0.1,1.098667816,7.060411607
2937,269,1993,16,1060,8.8,13.2,1.08,9.3,0,1.083823623,7.858125
2938,269,1993,17,2090,4.9,11.2,0.84,8.7,0.3,1.068939515,6.484782272
2939,269,1993,18,3860,2.7,7.1,0.73,5.1,0,1.054043855,3.204174831
2940,269,1993,19,1100,3.3,7.8,0.77,7.7,1.1,1.039163266,7.901741014
2941,269,1993,20,420,7.8,10.8,1.08,10.8,12.4,1.024322628,8
2942,269,1993,21,3100,6.5,11.9,0.98,9.3,4.6,1.058999006,5.047625673
2943,269,1993,22,640,5.7,12.3,0.92,11.3,5,1.042677117,8
2944,269,1993,23,2510,5.2,11,0.82,9.3,0.4,1.026501515,6.246765519
2945,269,1993,24,2120,1.6,12.1,0.72,13.9,3.1,1.010491384,6.871329617
2946,269,1993,25,1970,0.7,5.2,0.54,11.8,0.7,0.99466396,7.138871732
2947,269,1993,26,820,1.8,5.3,0.62,8.2,1.7,0.979034617,8
2948,269,1993,27,2440,2.2,5.6,0.65,4.1,0.3,0.96361697,6.652341881
2949,269,1993,28,510,1.2,8,0.8,4.1,16.3,0.948422963,8
2950,269,1993,29,850,-2.1,8,0.67,6.7,3.6,0.933462976,8
2951,269,1993,30,2670,-2.6,2.1,0.5,4.1,0,0.91874592,6.602729409
2952,269,1993,31,5130,-1.6,4.5,0.61,2.1,0,0.946811084,3.064384179
2953,269,1993,32,7030,-3.8,1.2,0.47,3.6,0,0.931072261,0
2954,269,1993,33,1040,-0.7,2.6,0.63,4.1,0,0.915652216,8
2955,269,1993,34,1390,0.4,4,0.7,4.1,0,0.900553756,7.988360746
2956,269,1993,35,1510,-0.8,2.5,0.64,3.6,0,0.885778571,7.923298012
2957,269,1993,36,1110,0.9,4.4,0.72,4.6,0,0.871327341,8
2958,269,1993,37,1210,3.1,6.9,0.83,4.6,0.9,0.85719983,8
2959,269,1993,38,1740,3.3,6.2,0.81,1.5,0.3,0.843394985,7.811425707
2960,269,1993,39,2510,3.3,6.3,0.83,2.1,0.1,0.829911023,7.210930645
2961,269,1993,40,1440,2.4,5.4,0.81,5.1,0,0.85333105,8
2962,269,1993,41,1770,1.7,2.8,0.72,3.6,0,0.839142804,7.878997031
2963,269,1993,42,1330,0.1,2.6,0.63,3.1,0,0.825323301,8
2964,269,1993,43,3530,-1.4,3,0.6,2.1,0,0.811866442,6.565123539
2965,269,1993,44,2350,-2.3,0.7,0.58,2.1,0,0.798765772,7.574914008
2966,269,1993,45,1830,-2.7,-0.7,0.54,3.1,0,0.786014544,7.955023349
2967,269,1993,46,1830,-1.3,3.1,0.63,3.1,0.2,0.773605777,7.971186245
2968,269,1993,47,3910,-0.5,8,0.77,3.6,2.4,0.7615323,6.467904384
2969,269,1993,48,1990,2.6,7.4,0.82,6.7,2.2,0.781939357,7.907495632
2970,269,1993,49,1960,0.6,7.2,0.78,5.1,1.4,0.769353344,7.952137375
2971,269,1993,50,5980,1.2,7.2,0.64,10.8,2,0.757132289,4.862051847
2972,269,1993,51,4690,2.2,6.8,0.72,8.2,5.2,0.745266351,6.116024931
2973,269,1993,52,7370,0.4,5.5,0.63,10.8,4.9,0.733745772,3.710334422
2974,269,1993,53,8970,-0.8,4.3,0.62,4.1,3.9,0.722560907,2.096992824
2975,269,1993,54,10420,-3.2,3.4,0.47,3.1,0,0.711702241,0.694320318
2976,269,1993,55,7150,-4.1,2.5,0.52,2.1,0,0.701160409,4.423947885
2977,269,1993,56,3540,-0.8,3.9,0.62,3.6,0.1,0.719014813,7.255110475
2978,269,1993,57,2510,1.6,3.9,0.71,4.6,5.1,0.708098779,7.852371297
2979,269,1993,58,8780,-0.8,4.1,0.54,6.7,0.4,0.69751695,3.296631907
2980,269,1993,59,7900,-1.9,3.5,0.6,4.1,3.6,0.687258526,4.232772329
2981,269,1993,60,7940,-2.4,4.2,0.56,7.2,0,0.677313011,4.350758962
2982,269,1993,61,9150,-1.2,3.5,0.54,10.8,0,0.667670217,3.431978227
2983,269,1993,62,9570,-3.1,1.6,0.46,6.7,0,0.658320259,3.260187314
2984,269,1993,63,3280,-2.4,2.6,0.53,2.6,0,0.674655005,7.652197645
2985,269,1993,64,3590,-1.9,4.8,0.63,4.1,1.4,0.665007623,7.520829515
2986,269,1993,65,4280,3.9,7.4,0.89,5.7,0.4,0.655663915,7.172570081
2987,269,1993,66,5230,2.3,7.5,0.81,3.1,0.2,0.646613257,6.708417024
2988,269,1993,67,12980,-0.5,8.2,0.65,4.6,0,0.63784541,0.843440526
2989,269,1993,68,12740,-2.6,8,0.54,4.1,0,0.629350516,1.387637081
2990,269,1993,69,9590,-0.2,10.6,0.74,4.1,0.7,0.621119081,4.081989099
2991,269,1993,70,6770,0.4,11.4,0.87,2.6,0,0.636135538,6.040753394
2992,269,1993,71,11490,1.8,15.8,0.87,2.6,0,0.627664742,2.799193679
2993,269,1993,72,12010,1.5,16.8,0.81,3.1,0,0.619464079,2.568378884
2994,269,1993,73,11100,0.2,16.8,0.85,3.1,0.1,0.611523746,3.41492179
2995,269,1993,74,12330,4.8,17.9,0.99,3.6,0,0.60383434,2.536227366
2996,269,1993,75,2780,5.6,11.3,1,6.2,1.4,0.596386844,8
2997,269,1993,76,9280,7,12.8,1.07,8.7,3.1,0.589172609,4.935034125
2998,269,1993,77,3550,4.4,12,0.9,7.2,0.3,0.582183338,7.845592509
2999,269,1993,78,14740,0.9,9.6,0.72,5.1,0,0.595653732,1.462236772
3000,269,1993,79,14150,0.3,11.1,0.74,4.1,0,0.588481908,2.078668703
3001,269,1993,80,12850,0.3,15.9,0.83,3.6,0,0.581538755,3.115490505
3002,269,1993,81,5700,6.1,14.2,1.1,5.7,2.8,0.574815938,7.094504977
3003,269,1993,82,13000,2.7,9.2,0.72,6.7,0.1,0.568305479,3.333738282
3004,269,1993,83,14930,0.2,9.3,0.67,5.1,0,0.561999743,2.189743793
3005,269,1993,84,11720,3,8.2,0.68,8.2,0.2,0.555891418,4.362113331
3006,269,1993,85,15060,-2.6,10.3,0.51,5.1,0,0.568472892,2.503641189
3007,269,1993,86,14300,-5.3,8.1,0.48,2.6,0,0.562214124,3.142383042
3008,269,1993,87,18420,-5.7,7.9,0.44,4.1,0,0.556155122,0.561175384
3009,269,1993,88,18290,-5.1,8.3,0.43,3.6,0,0.550288652,0.842883816
3010,269,1993,89,15910,-3.6,12.9,0.41,4.1,0,0.544607795,2.580187886
3011,269,1993,90,4370,6,13.7,1.05,3.6,2.2,0.539105935,7.808320086
3012,269,1993,91,5620,6.4,15.4,1.15,3.6,0.5,0.533776739,7.417364338
3013,269,1993,92,4950,-0.7,8.6,0.72,3.6,0,0.545615504,7.69340417
3014,269,1993,93,12530,-0.7,10.7,0.76,2.1,0,0.540161712,4.678360559
3015,269,1993,94,6600,1.3,9.8,0.81,4.1,0.6,0.534882186,7.199514107
3016,269,1993,95,7020,0.9,10.8,0.81,8.2,5.9,0.529770722,7.084831476
3017,269,1993,96,5290,5.9,10.1,0.92,8.2,1.7,0.524821391,7.649401115
3018,269,1993,97,4210,1.7,8.3,0.78,5.1,0,0.520028519,7.977134354
3019,269,1993,98,11400,1.8,10.1,0.76,2.6,0,0.515386679,5.533203814
3020,269,1993,99,14800,2,13.1,0.75,6.2,0.2,0.510890674,4.037186437
3021,269,1993,100,17140,4.4,14,0.88,3.6,0,0.521867966,2.849910288
3022,269,1993,101,8250,2.1,11.8,0.87,3.6,1.4,0.517275255,6.836545144
3023,269,1993,102,7550,3.3,10.4,0.87,3.6,0,0.512829511,7.093734608
3024,269,1993,103,12240,2.3,12.9,0.86,3.6,0,0.508525681,5.425519566
3025,269,1993,104,16230,3.1,13.7,0.93,3.6,0,0.504358928,3.669988603
3026,269,1993,105,15770,3.8,14.4,1.01,3.6,0,0.500324623,3.940345501
3027,269,1993,106,17240,0.3,15.8,0.84,3.6,0,0.496418332,3.382272687
3028,269,1993,107,3340,9.3,11.4,1.17,5.7,2,0.506936575,8
3029,269,1993,108,4650,5.6,12.4,1.1,7.2,15.6,0.502951153,7.978050204
3030,269,1993,109,3560,7.2,10.4,1.11,3.1,5.3,0.499094765,8
3031,269,1993,110,20160,7.5,20.9,1.26,4.6,0,0.495363115,2.0606481
3032,269,1993,111,14740,6.7,20.2,1.16,4.6,0,0.491752093,4.743686924
3033,269,1993,112,9970,5.8,18,1.24,3.1,2,0.488257758,6.540632609
3034,269,1993,113,17960,9.2,19.2,1.21,5.7,0.1,0.484876335,3.434751478
3035,269,1993,114,17730,12.6,22.5,1.26,5.7,0,0.481604207,3.594261203
3036,269,1993,115,18700,9.2,21.3,1.37,3.6,0,0.491594385,3.177322962
3037,269,1993,116,19260,9.8,20.9,1.36,3.6,0,0.488263641,2.990533645
3038,269,1993,117,23060,9,23.8,1.23,6.2,0,0.485043215,1.234634853
3039,269,1993,118,22110,9.3,27.8,1.2,6.7,0,0.481929614,1.831334094
3040,269,1993,119,20380,12.4,27.3,1.25,5.7,0,0.478919488,2.729258491
3041,269,1993,120,21610,12.5,27.9,1.33,4.1,0,0.476009624,2.184065845
3042,269,1993,121,18040,11.4,25,1.48,4.1,0,0.47319694,3.824879928
3043,269,1993,122,2510,9.5,13.2,1.24,5.1,0.4,0.470478482,8
3044,269,1993,123,16430,3.9,12.8,0.78,4.6,0,0.467851415,4.789673214
3045,269,1993,124,25530,0.3,14.7,0.67,3.6,0,0.477343917,0.979621394
3046,269,1993,125,20220,1.4,13.8,0.7,4.1,0,0.474680764,3.436369402
3047,269,1993,126,22200,3.4,15.6,0.77,5.7,0,0.472110167,2.614780782
3048,269,1993,127,7510,7.1,15.5,1.06,6.7,0,0.469629393,7.521792284
3049,269,1993,128,21530,9.1,19.1,1.13,7.2,0,0.467235821,2.853360095
3050,269,1993,129,22220,9.4,26,1.38,6.2,10.5,0.464926934,2.503774554
3051,269,1993,130,21510,11.4,24.6,1.65,4.1,4.3,0.462700317,2.775757269
3052,269,1993,131,24090,12.9,26.2,1.43,5.1,0,0.460553656,1.752419599
3053,269,1993,132,24160,12.6,25.8,1.54,4.1,0,0.458484729,1.735316948
3054,269,1993,133,4890,9.5,14.9,1.29,4.1,0.4,0.467698891,8
3055,269,1993,134,6960,9.4,13.9,1.22,3.1,0,0.465614835,7.699556534
3056,269,1993,135,13080,5,15.2,0.98,4.6,0.5,0.463609985,6.193360707
3057,269,1993,136,22290,4.8,17.9,0.89,4.6,0,0.461682207,3.053212446
3058,269,1993,137,25170,9.4,24.9,0.98,6.2,0,0.459829452,1.839357684
3059,269,1993,138,12860,14.5,21.4,1.61,3.6,25.1,0.458049754,6.211192755
3060,269,1993,139,18090,12.1,21.6,1.69,3.6,2.9,0.456341229,4.506728285
3061,269,1993,140,14880,11.4,23,1.71,3.6,2.7,0.454702074,5.617569285
3062,269,1993,141,9270,9,15,1.19,4.1,0,0.453130561,7.243243243
3063,269,1993,142,27000,6.9,18.2,1.15,3.1,0,0.45162504,1.185462196
3064,269,1993,143,26510,7.4,20.7,1.16,3.6,0,0.460717123,1.447809751
3065,269,1993,144,25460,9.5,23.1,1.52,4.1,0,0.459220518,1.784456695
3066,269,1993,145,21440,11.1,22.8,1.62,4.6,0,0.457791948,3.448632176
3067,269,1993,146,21440,11.3,21.8,1.49,6.2,0,0.456429837,3.518912067
3068,269,1993,147,2570,12.3,15.5,1.53,5.7,15.9,0.455132676,8
3069,269,1993,148,5960,9.6,13.6,1.2,4.1,9.3,0.453899016,7.976519956
3070,269,1993,149,25620,10.4,19,1.31,4.6,0,0.452727476,1.994960702
3071,269,1993,150,21270,11.9,20.7,1.35,6.2,0,0.451616739,3.729132819
3072,269,1993,151,16800,11.3,16.9,1.19,7.7,0.1,0.450565554,5.310611548
3073,269,1993,152,13270,9.6,18,1.33,3.1,0,0.449572737,6.322158473
3074,269,1993,153,14580,12.6,22.8,1.76,3.1,12.8,0.448637173,5.899341937
3075,269,1993,154,7770,11.2,14.8,1.35,3.6,7.2,0.447757814,7.637227887
3076,269,1993,155,24780,9.4,20.3,1.42,3.1,0,0.446933677,2.456408902
3077,269,1993,156,20000,11.8,22.2,1.47,3.1,0,0.44616385,4.257184144
3078,269,1993,157,25820,10.6,21,1.29,3.1,0,0.445447483,2.128723298
3079,269,1993,158,23990,8.2,22.9,1.4,2.6,0,0.444783791,2.834700578
3080,269,1993,159,26370,8.9,24.4,1.44,2.1,0,0.444172052,1.871858633
3081,269,1993,160,28120,11.3,27.3,1.63,4.1,0,0.453381728,1.050698826
3082,269,1993,161,20090,15,29.7,2,3.1,14.9,0.452829418,4.151572889
3083,269,1993,162,20130,13.6,22.3,1.56,5.7,0,0.452332752,4.254206969
3084,269,1993,163,8890,9.9,15.9,1.21,5.1,0,0.451890818,7.440841672
3085,269,1993,164,11390,9.2,16.7,1.24,3.6,0.7,0.451502753,6.87783265
3086,269,1993,165,6230,10.3,13.3,1.14,2.6,4.2,0.4511678,7.966856361
3087,269,1993,166,26930,7.9,16.1,1.05,3.1,0,0.450885329,1.910258975
3088,269,1993,167,3260,10,15.1,1.37,4.6,14.4,0.450654839,8
3089,269,1993,168,26500,12.2,18.5,1.4,5.1,0,0.450475944,1.929279855
3090,269,1993,169,7610,13,17.2,1.58,5.7,3,0.450348358,7.684190157
3091,269,1993,170,12190,11.3,17.1,1.41,4.6,6.7,0.450271882,6.669792159
3092,269,1993,171,26640,8.7,18,1.26,3.6,0,0.450246403,1.938318586
3093,269,1993,172,19580,8.9,18.9,1.29,2.1,0,0.450271882,4.543329447
3094,269,1993,173,21320,7.9,18.6,1.19,3.1,0,0.450348358,3.979385101
3095,269,1993,174,12700,9.2,16.4,1.18,4.1,0.6,0.450475944,6.568848647
3096,269,1993,175,25480,9.1,16.1,1.02,5.7,0,0.450654839,2.499797355
3097,269,1993,176,11600,9.5,14.9,1.05,3.1,0,0.450885329,6.852214139
3098,269,1993,177,10320,8.3,17.2,1.22,3.6,0.1,0.4511678,7.127849168
3099,269,1993,178,25210,11.7,18.1,1.29,6.2,0.5,0.451502753,2.457680591
3100,269,1993,179,19180,9.9,17.8,1.2,3.6,0.4,0.451890818,4.666165076
3101,269,1993,180,28580,7.9,22.5,1.31,4.1,0,0.452332752,1.010861887
3102,269,1993,181,29090,10.1,23.9,1.43,4.1,0,0.452829418,0.70315097
3103,269,1993,182,25030,10.5,23.1,1.63,4.1,0,0.453381728,2.338780238
3104,269,1993,183,27670,9.9,20.5,1.43,4.1,0,0.444172052,1.289514378
3105,269,1993,184,22770,9.6,22.4,1.49,4.1,0,0.444783791,3.246807127
3106,269,1993,185,27760,14.2,24.5,1.8,3.6,0,0.445447483,1.034491321
3107,269,1993,186,7750,11.5,16.6,1.36,4.1,28.5,0.44616385,7.642031949
3108,269,1993,187,15360,11.1,17.6,1.24,5.1,2.6,0.446933677,5.763359962
3109,269,1993,188,16640,10.4,16.7,1.15,5.7,0,0.447757814,5.387904665
3110,269,1993,189,15840,7.8,21.4,1.31,4.1,0,0.448637173,5.584018674
3111,269,1993,190,13460,12.2,20.3,1.53,6.2,0.1,0.449572737,6.225204397
3112,269,1993,191,21400,8.9,17,1.13,4.6,0.7,0.450565554,3.742169274
3113,269,1993,192,16740,6.4,16.8,1.12,3.1,0.3,0.451616739,5.30645999
3114,269,1993,193,17040,5,16.9,1.13,3.6,0.9,0.452727476,5.19283477
3115,269,1993,194,18700,8.5,18.2,1.16,3.1,0,0.453899016,4.619573301
3116,269,1993,195,6390,11.9,18.1,1.67,4.1,21.4,0.455132676,7.861845884
3117,269,1993,196,8740,12.2,18.4,1.58,2.1,6.5,0.456429837,7.361085462
3118,269,1993,197,12180,15.2,21.4,1.91,4.1,5.5,0.457791948,6.450487669
3119,269,1993,198,14120,13.2,19.8,1.63,4.6,0,0.459220518,5.911338081
3120,269,1993,199,21470,11.4,19.6,1.39,3.1,0,0.460717123,3.395943983
3121,269,1993,200,8960,13.2,18,1.61,3.1,1.2,0.45162504,7.274857806
3122,269,1993,201,12400,12.7,19,1.6,5.1,4.5,0.453130561,6.369381155
3123,269,1993,202,16800,12.2,18.2,1.42,5.1,0.9,0.454702074,5.007890356
3124,269,1993,203,17130,8.9,19,1.37,3.6,0,0.456341229,4.879486738
3125,269,1993,204,10550,11.8,20.5,1.62,5.1,0.1,0.458049754,6.830950456
3126,269,1993,205,13970,15.5,22.4,1.97,4.6,16.3,0.459829452,5.77027502
3127,269,1993,206,18080,12.2,18.3,1.51,5.1,12,0.461682207,4.410935682
3128,269,1993,207,19020,10.8,17.9,1.34,5.7,18.2,0.463609985,4.067576795
3129,269,1993,208,4150,10.6,17.3,1.59,5.7,14.2,0.465614835,8
3130,269,1993,209,12490,13.2,19.9,1.71,4.1,0.2,0.467698891,6.181674057
3131,269,1993,210,6790,15,21,1.96,4.1,2.8,0.458484729,7.665231596
3132,269,1993,211,3610,15.3,18.2,1.91,2.6,20.9,0.460553656,8
3133,269,1993,212,16960,12,18.9,1.55,4.1,1.1,0.462700317,4.598459235
3134,269,1993,213,13750,12.1,19.8,1.63,3.1,0,0.464926934,5.69112254
3135,269,1993,214,19020,13.7,23,1.65,2.6,0,0.467235821,3.662734714
3136,269,1993,215,14810,11.3,20.5,1.55,4.1,1.6,0.469629393,5.276929033
3137,269,1993,216,14400,13.1,19.8,1.63,3.1,0,0.472110167,5.372905501
3138,269,1993,217,11910,14,20.7,1.7,5.7,3.8,0.474680764,6.174234226
3139,269,1993,218,14380,8.3,17.7,1.3,7.2,1.6,0.477343917,5.377114807
3140,269,1993,219,14600,9.2,21.2,1.54,3.1,0,0.467851415,5.208694668
3141,269,1993,220,15560,9.5,21.1,1.58,3.1,0,0.470478482,4.793556617
3142,269,1993,221,5240,10.1,18.7,1.59,5.1,3,0.47319694,7.933046381
3143,269,1993,222,17370,8.1,16.8,1.2,5.7,2.7,0.476009624,4.064106796
3144,269,1993,223,6990,7.4,17.7,1.35,6.2,2.3,0.478919488,7.507915715
3145,269,1993,224,6190,11,18.6,1.62,6.2,7.8,0.481929614,7.677563398
3146,269,1993,225,20700,8.4,18,1.24,3.6,0,0.485043215,2.318099954
3147,269,1993,226,17170,8.4,23.2,1.54,2.6,0.1,0.488263641,3.804786028
3148,269,1993,227,10300,11.3,22.4,1.84,3.1,7.7,0.491594385,6.404171868
3149,269,1993,228,11420,11.7,20.2,1.69,4.1,0,0.481604207,6.002418689
3150,269,1993,229,21700,8,19.3,1.3,2.6,0,0.484876335,1.391461549
3151,269,1993,230,20030,8.1,20.4,1.32,2.6,0,0.488257758,2.176366423
3152,269,1993,231,20330,6.9,20.9,1.29,1.5,0,0.491752093,1.93259409
3153,269,1993,232,5610,12.1,18.8,1.69,3.1,0.5,0.495363115,7.716602515
3154,269,1993,233,11790,12.7,19.6,1.67,2.6,0,0.499094765,5.666715068
3155,269,1993,234,3400,9.1,13.5,1.3,3.6,17.4,0.502951153,8
3156,269,1993,235,13860,7,16.6,1.25,3.1,0.9,0.506936575,4.792308621
3157,269,1993,236,12720,7.8,16.4,1.27,3.6,2.7,0.496418332,5.220973355
3158,269,1993,237,12050,10.3,16.1,1.38,3.1,3,0.500324623,5.424182561
3159,269,1993,238,14950,7.4,17.8,1.31,2.6,0.3,0.504358928,4.066232046
3160,269,1993,239,10120,6.2,15.4,1.19,3.6,0.7,0.508525681,6.140887387
3161,269,1993,240,13670,5.5,17.5,1.21,2.6,0,0.512829511,4.564123192
3162,269,1993,241,14470,4.2,18.4,1.19,2.6,0,0.517275255,4.107334363
3163,269,1993,242,7090,10.9,16.5,1.43,5.1,2.5,0.521867966,7.099204345
3164,269,1993,243,11680,9.7,17.7,1.4,5.1,0.1,0.510890674,5.244787572
3165,269,1993,244,8420,9.7,18,1.5,1.5,1.5,0.515386679,6.549046201
3166,269,1993,245,4430,10.2,16.2,1.49,3.1,0.7,0.520028519,7.861586231
3167,269,1993,246,8670,11.9,15.4,1.47,6.2,14.4,0.524821391,6.374651145
3168,269,1993,247,11120,10.3,16.1,1.37,4.6,1.1,0.529770722,5.260630334
3169,269,1993,248,17120,5.9,16.8,1.13,3.1,1,0.534882186,1.889677366
3170,269,1993,249,17450,3.8,17.9,1.09,1.5,0,0.540161712,1.555234408
3171,269,1993,250,17320,6.5,19,1.28,4.1,0,0.545615504,1.391841871
3172,269,1993,251,4270,10.1,18.8,1.65,2.6,16.8,0.533776739,7.804643773
3173,269,1993,252,6890,12.2,19.6,1.77,3.1,15.8,0.539105935,6.823564441
3174,269,1993,253,7090,12,18.2,1.67,4.6,6,0.544607795,6.713123431
3175,269,1993,254,13100,6.9,17.8,1.34,3.1,0,0.550288652,3.597323149
3176,269,1993,255,16470,5.3,18.6,1.23,3.1,2.5,0.556155122,1.227300799
3177,269,1993,256,1310,10.8,13.3,1.41,6.2,21.7,0.562214124,8
3178,269,1993,257,3640,10.2,14.4,1.43,3.6,5.8,0.568472892,7.914810688
3179,269,1993,258,7230,11.8,16.1,1.53,3.6,7.3,0.555891418,6.448973313
3180,269,1993,259,3680,9.6,14.7,1.42,3.1,8.4,0.561999743,7.867015395
3181,269,1993,260,6500,4.3,12.8,1.06,1.5,0.7,0.568305479,6.758069183
3182,269,1993,261,14350,2.4,15.4,1,1.5,0,0.574815938,1.955015102
3183,269,1993,262,15760,4,18.1,1.19,3.6,0,0.581538755,0.525059946
3184,269,1993,263,12330,7.8,22.8,1.58,3.1,0,0.588481908,2.911252909
3185,269,1993,264,7450,9.8,18.4,1.51,4.1,0.3,0.595653732,6.00510864
3186,269,1993,265,4150,9.6,17.3,1.54,2.1,2,0.582183338,7.549092688
3187,269,1993,266,5660,11,16.3,1.52,2.1,0,0.589172609,6.831345385
3188,269,1993,267,8410,9.6,15.3,1.37,3.6,0,0.596386844,5.242946095
3189,269,1993,268,1060,11.1,12.8,1.38,7.2,37.8,0.60383434,8
3190,269,1993,269,3220,10.5,12.8,1.34,7.2,7.9,0.6115237,7.84351
3191,269,1993,270,2360,10.4,13.1,1.38,4.1,7.1,0.6194641,8
3192,269,1993,271,6240,7.6,14.6,1.26,5.1,0,0.6276647,6.292894
3193,269,1993,272,11600,5.1,16.3,1.2,3.1,0,0.6361355,2.240679
3194,269,1993,273,4470,8.8,14.2,1.3,4.1,0,0.6211191,7.159313
3195,269,1993,274,4280,10.9,14.8,1.36,7.2,0,0.6293505,7.211546
3196,269,1993,275,7490,10.5,15.8,1.35,4.6,0,0.6378454,5.142721
3197,269,1993,276,1430,11.6,13.5,1.41,8.2,0,0.6466133,8
3198,269,1993,277,5490,10.5,16.5,1.44,5.7,0,0.6556639,6.347492
3199,269,1993,278,6610,9.8,17.6,1.51,4.1,2.4,0.6650076,5.478099
3200,269,1993,279,7090,11.8,16.7,1.51,4.6,0,0.674655,5.008968
3201,269,1993,280,7660,7.9,15.7,1.27,5.1,0,0.6583203,4.485725
3202,269,1993,281,7730,9.1,15.9,1.39,2.6,0,0.6676702,4.259639
3203,269,1993,282,5090,9,13.9,1.29,5.1,0,0.677313,6.311697
3204,269,1993,283,8090,8.1,15.1,1.28,4.1,0,0.6872585,3.675399
3205,269,1993,284,6210,9.9,17.5,1.51,4.1,0.5,0.6975169,5.219748
3206,269,1993,285,4100,11.8,17.5,1.6,7.2,6.9,0.7080988,6.780644
3207,269,1993,286,5750,11.4,16.1,1.46,5.7,0.4,0.7190148,5.430991
3208,269,1993,287,1820,5.4,11.5,1.05,4.6,16,0.7011604,8
3209,269,1993,288,7480,1.9,11.1,0.9,2.6,0.1,0.7117022,3.684832
3210,269,1993,289,5070,0.9,8.7,0.81,2.1,0.4,0.7225609,5.892895
3211,269,1993,290,9740,0.4,11.3,0.83,2.6,0.6,0.7337458,0.5722844
3212,269,1993,291,10600,-0.9,8.2,0.7,4.1,0,0.7452664,0
3213,269,1993,292,9570,-1.7,7.9,0.71,2.6,0,0.7571323,0.3661429
3214,269,1993,293,5060,-2,9,0.75,2.6,3.9,0.7693533,5.550696
3215,269,1993,294,7160,2.6,10.3,0.94,3.1,4.5,0.7819394,3.004947
3216,269,1993,295,3740,4.3,9.6,0.92,5.7,0,0.7615323,6.548716
3217,269,1993,296,5380,3.9,8.7,0.86,7.2,0,0.7736058,4.852803
3218,269,1993,297,8100,5.6,8.8,0.89,5.1,0,0.7860145,1.053393
3219,269,1993,298,2290,7.4,10.2,1.04,4.1,0,0.7987658,7.551987
3220,269,1993,299,5010,7.8,12.5,1.22,3.6,0.1,0.8118664,4.786158
3221,269,1993,300,2410,8.2,10.3,1.16,2.6,0.5,0.8253233,7.36946
3222,269,1993,301,2530,3.9,9.1,0.92,3.1,0,0.8391428,7.252522
3223,269,1993,302,6650,1.9,9.3,0.89,5.1,0,0.853331,2.119658
3224,269,1993,303,2460,1.8,5.4,0.79,4.6,0,0.829911,7.239345
3225,269,1993,304,1340,1.6,3.6,0.74,3.6,0,0.843395,8
3226,269,1993,305,690,1.8,2.7,0.72,2.6,0,0.8571998,8
3227,269,1993,306,1980,1.3,4.1,0.73,3.6,0,0.8713273,7.543787
3228,269,1993,307,3510,2.5,7.4,0.86,4.1,0,0.8857786,5.851137
3229,269,1993,308,5380,2.6,13.6,1.04,2.6,0,0.9005538,2.878093
3230,269,1993,309,4630,1.7,7.1,0.83,5.7,0,0.9156522,4.046867
3231,269,1993,310,1190,4.7,6.7,0.9,6.2,0,0.9310723,8
3232,269,1993,311,1180,4.5,6,0.89,4.1,6.5,0.9468111,8
3233,269,1993,312,1470,5.4,7.7,0.96,2.6,0.2,0.9187459,7.78642
3234,269,1993,313,2490,3.6,9.9,0.98,3.1,0,0.933463,6.627746
3235,269,1993,314,880,6.5,8.6,1.03,7.2,9.9,0.948423,8
3236,269,1993,315,4140,4.9,10.1,1,5.1,4.3,0.963617,3.87542
3237,269,1993,316,3910,3,9.2,0.92,4.1,0.6,0.9790346,4.180826
3238,269,1993,317,1690,4.1,8.4,0.93,6.7,0.9,0.994664,7.394353
3239,269,1993,318,780,5.7,10.8,1.06,10.3,17.5,1.010491,8
3240,269,1993,319,2260,3.2,8.3,0.85,5.1,0,1.026502,6.577093
3241,269,1993,320,4410,-0.3,4.7,0.65,2.6,0,1.042677,2.670024
3242,269,1993,321,4780,-1,4.5,0.64,3.6,0,1.058999,1.62331
3243,269,1993,322,4610,-2.3,1.7,0.57,3.6,0,1.024323,1.874281
3244,269,1993,323,6110,-3.5,1.9,0.5,3.6,0,1.039163,0
3245,269,1993,324,1950,-3.8,2,0.49,4.6,0,1.054044,6.811371
3246,269,1993,325,1770,-5.7,-1.7,0.38,6.7,0,1.06894,7.045477
3247,269,1993,326,3300,-7.9,-2.8,0.36,2.1,0,1.083824,4.326333
3248,269,1993,327,1030,-8.3,-0.1,0.4,3.6,0,1.098668,7.9219
3249,269,1993,328,4620,-5.2,0.5,0.43,3.1,0,1.113442,0.7071683
3250,269,1993,329,3540,-4.1,2.7,0.51,2.1,0,1.128114,3.30194
3251,269,1993,330,1150,-4.8,0.9,0.51,2.6,0,1.142652,7.697234
3252,269,1993,331,560,-3.8,-2.2,0.45,5.1,0,1.157019,8
3253,269,1993,332,2090,-3.3,-0.4,0.47,4.1,0,1.17118,6.148598
3254,269,1993,333,4630,-4.5,1.5,0.45,4.1,0,1.185096,0
3255,269,1993,334,1460,-5.2,-0.7,0.39,4.1,0.7,1.198729,7.160687
3256,269,1993,335,850,-2.3,1.9,0.57,3.6,0.2,1.152804,7.985077
3257,269,1993,336,1790,1.8,10.4,0.89,6.7,0.5,1.164385,6.403469
3258,269,1993,337,1260,7.9,9.7,1.01,7.2,0,1.175584,7.30203
3259,269,1993,338,380,2.3,10.9,0.85,8.2,2.1,1.186362,8
3260,269,1993,339,2380,1.5,8.3,0.8,5.1,0,1.196684,4.99118
3261,269,1993,340,1030,5.6,7.8,0.91,5.1,0,1.206514,7.622116
3262,269,1993,341,350,3.2,6.7,0.73,7.7,9.9,1.215816,8
3263,269,1993,342,610,1.9,10.7,0.84,7.7,14.7,1.224556,8
3264,269,1993,343,370,6.1,9.4,0.82,11.8,8.8,1.232701,8
3265,269,1993,344,640,4.2,8.3,0.8,6.7,1.7,1.240217,8
3266,269,1993,345,2280,1.9,6,0.67,5.7,0.7,1.247076,4.991776
3267,269,1993,346,2060,1,4.9,0.7,4.1,7.5,1.253249,5.488122
3268,269,1993,347,890,2.1,9.4,0.85,6.2,14.5,1.258711,7.767085
3269,269,1993,348,3420,-0.8,3.8,0.54,5.1,0.5,1.263437,1.58007
3270,269,1993,349,410,0.4,3.7,0.63,8.7,4.5,1.267408,8
3271,269,1993,350,1850,3.6,7,0.76,8.7,3.9,1.270606,5.886171
3272,269,1993,351,2800,2.3,6.4,0.71,4.6,0.3,1.273017,3.350747
3273,269,1993,352,450,5,11.6,1.02,7.7,1.1,1.274631,8
3274,269,1993,353,300,6.7,13.2,1.04,12.3,10.7,1.275439,8
3275,269,1993,354,510,2.5,6.8,0.76,4.1,6,1.275439,8
3276,269,1993,355,1550,0.4,4.1,0.65,4.6,7.5,1.274631,6.560522
3277,269,1993,356,520,0.9,6.5,0.7,7.7,12.7,1.273017,8
3278,269,1993,357,1580,2.5,5.7,0.72,6.2,4.9,1.270606,6.495437
3279,269,1993,358,710,2.4,4.6,0.74,4.1,3.1,1.267408,8
3280,269,1993,359,3160,-1.4,2.6,0.56,2.6,0,1.263437,2.429046
3281,269,1993,360,790,0.8,3.2,0.64,5.7,1.8,1.258711,7.938807
3282,269,1993,361,580,0.4,3.3,0.65,1.5,1.5,1.253249,8
3283,269,1993,362,1260,-0.3,3.2,0.63,3.6,0,1.247076,7.198483
3284,269,1993,363,520,1.9,7.5,0.81,6.7,5.9,1.240217,8
3285,269,1993,364,610,3.6,8.1,0.86,5.1,14.7,1.232701,8
3286,269,1993,365,1730,2.4,7.7,0.81,5.1,4.4,1.224556,6.326266
3287,269,1994,1,3100,1.1,5.3,0.68,3.6,0,1.215816,3.002512
3288,269,1994,2,490,0.4,7.4,0.73,6.7,6.5,1.206514,8
3289,269,1994,3,900,2.6,7.9,0.82,6.2,5.9,1.196684,7.8438
3290,269,1994,4,2140,3.8,8,0.8,8.7,4.6,1.186362,5.619343
3291,269,1994,5,610,3.8,8.4,0.85,7.2,5.3,1.175584,8
3292,269,1994,6,1620,3.9,7.8,0.84,5.1,2.2,1.164385,6.743258
3293,269,1994,7,2480,2.9,6.1,0.74,6.2,0,1.152804,5.071241
3294,269,1994,8,1460,1.3,4.2,0.69,4.6,0,1.198729,7.113803
3295,269,1994,9,3350,0,4.5,0.64,4.6,0,1.185096,3.195329
3296,269,1994,10,2500,0.1,5.4,0.67,4.1,0,1.17118,5.287666
3297,269,1994,11,1010,0.8,6.2,0.75,4.1,0.2,1.157019,7.838453
3298,269,1994,12,600,5.4,12.3,1.07,8.7,8.4,1.142652,8
3299,269,1994,13,2760,7.5,11.5,0.96,10.8,1.2,1.128114,4.897076
3300,269,1994,14,1590,4.6,8,0.79,8.2,3.5,1.113442,7.117258
3301,269,1994,15,1800,4,6.4,0.82,4.1,1.2,1.098668,6.838334
3302,269,1994,16,2850,-2.2,4.2,0.6,2.6,0,1.083824,5.138634
3303,269,1994,17,5590,-3.2,2.2,0.54,2.1,0,1.06894,0
3304,269,1994,18,1760,-0.3,3.7,0.62,6.7,0,1.054044,7.069529
3305,269,1994,19,550,0,3.7,0.67,5.7,1.4,1.039163,8
3306,269,1994,20,4060,-0.3,6.7,0.71,4.6,0,1.024323,3.10015
3307,269,1994,21,770,4.8,6,0.87,6.2,0.2,1.058999,8
3308,269,1994,22,700,2.7,8.6,0.89,4.6,2,1.042677,8
3309,269,1994,23,1680,4,10.2,0.88,8.7,18.9,1.026502,7.346991
3310,269,1994,24,3090,0.7,6.3,0.68,4.1,0,1.010491,5.478897
3311,269,1994,25,2420,3.4,10.8,0.95,7.7,13.3,0.994664,6.489028
3312,269,1994,26,2930,3.7,6.6,0.76,8.2,6,0.9790346,5.883877
3313,269,1994,27,990,3.8,10.4,0.86,11.8,10.7,0.963617,8
3314,269,1994,28,3000,0.6,6,0.6,12.3,2.2,0.948423,6.003672
3315,269,1994,29,1330,2.2,8.2,0.78,6.2,0.1,0.933463,7.912418
3316,269,1994,30,3890,5.1,8.8,0.82,9.3,0.4,0.9187459,4.843363
3317,269,1994,31,3290,4,7,0.78,4.6,0,0.9468111,5.827191
3318,269,1994,32,1480,4.1,7.2,0.76,7.7,1.9,0.9310723,7.860738
3319,269,1994,33,5920,-0.9,6.3,0.61,3.6,0,0.9156522,2.069818
3320,269,1994,34,3490,-1.4,4.3,0.6,5.7,3.8,0.9005538,5.89839
3321,269,1994,35,1030,3.5,6.2,0.84,4.1,0,0.8857786,8
3322,269,1994,36,2120,2.4,4.7,0.72,3.6,0,0.8713273,7.438821
3323,269,1994,37,2030,1.3,6.9,0.77,2.1,0,0.8571998,7.549035
3324,269,1994,38,2360,0.7,5.8,0.73,3.1,0.1,0.843395,7.310602
3325,269,1994,39,6240,0.3,8.1,0.76,2.6,0.6,0.829911,2.726663
3326,269,1994,40,3620,0.3,8.1,0.74,5.7,1.1,0.853331,6.224621
3327,269,1994,41,3430,3.2,6.6,0.75,6.2,1.8,0.8391428,6.487281
3328,269,1994,42,2350,-0.2,4.3,0.64,3.6,0,0.8253233,7.494028
3329,269,1994,43,7230,-1,2.7,0.56,5.7,0,0.8118664,2.239027
3330,269,1994,44,6190,-7.4,-0.5,0.3,9.8,0,0.7987658,3.996294
3331,269,1994,45,7500,-8.3,-1.8,0.21,11.3,0,0.7860145,2.627625
3332,269,1994,46,6930,-5.5,2.4,0.25,7.2,0,0.7736058,3.481023
3333,269,1994,47,8030,-6.5,5.1,0.34,3.6,0,0.7615323,2.213595
3334,269,1994,48,8290,-8.7,3,0.35,2.6,0,0.7819394,2.084129
3335,269,1994,49,9310,-8.6,2.9,0.34,4.1,0,0.7693533,0.9879114
3336,269,1994,50,9140,-9.2,2,0.3,3.6,0,0.7571323,1.507753
3337,269,1994,51,8140,-10.1,-1,0.32,3.6,0,0.7452664,2.906596
3338,269,1994,52,6440,-10.4,-1.1,0.33,3.1,0,0.7337458,4.81518
3339,269,1994,53,1520,-10.2,-2,0.37,2.6,1,0.7225609,8
3340,269,1994,54,5350,-5.7,1,0.44,4.6,0,0.7117022,5.910205
3341,269,1994,55,4470,-2.6,-0.3,0.5,4.1,3.3,0.7011604,6.620365
3342,269,1994,56,7100,-3.3,2.2,0.5,2.1,0,0.7190148,4.607992
3343,269,1994,57,5970,0.5,11.7,0.85,3.6,0,0.7080988,5.549192
3344,269,1994,58,3800,3.8,11.5,0.97,3.1,3.5,0.6975169,7.134907
3345,269,1994,59,4780,4.3,10.9,1.01,3.1,15.7,0.6872585,6.550061
3346,269,1994,60,1830,2.2,7.6,0.85,2.6,0,0.677313,8
3347,269,1994,61,1400,1.4,6.5,0.77,5.1,4.9,0.6676702,8
3348,269,1994,62,4080,1.9,8.5,0.79,6.7,6.6,0.6583203,7.170205
3349,269,1994,63,10020,0.9,9.7,0.72,4.6,0,0.674655,2.843351
3350,269,1994,64,7570,3.4,11.6,0.8,6.2,0.8,0.6650076,5.010293
3351,269,1994,65,9110,3.6,9,0.78,5.7,0,0.6556639,3.919464
3352,269,1994,66,6120,6.6,12.2,1.06,7.2,1.8,0.6466133,6.12274
3353,269,1994,67,2600,8.7,11.6,1.2,7.7,0.1,0.6378454,7.997406
3354,269,1994,68,1370,6.6,9.6,1.05,6.2,0.4,0.6293505,8
3355,269,1994,69,13450,1.7,9,0.74,5.1,0,0.6211191,0.7583074
3356,269,1994,70,12600,-0.3,10.9,0.7,3.6,0,0.6361355,1.781755
3357,269,1994,71,9170,3.3,8,0.74,5.1,0.7,0.6276647,4.617729
3358,269,1994,72,4170,5.3,10.2,0.82,12.3,7.3,0.6194641,7.481324
3359,269,1994,73,8520,5.4,11.9,0.91,8.7,3.3,0.6115237,5.187781
3360,269,1994,74,2550,5.1,8.6,0.93,3.6,8.6,0.6038343,8
3361,269,1994,75,10920,1.2,7.8,0.65,7.7,1.8,0.5963868,3.906485
3362,269,1994,76,3980,2.9,6,0.63,9.8,0.2,0.5891726,7.686972
3363,269,1994,77,6600,2.4,8.7,0.78,5.7,11.8,0.5821833,6.565473
3364,269,1994,78,12610,0.3,8.7,0.65,8.2,4.6,0.5956537,3.109902
3365,269,1994,79,13260,0.8,7.1,0.64,6.2,0,0.5884819,2.796219
3366,269,1994,80,13400,-0.7,7.3,0.61,3.1,0,0.5815388,2.859888
3367,269,1994,81,3230,-1.8,8.4,0.72,5.1,1,0.5748159,8
3368,269,1994,82,1520,8.4,12.6,1.18,12.3,1.8,0.5683055,8
3369,269,1994,83,15930,6.4,11.5,0.84,8.7,4,0.5619997,1.348011
3370,269,1994,84,1850,5.6,10.6,0.98,7.7,28.1,0.5558914,8
3371,269,1994,85,12190,3.1,8.1,0.73,8.2,0.4,0.5684729,4.16479
3372,269,1994,86,14620,0.7,9.2,0.6,3.1,0,0.5622141,2.862196
3373,269,1994,87,4160,4.5,11.6,0.89,6.7,1.3,0.5561551,7.831156
3374,269,1994,88,12070,7.2,13.1,1.04,6.7,0,0.5502887,4.400651
3375,269,1994,89,13340,5.6,18,1.08,5.7,0.4,0.5446078,3.758289
3376,269,1994,90,11030,7.9,15.5,0.98,9.3,5.6,0.5391059,5.132327
3377,269,1994,91,5950,5.1,11.5,0.91,10.8,13.3,0.5337767,7.32863
3378,269,1994,92,13450,1.2,8.1,0.68,5.1,3.1,0.5456155,4.153013
3379,269,1994,93,12130,1.2,9.1,0.69,5.1,2.2,0.5401617,4.901566
3380,269,1994,94,5450,2.7,9.8,0.85,8.2,22,0.5348822,7.567644
3381,269,1994,95,8860,1.6,6.9,0.74,6.2,2.3,0.5297707,6.425447
3382,269,1994,96,10930,-0.1,9,0.73,3.1,1.2,0.5248214,5.631105
3383,269,1994,97,12600,-0.3,9.6,0.69,3.6,0.2,0.5200285,4.963479
3384,269,1994,98,7220,4.9,9.1,0.85,4.6,1.8,0.5153867,7.097237
3385,269,1994,99,11170,1.6,7.8,0.73,4.6,8.6,0.5108907,5.691409
3386,269,1994,100,11330,1,8,0.73,4.1,3.5,0.521868,5.677287
3387,269,1994,101,19570,5.3,13,0.89,7.2,0,0.5172753,1.578858
3388,269,1994,102,12330,5.8,11.8,0.88,5.7,0,0.5128295,5.327799
3389,269,1994,103,13940,5.7,10.3,0.8,9.8,0,0.5085257,4.716856
3390,269,1994,104,13530,3.8,8.6,0.74,7.2,2.7,0.5043589,4.979411
3391,269,1994,105,5210,4,8.7,0.85,2.6,4.1,0.5003246,7.820271
3392,269,1994,106,20110,2.6,12.2,0.91,5.7,0,0.4964183,1.852587
3393,269,1994,107,9470,4.2,8.6,0.78,6.7,0,0.5069366,6.628686
3394,269,1994,108,18980,-0.3,9.6,0.62,4.6,0,0.5029512,2.816297
3395,269,1994,109,10290,-0.1,9.5,0.67,2.1,0,0.4990948,6.442638
3396,269,1994,110,16150,0.3,14.2,0.75,2.1,0,0.4953631,4.221812
3397,269,1994,111,7480,1.8,13.8,0.84,2.6,0,0.4917521,7.316271
3398,269,1994,112,18290,0.8,18.2,0.77,3.1,0,0.4882578,3.395121
3399,269,1994,113,19150,7.7,23.3,1.14,4.6,0,0.4848763,2.898067
3400,269,1994,114,12560,6,21.1,1.26,2.6,4.9,0.4816042,5.712745
3401,269,1994,115,10920,4.4,13.7,0.96,3.6,0.1,0.4915944,6.365719
3402,269,1994,116,5320,5.8,14.7,1.11,4.6,1,0.4882636,7.904704
3403,269,1994,117,6130,9.7,14.6,1.33,5.1,0.1,0.4850432,7.713244
3404,269,1994,118,6320,7,17,1.28,4.1,0,0.4819296,7.682611
3405,269,1994,119,19720,7,21.7,1.31,2.6,0,0.4789195,3.011863
3406,269,1994,120,21950,8.7,17.8,1.14,5.1,0,0.4760096,2.107618
3407,269,1994,121,10200,6.1,10.1,0.69,4.6,0,0.4731969,6.781314
3408,269,1994,122,22400,4.6,13.7,0.72,3.6,0,0.4704785,2.280524
3409,269,1994,123,23960,3.8,21,0.82,5.7,0,0.4678514,1.557414
3410,269,1994,124,13210,8.2,15.6,0.95,5.1,0,0.4773439,5.894701
3411,269,1994,125,18140,7.7,14.6,0.92,4.6,0.7,0.4746808,4.178532
3412,269,1994,126,5110,8.6,13.1,1.26,3.6,9.8,0.4721102,8
3413,269,1994,127,12800,11.3,20,1.53,3.6,0,0.4696294,6.002808
3414,269,1994,128,3430,9.3,14.6,1.23,4.1,3.2,0.4672358,8
3415,269,1994,129,8470,6.7,12,1,3.6,0,0.4649269,7.322712
3416,269,1994,130,15370,5.3,14.4,1.05,2.6,0,0.4627003,5.338394
3417,269,1994,131,19250,7.5,21.9,1.27,4.6,0,0.4605537,3.89579
3418,269,1994,132,25090,10.6,23.5,1.11,6.2,0,0.4584847,1.50998
3419,269,1994,133,24510,10.2,22.5,1.17,6.7,0,0.4676989,1.80879
3420,269,1994,134,23120,10.5,24.8,1.43,5.1,2.7,0.4656148,2.370608
3421,269,1994,135,14310,8.6,16.9,1.3,4.1,4.4,0.46361,5.761863
3422,269,1994,136,10880,7.4,16.2,1.29,2.6,2.1,0.4616822,6.773668
3423,269,1994,137,6200,8,16,1.25,4.1,8.6,0.4598295,7.876209
3424,269,1994,138,18700,8.7,14.8,1.19,4.1,0,0.4580498,4.388237
3425,269,1994,139,21670,8.2,16.5,1.13,3.1,0,0.4563412,3.321917
3426,269,1994,140,15870,10.2,17.5,1.33,3.6,1.3,0.4547021,5.372749
3427,269,1994,141,9960,11.8,18.8,1.6,4.1,12.7,0.4531306,7.03823
3428,269,1994,142,9320,10,16.3,1.35,5.7,3,0.451625,7.225604
3429,269,1994,143,13650,8.6,14.9,1.21,3.6,0,0.4607171,6.12645
3430,269,1994,144,12640,10.8,15.7,1.28,2.6,0,0.4592205,6.411673
3431,269,1994,145,9070,10.6,15.1,1.34,3.6,2.6,0.4577919,7.309121
3432,269,1994,146,7800,8.8,15,1.14,3.1,0,0.4564298,7.608871
3433,269,1994,147,7870,8.9,12.4,1.06,4.6,4,0.4551327,7.605797
3434,269,1994,148,13180,6.5,13.8,1.02,3.1,0,0.453899,6.354977
3435,269,1994,149,18280,4.6,13.2,0.84,4.1,0.3,0.4527275,4.904962
3436,269,1994,150,20460,4.9,13.9,0.86,2.6,1.1,0.4516167,4.188561
3437,269,1994,151,27110,3.8,17.9,0.91,4.1,0,0.4505656,1.634786
3438,269,1994,152,28000,7.1,24.7,1.01,3.1,0,0.4495727,1.22573
3439,269,1994,153,5840,11.8,19,1.49,4.6,4.3,0.4486372,8
3440,269,1994,154,12980,10.4,17.2,1.31,6.7,10.8,0.4477578,6.419752
3441,269,1994,155,10580,9.5,14.5,1.26,5.7,14.1,0.4469337,7.032143
3442,269,1994,156,24230,9.4,13.8,1.05,6.2,1.1,0.4461639,2.849393
3443,269,1994,157,7790,9,14.4,1.31,4.6,0.7,0.4454475,7.645611
3444,269,1994,158,5370,11.5,15.5,1.42,5.1,0,0.4447838,8
3445,269,1994,159,8060,8.8,15.8,1.27,3.1,7.9,0.4441721,7.59909
3446,269,1994,160,16850,8.5,14.4,1.11,5.1,2.9,0.4533817,5.409903
3447,269,1994,161,21500,9.2,13.7,1.11,7.2,7.9,0.4528294,3.902591
3448,269,1994,162,23050,8.7,15.3,1.14,5.1,2.7,0.4523328,3.342672
3449,269,1994,163,23510,7.8,16.7,1.21,3.1,0,0.4518908,3.153746
3450,269,1994,164,23210,5.5,17.8,1.15,2.6,0,0.4515028,3.297146
3451,269,1994,165,28340,5.5,20.7,1.21,3.6,0,0.4511678,1.228559
3452,269,1994,166,20940,7.7,18.1,1.12,4.6,0,0.4508853,4.128824
3453,269,1994,167,8000,10.4,14.9,1.26,4.6,3.4,0.4506548,7.625164
3454,269,1994,168,12980,9.7,15.4,1.22,2.1,0.1,0.4504759,6.494263
3455,269,1994,169,10730,12.8,17.5,1.41,4.6,0,0.4503484,7.022082
3456,269,1994,170,12460,12.5,17.5,1.45,4.6,0.4,0.4502719,6.59693
3457,269,1994,171,9370,12.5,18.8,1.62,2.6,0.2,0.4502464,7.312251
3458,269,1994,172,11190,13.3,18.5,1.52,7.2,2,0.4502719,6.901742
3459,269,1994,173,13810,10.2,18.4,1.3,6.2,0.1,0.4503484,6.264774
3460,269,1994,174,29140,8.3,17.8,1.08,3.1,0,0.4504759,0.9676403
3461,269,1994,175,26820,7.3,24.5,1.14,5.1,0,0.4506548,1.904933
3462,269,1994,176,12500,12.5,24.9,1.75,3.6,0.5,0.4508853,6.543385
3463,269,1994,177,14790,12.4,23.9,1.79,3.1,0,0.4511678,5.908916
3464,269,1994,178,22890,11.6,23,1.66,3.1,0,0.4515028,3.225612
3465,269,1994,179,26400,11.6,28.5,1.81,2.1,0,0.4518908,1.745183
3466,269,1994,180,22470,9.8,23.5,1.57,3.6,2.2,0.4523328,3.391315
3467,269,1994,181,24170,7.6,22.3,1.22,2.6,0,0.4528294,2.856187
3468,269,1994,182,28530,9.5,24.7,1.4,5.1,0,0.4533817,0.9478956
3469,269,1994,183,23860,12.4,28.2,1.72,4.1,0,0.4441721,2.761845
3470,269,1994,184,25520,15.2,27.6,2.09,2.6,0,0.4447838,1.93083
3471,269,1994,185,16590,15.5,26,2.06,2.6,0,0.4454475,5.26249
3472,269,1994,186,17630,8,22,1.35,4.1,0,0.4461639,5.057442
3473,269,1994,187,17780,7.2,23.1,1.31,2.1,0,0.4469337,5.005686
3474,269,1994,188,9530,10.2,18.7,1.47,3.1,10.4,0.4477578,7.241088
3475,269,1994,189,23560,9.3,21.7,1.5,2.6,0,0.4486372,2.831951
3476,269,1994,190,24790,9.2,22.9,1.48,2.1,0,0.4495727,2.31295
3477,269,1994,191,24740,8.9,25.6,1.54,2.6,0,0.4505656,2.280637
3478,269,1994,192,25870,11.2,29.2,1.63,2.1,0,0.4516167,1.730435
3479,269,1994,193,25490,14.2,31.3,1.69,3.6,0,0.4527275,1.836004
3480,269,1994,194,23550,13.5,31.1,1.89,3.1,1.6,0.453899,2.556967
3481,269,1994,195,22650,14.2,25.5,1.92,3.6,0.7,0.4551327,2.887134
3482,269,1994,196,23570,10.5,26,1.59,2.1,0,0.4564298,2.583475
3483,269,1994,197,20610,14,24.8,1.78,3.1,0,0.4577919,3.676072
3484,269,1994,198,26750,11.5,24.4,1.54,4.6,0,0.4592205,1.124024
3485,269,1994,199,28370,9.3,24.5,1.39,4.1,0,0.4607171,0.3847626
3486,269,1994,200,26440,13.6,26.7,1.51,4.6,0,0.451625,1.179851
3487,269,1994,201,26150,12.8,27,1.44,3.6,0,0.4531306,1.29439
3488,269,1994,202,24710,12.1,28.7,1.63,3.1,0,0.4547021,1.814675
3489,269,1994,203,23020,15,29.2,1.97,3.1,0,0.4563412,2.393503
3490,269,1994,204,23120,16.8,29.2,2.19,4.1,0,0.4580498,2.228593
3491,269,1994,205,21450,15.9,33.4,2.05,3.1,0,0.4598295,2.95723
3492,269,1994,206,19060,17.7,30.3,2.09,3.1,0,0.4616822,3.890278
3493,269,1994,207,21870,14.5,29.7,1.97,2.6,0,0.46361,2.702175
3494,269,1994,208,20190,17.2,30.5,2.07,2.6,1,0.4656148,3.346742
3495,269,1994,209,14200,17,28.6,2.39,4.6,2.6,0.4676989,5.53376
3496,269,1994,210,21560,15.1,24.7,1.77,3.6,0,0.4584847,2.743507
3497,269,1994,211,21440,13.6,32.1,2.06,3.1,0,0.4605537,2.647228
3498,269,1994,212,21730,16.3,32.2,2.15,3.6,8.3,0.4627003,2.426879
3499,269,1994,213,9660,13.9,24.1,2,2.6,6.8,0.4649269,6.899514
3500,269,1994,214,20790,13,24.6,1.74,3.1,0,0.4672358,2.867002
3501,269,1994,215,23180,14.8,29,1.87,2.1,0,0.4696294,1.626627
3502,269,1994,216,22290,14.8,33.9,2.1,3.1,0,0.4721102,1.907622
3503,269,1994,217,13410,16.8,26.5,2.2,3.1,0.2,0.4746808,5.59617
3504,269,1994,218,22360,14.9,25.7,1.86,3.6,0,0.4773439,1.80754
3505,269,1994,219,16740,12.8,24.8,1.65,3.6,0,0.4678514,4.353657
3506,269,1994,220,20460,10.8,23.2,1.45,3.6,0,0.4704785,2.731724
3507,269,1994,221,16790,8.9,23.7,1.41,3.1,0,0.4731969,4.295586
3508,269,1994,222,14600,13.5,26,1.8,4.6,0,0.4760096,5.03183
3509,269,1994,223,16050,15.6,23.9,1.96,4.1,31.6,0.4789195,4.360834
3510,269,1994,224,2880,13.5,16.4,1.56,7.7,14.4,0.4819296,8
3511,269,1994,225,18690,12,18.3,1.21,7.7,0.1,0.4850432,3.291483
3512,269,1994,226,18010,10.6,18.2,1.05,6.2,0,0.4882636,3.593781
3513,269,1994,227,13950,6,18.6,1.04,3.1,0,0.4915944,5.23163
3514,269,1994,228,21410,4.5,23.1,1.15,2.1,0,0.4816042,1.727422
3515,269,1994,229,9700,9.6,18.8,1.39,5.1,8.4,0.4848763,6.600832
3516,269,1994,230,17600,9.9,18.7,1.37,6.2,22,0.4882578,3.377667
3517,269,1994,231,7320,11.5,19.5,1.64,4.1,1.9,0.4917521,7.262385
3518,269,1994,232,14370,8.1,19.7,1.33,2.1,0,0.4953631,4.72677
3519,269,1994,233,18150,8.8,22.5,1.42,2.1,0,0.4990948,2.83635
3520,269,1994,234,12970,10.2,22,1.45,4.6,0,0.5029512,5.18162
3521,269,1994,235,5590,13.5,21.7,1.85,3.1,0,0.5069366,7.669819
3522,269,1994,236,13150,13.1,20.5,1.63,3.1,18.3,0.4964183,4.953228
3523,269,1994,237,15460,12.5,21.5,1.63,2.6,0.2,0.5003246,3.795485
3524,269,1994,238,12030,12.6,20.8,1.73,4.1,2.6,0.5043589,5.309037
3525,269,1994,239,7180,11,20.5,1.7,4.1,1.5,0.5085257,7.122122
3526,269,1994,240,16530,10.5,18.5,1.29,5.7,0,0.5128295,3.088
3527,269,1994,241,12210,10.8,19.2,1.38,5.1,0.5,0.5172753,5.12927
3528,269,1994,242,12160,9.5,19,1.43,2.1,3.5,0.521868,5.078909
3529,269,1994,243,14180,11.9,21.1,1.46,3.6,4.4,0.5108907,4.007878
3530,269,1994,244,7580,15.1,18.8,1.7,5.1,1.6,0.5153867,6.841111
3531,269,1994,245,9060,12.5,17.7,1.55,5.7,3.4,0.5200285,6.247455
3532,269,1994,246,8800,11.7,18.5,1.61,4.1,9.7,0.5248214,6.301848
3533,269,1994,247,6810,12,19.4,1.64,4.1,3.5,0.5297707,7.034441
3534,269,1994,248,13220,8.8,17.8,1.27,5.1,5,0.5348822,4.142416
3535,269,1994,249,9700,8.8,17.5,1.3,2.6,0.2,0.5401617,5.816327
3536,269,1994,250,4220,8.7,15.3,1.35,3.1,0,0.5456155,7.852713
3537,269,1994,251,9630,8.6,19.3,1.47,4.1,6.1,0.5337767,5.702985
3538,269,1994,252,8220,9.6,16.2,1.31,7.2,3.5,0.5391059,6.320725
3539,269,1994,253,10060,9.1,15.7,1.21,7.2,7.2,0.5446078,5.419997
3540,269,1994,254,9770,9.4,15.2,1.3,5.1,0.4,0.5502887,5.478345
3541,269,1994,255,9140,12.7,20.5,1.63,6.7,8.4,0.5561551,5.667082
3542,269,1994,256,15950,9.7,18.4,1.36,4.6,0,0.5622141,1.377556
3543,269,1994,257,3010,9.6,15,1.36,3.6,14.3,0.5684729,8
3544,269,1994,258,2430,11.8,13.4,1.39,6.7,25.9,0.5558914,8
3545,269,1994,259,5770,10.2,14.2,1.25,7.2,14.8,0.5619997,7.088089
3546,269,1994,260,5340,9.9,14.3,1.27,5.7,3.8,0.5683055,7.229741
3547,269,1994,261,13070,8.7,16.3,1.3,4.1,0.7,0.5748159,2.759085
3548,269,1994,262,8380,7.4,16.4,1.28,2.6,0,0.5815388,5.668615
3549,269,1994,263,3780,9.8,12.9,1.25,4.1,4.5,0.5884819,7.76156
3550,269,1994,264,13620,9.1,17.5,1.34,4.6,0,0.5956537,1.848343
3551,269,1994,265,13940,7.9,17.5,1.29,3.1,0,0.5821833,1.430644
3552,269,1994,266,13690,6.5,19.1,1.24,4.6,0,0.5891726,1.486314
3553,269,1994,267,9370,9.9,18.7,1.47,3.1,1.7,0.5963868,4.584653
3554,269,1994,268,10330,8.3,20.8,1.51,1.5,0,0.6038343,3.766599
3555,269,1994,269,7740,10,19,1.55,1.5,0,0.6115237,5.462719
3556,269,1994,270,6160,9.5,15.7,1.33,3.6,0.7,0.6194641,6.387245
3557,269,1994,271,11210,5.4,16.9,1.15,3.1,0,0.6276647,2.772361
3558,269,1994,272,4220,12,16.3,1.4,3.6,0,0.6361355,7.311944
3559,269,1994,273,6100,11.7,16.6,1.36,3.6,0,0.6211191,6.23497
3560,269,1994,274,5270,9.6,14.5,1.25,2.6,0.9,0.6293505,6.684575
3561,269,1994,275,3970,9.4,16,1.37,3.6,2.5,0.6378454,7.332708
3562,269,1994,276,3160,3.8,13.5,1.01,4.6,18.7,0.6466133,7.726328
3563,269,1994,277,7700,3.2,9.6,0.83,4.1,2.7,0.6556639,4.934427
3564,269,1994,278,9090,3.9,11.6,0.93,3.6,4.7,0.6650076,3.630699
3565,269,1994,279,4850,4.7,11.7,0.99,3.6,0,0.674655,6.703662
3566,269,1994,280,8140,2.9,13.6,0.92,3.6,0,0.6583203,4.191959
3567,269,1994,281,9000,1.2,12.9,0.85,2.1,0,0.6676702,3.295356
3568,269,1994,282,8720,5.5,15.1,1.1,1.5,0,0.677313,3.285347
3569,269,1994,283,8060,3.7,15.7,1.1,2.1,0,0.6872585,3.77371
3570,269,1994,284,8270,4.1,14.8,1.14,2.6,0,0.6975169,3.393821
3571,269,1994,285,4110,1.3,10.1,0.92,2.1,0,0.7080988,6.864472
3572,269,1994,286,9430,4,14.8,1.12,2.1,0,0.7190148,1.743629
3573,269,1994,287,10080,2.3,19.7,1.17,1.5,0,0.7011604,0.665725
3574,269,1994,288,6810,1.8,13.9,1.03,1.5,0,0.7117022,4.323467
3575,269,1994,289,6760,6.9,12.6,0.97,4.1,0,0.7225609,4.258346
3576,269,1994,290,9550,0,9.9,0.67,2.6,0,0.7337458,0.9616579
3577,269,1994,291,10630,-1.1,9.8,0.58,5.1,0,0.7452664,0
3578,269,1994,292,9000,0,11.1,0.63,5.1,0,0.7571323,1.228716
3579,269,1994,293,7180,1.6,10.5,0.71,5.1,0,0.7693533,3.284735
3580,269,1994,294,6630,3.5,13.2,0.9,3.6,0,0.7819394,3.678179
3581,269,1994,295,2770,8.1,14.6,1.21,6.7,3.5,0.7615323,7.293849
3582,269,1994,296,5190,9.1,15.9,1.28,6.7,5.6,0.7736058,4.932313
3583,269,1994,297,5110,6.3,13.3,1.14,4.6,2.7,0.7860145,4.941316
3584,269,1994,298,3780,7.6,11.9,1.14,6.2,8.3,0.7987658,6.253284
3585,269,1994,299,2120,6.1,10.6,1.05,5.7,15.2,0.8118664,7.643422
3586,269,1994,300,1760,5.7,9.2,0.97,5.7,8.2,0.8253233,7.880777
3587,269,1994,301,5430,4.6,11.3,1.01,4.6,2.4,0.8391428,4.040383
3588,269,1994,302,1460,4.2,11.2,1,6.2,12.2,0.853331,8
3589,269,1994,303,1120,10,15,1.41,6.7,24.2,0.829911,8
3590,269,1994,304,1760,11.2,14.8,1.36,9.3,13.8,0.843395,7.741394
3591,269,1994,305,4860,5.2,12,0.91,5.7,0,0.8571998,4.267072
3592,269,1994,306,5900,1.4,12.4,0.9,3.1,0,0.8713273,2.469729
3593,269,1994,307,6050,4.3,14.4,0.96,5.1,0,0.8857786,1.950888
3594,269,1994,308,5500,9.2,17.5,1.23,4.6,0,0.9005538,2.57708
3595,269,1994,309,3810,7.6,14.9,1.2,2.6,0,0.9156522,5.155237
3596,269,1994,310,3870,7.5,14.9,1.25,2.6,0,0.9310723,4.93323
3597,269,1994,311,2050,9.2,12.3,1.27,2.1,0,0.9468111,7.210319
3598,269,1994,312,2610,8.2,12.4,1.23,2.6,0,0.9187459,6.500864
3599,269,1994,313,2000,7,11.3,1.13,4.1,0,0.933463,7.187887
3600,269,1994,314,710,8.3,10.7,1.18,2.1,3.6,0.948423,8
3601,269,1994,315,500,8,9.3,1.12,3.1,4.2,0.963617,8
3602,269,1994,316,1270,6,8.1,1.01,4.6,1.5,0.9790346,7.867217
3603,269,1994,317,1310,6.7,12.8,1.17,5.7,0.8,0.994664,7.789314
3604,269,1994,318,350,12.4,14.7,1.48,9.8,12.1,1.010491,8
3605,269,1994,319,4280,10,13.5,1.12,7.2,0.9,1.026502,2.866455
3606,269,1994,320,4150,5.8,11.1,0.94,5.7,2.1,1.042677,3.060607
3607,269,1994,321,2860,5.6,10.5,0.95,5.7,9.1,1.058999,5.449544
3608,269,1994,322,1030,4.1,10.9,1.01,4.6,9,1.024323,7.975265
3609,269,1994,323,470,4.4,13.9,1.14,5.1,0.7,1.039163,8
3610,269,1994,324,900,9.7,14.6,1.29,7.7,3.4,1.054044,8
3611,269,1994,325,1850,5.6,10.7,1.06,2.1,0,1.06894,6.803073
3612,269,1994,326,3540,2.8,10.4,0.97,1.5,0,1.083824,3.465096
3613,269,1994,327,1030,4.6,12.1,1.09,4.1,0,1.098668,7.864468
3614,269,1994,328,2660,4.1,12,1,4.1,0.4,1.113442,5.158191
3615,269,1994,329,3840,2.2,10.9,0.93,2.6,0,1.128114,2.257166
3616,269,1994,330,420,8.4,11.7,1.23,3.6,1.8,1.142652,8
3617,269,1994,331,480,8.6,10.3,1.17,1.5,0,1.157019,8
3618,269,1994,332,2720,2.1,11.9,0.98,1.5,0,1.17118,4.66153
3619,269,1994,333,1270,3.2,8.1,0.88,2.6,0,1.185096,7.40627
3620,269,1994,334,750,4.7,6,0.87,4.6,0,1.198729,8
3621,269,1994,335,3020,1.8,6.6,0.78,3.1,0,1.152804,3.71111
3622,269,1994,336,3020,-0.4,4.8,0.68,2.6,0,1.164385,3.663112
3623,269,1994,337,3090,1.6,11.2,0.89,5.7,1.3,1.175584,3.258897
3624,269,1994,338,1030,6.5,12.3,1.09,7.2,0.1,1.186362,7.639955
3625,269,1994,339,2400,6.4,10.3,0.95,6.7,3,1.196684,4.890872
3626,269,1994,340,2940,4.3,9.7,0.81,5.7,1.6,1.206514,3.448292
3627,269,1994,341,1430,4,9.7,0.86,8.7,0.5,1.215816,6.925475
3628,269,1994,342,260,5.7,10.1,0.98,9.8,12.2,1.224556,8
3629,269,1994,343,3250,0,8.9,0.77,3.6,4,1.232701,2.28869
3630,269,1994,344,640,0.1,13.9,0.94,7.2,2.6,1.240217,8
3631,269,1994,345,1200,11.5,13.8,1.27,9.3,0,1.247076,7.218074
3632,269,1994,346,1050,11,13.3,1.25,9.3,0.7,1.253249,7.475771
3633,269,1994,347,2170,5.9,11.8,1.01,5.7,9.9,1.258711,5.084711
3634,269,1994,348,2670,-0.8,7.2,0.66,3.1,0.2,1.263437,3.83745
3635,269,1994,349,1690,-1.7,1.9,0.61,3.1,0,1.267408,6.297277
3636,269,1994,350,2220,0,8.3,0.76,4.1,0.1,1.270606,4.976768
3637,269,1994,351,600,-0.2,5.8,0.73,5.1,0.1,1.273017,8
3638,269,1994,352,1490,4.6,6.4,0.84,7.2,2,1.274631,6.643554
3639,269,1994,353,2970,3,6.8,0.81,5.1,2,1.275439,2.740351
3640,269,1994,354,2690,0.7,5.9,0.72,3.6,2.3,1.275439,3.658168
3641,269,1994,355,3460,-1.4,5.2,0.69,2.1,0.2,1.274631,1.184802
3642,269,1994,356,2620,-2.4,1.7,0.6,2.1,0,1.273017,3.948922
3643,269,1994,357,540,-2.9,-0.7,0.54,2.6,0,1.270606,8
3644,269,1994,358,4450,-6,-0.9,0.46,2.1,0,1.267408,0
3645,269,1994,359,570,-6.1,0,0.48,6.2,1.6,1.263437,8
3646,269,1994,360,500,-0.2,4.6,0.71,7.2,10.1,1.258711,8
3647,269,1994,361,310,4.6,11.3,1.05,7.2,25.8,1.253249,8
3648,269,1994,362,400,5.5,13.7,1.12,7.7,11.1,1.247076,8
3649,269,1994,363,660,7.3,13.5,1.12,10.3,7.8,1.240217,8
3650,269,1994,364,1600,5.7,8.2,0.88,9.3,3.7,1.232701,6.548073
3651,269,1994,365,1790,3,7.5,0.76,6.2,2.9,1.224556,6.213193
3652,269,1995,1,1050,-0.2,4.4,0.62,9.3,5.8,1.215816,7.61042
3653,269,1995,2,1680,1.5,5.9,0.67,7.2,1.6,1.206514,6.523702
3654,269,1995,3,2420,-1.9,3.1,0.56,2.1,0,1.196684,5.0095
3655,269,1995,4,6500,-5.2,0.2,0.46,2.6,0,1.186362,0
3656,269,1995,5,4790,-6.1,-2.1,0.35,6.2,0,1.175584,0
3657,269,1995,6,1900,-4.7,-2.1,0.44,3.6,4.7,1.164385,6.320788
3658,269,1995,7,2300,-11.8,-2.1,0.34,1.5,0,1.152804,5.626262
3659,269,1995,8,890,-2.3,4,0.63,5.7,3.6,1.198729,7.948384
3660,269,1995,9,1990,0.6,7.8,0.8,5.7,8.1,1.185096,6.202329
3661,269,1995,10,1980,2.1,6.8,0.71,7.2,6.6,1.17118,6.298534
3662,269,1995,11,3110,1.3,4.2,0.66,7.2,1.5,1.157019,4.025785
3663,269,1995,12,2950,0.8,4.7,0.65,5.7,3.6,1.142652,4.506748
3664,269,1995,13,2200,-0.3,5.3,0.69,2.6,0.1,1.128114,6.084324
3665,269,1995,14,1120,4.1,7.3,0.91,4.6,0.9,1.113442,7.750404
3666,269,1995,15,710,6.9,8.1,1.03,4.6,1.2,1.098668,8
3667,269,1995,16,4510,1.6,6.9,0.74,6.7,0,1.083824,1.21315
3668,269,1995,17,3970,1.5,7.3,0.63,9.3,0,1.06894,2.849334
3669,269,1995,18,1400,1.9,7.6,0.77,5.7,2.2,1.054044,7.522022
3670,269,1995,19,3170,1.5,7.5,0.75,7.7,2.2,1.039163,4.775606
3671,269,1995,20,2430,5,9.4,0.79,9.3,0.5,1.024323,6.154071
3672,269,1995,21,3520,4.3,8.4,0.82,9.3,4.6,1.058999,4.315054
3673,269,1995,22,1530,3.1,11.7,0.95,6.7,26.4,1.042677,7.479929
3674,269,1995,23,3560,3.8,7.7,0.73,10.3,2.9,1.026502,4.542864
3675,269,1995,24,1910,4.1,7.1,0.75,7.2,0.3,1.010491,7.130058
3676,269,1995,25,1660,3.3,10.5,0.95,3.6,3.1,0.994664,7.440448
3677,269,1995,26,550,2.3,11.9,0.89,10.3,12.3,0.9790346,8
3678,269,1995,27,3740,0.4,4.9,0.61,6.7,5.5,0.963617,4.790228
3679,269,1995,28,1550,1.8,9.5,0.82,7.7,3.4,0.948423,7.673172
3680,269,1995,29,1430,5.9,8.9,0.97,5.1,4.2,0.933463,7.805895
3681,269,1995,30,6210,-0.4,5.9,0.63,4.1,0,0.9187459,0.7420039
3682,269,1995,31,1090,-1,7.4,0.67,7.7,0.6,0.9468111,8
3683,269,1995,32,370,6.6,12.2,1.13,6.2,24.1,0.9310723,8
3684,269,1995,33,6350,0.7,7.6,0.7,3.6,0,0.9156522,1.195466
3685,269,1995,34,3610,2.1,8.1,0.75,6.7,0,0.9005538,5.702879
3686,269,1995,35,2910,4.7,10.1,0.97,5.1,0,0.8857786,6.563358
3687,269,1995,36,1820,2.6,8.4,0.89,4.6,0,0.8713273,7.67911
3688,269,1995,37,1440,8,10.3,1.08,6.2,0.7,0.8571998,7.994504
3689,269,1995,38,670,7.7,9.1,0.96,7.2,0.1,0.843395,8
3690,269,1995,39,1380,-0.1,8.3,0.78,3.1,7.3,0.829911,8
3691,269,1995,40,4580,-1.1,4.1,0.59,1.5,0.3,0.853331,5.210344
3692,269,1995,41,1900,-0.8,5.1,0.66,3.6,6.8,0.8391428,7.792074
3693,269,1995,42,1750,4.8,11.4,1.04,7.2,5,0.8253233,7.895515
3694,269,1995,43,7310,6.2,11,0.89,8.2,0.8,0.8118664,1.885611
3695,269,1995,44,3090,5.2,10.7,0.95,5.7,0.1,0.7987658,6.947269
3696,269,1995,45,5830,6,9.8,0.92,6.7,4.3,0.7860145,4.242768
3697,269,1995,46,4850,7.4,11.9,1.03,9.3,9.3,0.7736058,5.426888
3698,269,1995,47,4870,6.7,9.7,0.89,9.8,3,0.7615323,5.549374
3699,269,1995,48,4990,3.5,10.2,0.77,8.2,2.3,0.7819394,5.565939
3700,269,1995,49,5570,3.1,8.1,0.82,5.1,0.7,0.7693533,5.085971
3701,269,1995,50,4310,5.1,10.9,0.96,6.7,12.4,0.7571323,6.302778
3702,269,1995,51,6790,6.4,10.9,0.89,6.2,1.9,0.7452664,4.051575
3703,269,1995,52,1610,3.4,10.3,0.86,6.2,3.2,0.7337458,8
3704,269,1995,53,9270,2.6,9,0.71,8.7,0,0.7225609,1.665925
3705,269,1995,54,6480,2.6,7.6,0.76,7.2,2.6,0.7117022,4.819344
3706,269,1995,55,3310,-0.2,6.4,0.73,2.6,2.1,0.7011604,7.338944
3707,269,1995,56,2340,0.1,4.7,0.7,2.1,2.1,0.7190148,7.915634
3708,269,1995,57,6850,-0.1,5.5,0.67,4.6,1.2,0.7080988,4.872484
3709,269,1995,58,7260,-0.5,7.4,0.68,7.2,4,0.6975169,4.630477
3710,269,1995,59,4730,7.3,11.4,1.02,9.8,0,0.6872585,6.58206
3711,269,1995,60,2500,4.6,10.2,0.79,9.8,0.5,0.677313,7.922075
3712,269,1995,61,7760,1.8,5.7,0.68,6.7,1.9,0.6676702,4.572656
3713,269,1995,62,3690,0.2,5.7,0.66,9.8,6,0.6583203,7.398812
3714,269,1995,63,8840,0.3,5.7,0.69,4.1,2.9,0.674655,3.914622
3715,269,1995,64,1490,0.6,3.3,0.66,7.7,8,0.6650076,8
3716,269,1995,65,6850,1.5,6.7,0.7,6.2,6.2,0.6556639,5.6533
3717,269,1995,66,11090,0.5,7.7,0.66,8.2,0.1,0.6466133,2.425272
3718,269,1995,67,4490,1.1,7.1,0.7,7.2,3.4,0.6378454,7.171726
3719,269,1995,68,11560,0.9,9.7,0.74,4.1,0.3,0.6293505,2.312472
3720,269,1995,69,13040,1,11.4,0.65,6.2,0,0.6211191,1.220764
3721,269,1995,70,12110,2.1,13.6,0.76,4.1,0,0.6361355,2.171219
3722,269,1995,71,10990,0.1,12.5,0.82,2.1,0,0.6276647,3.229004
3723,269,1995,72,13740,0.2,12.4,0.77,4.6,0,0.6194641,1.107967
3724,269,1995,73,8530,-0.5,4.8,0.57,4.1,0.9,0.6115237,5.295956
3725,269,1995,74,9290,0.2,6.3,0.66,4.1,5.6,0.6038343,4.876919
3726,269,1995,75,11620,0.6,8,0.67,6.2,1,0.5963868,3.40017
3727,269,1995,76,2670,5.3,10.7,0.92,10.3,13.8,0.5891726,8
3728,269,1995,77,11130,5.1,9.6,0.77,8.2,0,0.5821833,3.941997
3729,269,1995,78,15310,3.6,8.3,0.73,6.2,1.3,0.5956537,0.9934946
3730,269,1995,79,8900,2.9,7.3,0.71,8.7,1.9,0.5884819,5.515078
3731,269,1995,80,13610,0.8,7.4,0.65,6.2,0.6,0.5815388,2.686774
3732,269,1995,81,9420,-0.9,8.1,0.62,3.1,0,0.5748159,5.413006
3733,269,1995,82,15630,0.4,13.7,0.73,4.1,0,0.5683055,1.478712
3734,269,1995,83,9640,3.8,11.1,0.85,5.1,0,0.5619997,5.372657
3735,269,1995,84,13740,4.5,10.1,0.79,7.2,7,0.5558914,3.063274
3736,269,1995,85,5080,4.9,10.3,0.94,6.2,5.3,0.5684729,7.474143
3737,269,1995,86,14190,1.1,8.2,0.64,9.3,11,0.5622141,3.109872
3738,269,1995,87,5300,-0.4,4.1,0.65,4.6,4.9,0.5561551,7.478742
3739,269,1995,88,16130,-1.1,6.9,0.56,7.7,1.1,0.5502887,2.188674
3740,269,1995,89,16210,-1.7,8.6,0.56,3.1,0,0.5446078,2.277649
3741,269,1995,90,1980,4.5,9.7,0.96,5.1,8.3,0.5391059,8
3742,269,1995,91,5420,8.3,13.4,1.2,5.1,0.1,0.5337767,7.48065
3743,269,1995,92,17540,8.3,17.5,1.16,6.2,0,0.5456155,1.458228
3744,269,1995,93,6190,7.8,11.1,1.05,5.1,0,0.5401617,7.283932
3745,269,1995,94,14450,2.4,10.3,0.78,4.1,0,0.5348822,3.758204
3746,269,1995,95,12070,-0.7,13,0.75,3.6,0,0.5297707,5.051005
3747,269,1995,96,7470,7,12.9,1.13,4.1,0.1,0.5248214,6.915635
3748,269,1995,97,8800,6,12.8,0.97,7.7,0,0.5200285,6.485834
3749,269,1995,98,14580,4,9.3,0.68,8.2,0.5,0.5153867,4.095216
3750,269,1995,99,7220,3.2,7.6,0.7,5.1,1.6,0.5108907,7.144433
3751,269,1995,100,4480,5.6,9.9,1.01,4.1,2.9,0.521868,7.931019
3752,269,1995,101,13750,5.7,15.4,1.13,2.6,0,0.5172753,4.558928
3753,269,1995,102,17940,6.3,12.9,1,5.7,0,0.5128295,2.561566
3754,269,1995,103,13080,6.7,12.8,1.04,5.1,0,0.5085257,5.019485
3755,269,1995,104,10240,3.8,12.6,0.95,3.1,0,0.5043589,6.226826
3756,269,1995,105,3740,3.2,9.9,0.91,4.1,2.8,0.5003246,8
3757,269,1995,106,10120,5.3,9.2,0.85,6.2,1.7,0.4964183,6.363261
3758,269,1995,107,5030,7,9.5,1,6.2,5.2,0.5069366,7.880591
3759,269,1995,108,9810,1.1,9.4,0.77,5.7,7.2,0.5029512,6.549426
3760,269,1995,109,20260,0.5,9.5,0.67,2.6,0,0.4990948,2.23269
3761,269,1995,110,15170,0.5,9.6,0.76,3.1,4.1,0.4953631,4.635695
3762,269,1995,111,16270,-0.9,12.2,0.72,3.6,0.6,0.4917521,4.247034
3763,269,1995,112,11830,7.4,16.3,1.17,3.6,0.6,0.4882578,5.916376
3764,269,1995,113,15460,2.9,16.3,1.03,3.6,0,0.4848763,4.595866
3765,269,1995,114,20800,7.2,24.8,1.29,5.7,0,0.4816042,2.096134
3766,269,1995,115,18460,12.1,21.7,1.39,6.2,0.9,0.4915944,3.282529
3767,269,1995,116,20460,8.4,21.1,1.29,5.1,0,0.4882636,2.439975
3768,269,1995,117,6650,6.6,10.3,0.86,5.1,0,0.4850432,7.6222
3769,269,1995,118,12410,3.7,10.5,0.68,2.6,0,0.4819296,6.033407
3770,269,1995,119,19630,2.7,14.6,0.77,3.6,0,0.4789195,3.286847
3771,269,1995,120,10640,5.9,14.6,0.99,3.1,0,0.4760096,6.580826
3772,269,1995,121,22050,2.9,19.8,0.98,2.6,0,0.4731969,2.219856
3773,269,1995,122,22020,4.4,21.7,0.93,3.1,0,0.4704785,2.336248
3774,269,1995,123,23130,5,23.7,1,2.6,0,0.4678514,1.850858
3775,269,1995,124,22700,7.3,24.8,1.17,2.1,0,0.4773439,2.042844
3776,269,1995,125,21330,6.7,26.2,1.2,2.1,0,0.4746808,2.728879
3777,269,1995,126,22070,5.4,23.4,1.18,2.1,0,0.4721102,2.4685
3778,269,1995,127,23340,6.9,24.8,1.17,3.1,0.1,0.4696294,1.956155
3779,269,1995,128,11080,10.4,14.4,1.14,5.7,2.6,0.4672358,6.603786
3780,269,1995,129,12000,8.1,12.6,1.01,7.2,3.5,0.4649269,6.379832
3781,269,1995,130,11670,6.9,11.8,0.99,3.6,5.4,0.4627003,6.498563
3782,269,1995,131,13720,2.9,11.4,0.79,3.6,1.4,0.4605537,5.957083
3783,269,1995,132,11390,4.7,12,0.77,6.2,0,0.4584847,6.650421
3784,269,1995,133,19500,7,12.7,0.79,7.7,0,0.4676989,4.057617
3785,269,1995,134,23930,4.3,12.3,0.68,5.7,0.1,0.4656148,2.390181
3786,269,1995,135,17410,4.4,14,0.81,4.1,0.1,0.46361,4.867724
3787,269,1995,136,18500,2.8,15.4,0.8,4.1,0,0.4616822,4.52405
3788,269,1995,137,5690,7.3,12.4,1.07,4.1,17.7,0.4598295,7.985795
3789,269,1995,138,11240,3.2,10.3,0.83,4.1,10.9,0.4580498,6.770821
3790,269,1995,139,15760,1.7,13.4,0.87,4.1,3.5,0.4563412,5.493473
3791,269,1995,140,18650,2.5,15.3,0.96,4.1,0.7,0.4547021,4.53743
3792,269,1995,141,21060,3.2,12.8,0.77,2.6,0,0.4531306,3.775131
3793,269,1995,142,24680,2.5,17.6,0.86,3.1,0,0.451625,2.350326
3794,269,1995,143,19540,7.6,22.1,1.12,2.1,0,0.4607171,4.255437
3795,269,1995,144,19720,8,26.2,1.52,2.6,2,0.4592205,4.098631
3796,269,1995,145,19440,13.4,20.4,1.54,3.6,10.7,0.4577919,4.221692
3797,269,1995,146,20780,11.6,20.2,1.46,2.1,10.6,0.4564298,3.778136
3798,269,1995,147,20220,11.5,22.1,1.51,3.1,0,0.4551327,3.996474
3799,269,1995,148,14220,13.3,23.6,1.68,4.6,19.7,0.453899,5.957925
3800,269,1995,149,24300,10.2,19.1,1.33,3.1,2.2,0.4527275,2.534033
3801,269,1995,150,26440,8.6,19.8,1.25,2.1,0,0.4516167,1.706576
3802,269,1995,151,24880,10.5,18.9,1.39,3.6,0,0.4505656,2.329309
3803,269,1995,152,21960,7.9,16.7,1.13,3.6,0,0.4495727,3.593555
3804,269,1995,153,12400,7.9,17.2,1.18,2.6,0.1,0.4486372,6.581652
3805,269,1995,154,16890,8.8,20,1.26,3.1,5.1,0.4477578,5.305991
3806,269,1995,155,15310,10.3,17.9,1.4,2.6,4.5,0.4469337,5.764492
3807,269,1995,156,16420,8.5,17.3,1.27,4.1,0,0.4461639,5.469415
3808,269,1995,157,10520,10.4,14.9,1.2,3.1,0.1,0.4454475,7.062434
3809,269,1995,158,9740,9.8,15,1.27,6.2,9,0.4447838,7.237211
3810,269,1995,159,18650,7,13.9,1.05,6.2,1.8,0.4441721,4.858998
3811,269,1995,160,7010,9.4,11.5,1.18,5.7,16.3,0.4533817,7.813848
3812,269,1995,161,13420,9.9,15.3,1.31,3.6,9.7,0.4528294,6.347169
3813,269,1995,162,12630,9.5,14.5,1.29,3.1,5.6,0.4523328,6.559314
3814,269,1995,163,20160,9.5,15.1,1.24,3.6,4.8,0.4518908,4.340306
3815,269,1995,164,28470,9.1,17.8,1.23,3.6,0,0.4515028,1.152067
3816,269,1995,165,6450,10.1,12.7,1.25,5.1,5.4,0.4511678,7.921389
3817,269,1995,166,5930,9.3,12.1,1.22,4.1,4.2,0.4508853,8
3818,269,1995,167,5940,8.6,11.5,1.17,4.1,2.4,0.4506548,8
3819,269,1995,168,6090,8.9,14.6,1.31,4.6,5.5,0.4504759,7.985535
3820,269,1995,169,23350,10.8,17.8,1.37,3.6,0.3,0.4503484,3.185891
3821,269,1995,170,26460,10,21.2,1.4,3.1,0,0.4502719,1.949466
3822,269,1995,171,20490,11.4,25.4,1.71,2.1,0,0.4502464,4.123205
3823,269,1995,172,17930,10.1,19.5,1.45,4.1,0,0.4502719,5.038022
3824,269,1995,173,18340,9.3,15.9,1.09,6.2,0,0.4503484,4.994878
3825,269,1995,174,17360,11.2,17.8,1.32,5.1,0,0.4504759,5.240247
3826,269,1995,175,20030,10.8,21,1.48,4.1,0,0.4506548,4.331259
3827,269,1995,176,29310,11.9,21.1,1.65,3.6,0,0.4508853,0.5714003
3828,269,1995,177,28200,13.4,25.5,1.94,3.6,0,0.4511678,0.9310586
3829,269,1995,178,29030,12.9,28.1,1.76,4.1,0,0.4515028,0.6210914
3830,269,1995,179,28550,12.8,28.4,1.8,4.1,0,0.4518908,0.8052876
3831,269,1995,180,29930,11.6,23.4,1.56,3.6,0,0.4523328,0.2724568
3832,269,1995,181,26830,9.2,26.3,1.56,2.1,0,0.4528294,1.632082
3833,269,1995,182,23850,10.7,20.4,1.34,4.1,0,0.4533817,2.917874
3834,269,1995,183,24370,9.5,24.3,1.44,3.6,0,0.4441721,2.659294
3835,269,1995,184,3970,10.7,15.5,1.39,3.6,11.8,0.4447838,8
3836,269,1995,185,15430,10.6,17.7,1.26,4.6,0,0.4454475,5.759086
3837,269,1995,186,28070,10.4,20,1.31,2.6,0,0.4461639,1.099937
3838,269,1995,187,22180,12.1,23.3,1.66,3.6,0,0.4469337,3.362036
3839,269,1995,188,25250,10.8,23.2,1.63,3.1,0,0.4477578,2.117187
3840,269,1995,189,25260,11.7,25.8,1.8,3.6,0,0.4486372,2.020922
3841,269,1995,190,22240,15.9,25.6,2.16,4.6,27.2,0.4495727,3.127571
3842,269,1995,191,25340,16.8,29.3,2.37,3.6,0,0.4505656,1.72603
3843,269,1995,192,25800,18.1,28.5,2.35,4.6,0,0.4516167,1.491084
3844,269,1995,193,20270,17,26.1,2.19,2.6,0,0.4527275,3.812718
3845,269,1995,194,27510,14.7,26.9,1.89,2.1,0,0.453899,0.7993166
3846,269,1995,195,20510,15.5,24.1,1.92,3.6,7.6,0.4551327,3.735319
3847,269,1995,196,20900,15.8,22.9,1.91,4.1,5.3,0.4564298,3.5584
3848,269,1995,197,21490,13.7,21.7,1.72,3.6,0,0.4577919,3.349781
3849,269,1995,198,15980,14,21.2,1.71,4.1,0,0.4592205,5.314596
3850,269,1995,199,4900,15.7,19.1,1.91,5.1,5.2,0.4607171,8
3851,269,1995,200,12200,15,23.1,2.05,3.1,0,0.451625,6.387276
3852,269,1995,201,19930,15,27.6,2.2,1.5,0,0.4531306,3.702693
3853,269,1995,202,21660,15.3,30.6,2.38,3.1,1.2,0.4547021,2.906074
3854,269,1995,203,21280,13.5,20.5,1.49,4.1,0,0.4563412,3.287858
3855,269,1995,204,23820,9.3,22.3,1.35,1.5,0,0.4580498,2.226328
3856,269,1995,205,25600,10.8,24.2,1.52,3.1,0,0.4598295,1.28694
3857,269,1995,206,27160,11.1,24.5,1.53,4.1,0,0.4616822,0.4627402
3858,269,1995,207,25040,12.8,29.6,1.74,5.1,0,0.46361,1.332148
3859,269,1995,208,9130,15.6,24.8,2.15,3.1,0.9,0.4656148,7.10444
3860,269,1995,209,14760,14.7,25,2.02,2.1,0,0.4676989,5.398126
3861,269,1995,210,19680,13.2,26.9,1.95,2.1,0,0.4584847,3.498669
3862,269,1995,211,24010,16.6,30.4,2,3.1,0,0.4605537,1.457145
3863,269,1995,212,24400,17.2,32.2,1.87,4.1,0,0.4627003,1.244651
3864,269,1995,213,24900,16.5,30.5,1.8,4.6,0,0.4649269,0.9469798
3865,269,1995,214,25530,14.6,29.2,1.63,5.1,0,0.4672358,0.6212104
3866,269,1995,215,23650,14.6,27.8,1.89,3.6,0,0.4696294,1.384395
3867,269,1995,216,22570,13.4,22.7,1.66,3.1,0,0.4721102,1.934097
3868,269,1995,217,24700,12.4,24.9,1.72,3.1,0,0.4746808,0.7522113
3869,269,1995,218,19150,15.6,25,2.12,4.1,0,0.4773439,3.250174
3870,269,1995,219,10460,15.4,20.5,1.46,4.6,0,0.4678514,6.607333
3871,269,1995,220,18230,13.1,22.9,1.47,5.1,0,0.4704785,3.726404
3872,269,1995,221,24480,11.1,24,1.57,4.1,0,0.4731969,0.5617305
3873,269,1995,222,24510,11.4,28.1,1.57,4.1,0,0.4760096,0.4429666
3874,269,1995,223,23460,12.5,30.8,1.55,4.1,0,0.4789195,0.9249172
3875,269,1995,224,21730,12.3,30.7,1.69,2.6,0,0.4819296,1.686916
3876,269,1995,225,14750,14.2,24.3,1.83,4.1,0,0.4850432,4.827002
3877,269,1995,226,16490,10.6,21.9,1.46,3.6,0,0.4882636,4.129246
3878,269,1995,227,17890,9.2,23.2,1.55,2.1,0,0.4915944,3.402597
3879,269,1995,228,18350,10.9,23.7,1.68,3.6,0,0.4816042,3.063597
3880,269,1995,229,21310,16.6,26.7,1.99,3.6,0,0.4848763,1.298052
3881,269,1995,230,21160,14.2,29,1.78,3.6,0,0.4882578,1.361293
3882,269,1995,231,20040,15.7,30.8,1.97,3.6,0,0.4917521,1.807559
3883,269,1995,232,20830,15,27.6,2.03,4.1,0,0.4953631,1.225688
3884,269,1995,233,18080,13.6,26.3,1.96,3.6,0,0.4990948,2.684043
3885,269,1995,234,17660,15.8,29,2.3,3.1,0,0.5029512,2.713155
3886,269,1995,235,18310,16.4,27.5,2.16,3.1,0,0.5069366,2.298309
3887,269,1995,236,15410,14.4,23.2,1.65,3.6,0,0.4964183,3.89333
3888,269,1995,237,8810,16.2,23.2,1.97,5.7,13.6,0.5003246,6.594273
3889,269,1995,238,14870,14.2,20.5,1.57,5.7,8.6,0.5043589,4.027676
3890,269,1995,239,10480,10.7,18.3,1.35,5.1,11.7,0.5085257,5.972395
3891,269,1995,240,15110,10.7,18.2,1.35,6.7,21.9,0.5128295,3.813303
3892,269,1995,241,12360,12,17.4,1.25,6.7,7,0.5172753,5.092624
3893,269,1995,242,19880,9.1,17.7,1.18,4.1,0.8,0.521868,0.9313211
3894,269,1995,243,17010,9.3,18.6,1.23,3.1,0,0.5108907,2.530373
3895,269,1995,244,16420,12.1,19.1,1.4,5.7,0,0.5153867,2.691234
3896,269,1995,245,8730,13.8,18.9,1.69,3.1,2.6,0.5200285,6.362227
3897,269,1995,246,15610,10,18.2,1.42,3.1,1.9,0.5248214,2.936174
3898,269,1995,247,10020,9.6,17.8,1.4,5.1,1.8,0.5297707,5.762893
3899,269,1995,248,12250,10.1,19.5,1.48,4.1,0,0.5348822,4.598109
3900,269,1995,249,11780,9.5,19.2,1.44,3.6,1.6,0.5401617,4.775078
3901,269,1995,250,6680,12,21.1,1.66,4.6,2.5,0.5456155,6.987359
3902,269,1995,251,3740,14.5,16.8,1.65,5.7,7.2,0.5337767,7.967337
3903,269,1995,252,7590,13.8,18.8,1.63,6.7,2.6,0.5391059,6.547681
3904,269,1995,253,12030,13.1,21.5,1.66,4.1,0.2,0.5446078,4.24182
3905,269,1995,254,7300,13.6,20.8,1.81,5.1,4.6,0.5502887,6.565193
3906,269,1995,255,12150,10,20.7,1.54,3.1,0.6,0.5561551,4.009143
3907,269,1995,256,5530,8.4,17.4,1.43,1.5,0,0.5622141,7.262845
3908,269,1995,257,10290,9.5,18.7,1.45,2.6,0.4,0.5684729,4.942428
3909,269,1995,258,6670,9.2,18.7,1.45,2.6,1.1,0.5558914,6.715563
3910,269,1995,259,10930,11.3,19.4,1.59,2.6,2.8,0.5619997,4.345566
3911,269,1995,260,13110,10.6,21,1.58,2.6,0,0.5683055,2.75946
3912,269,1995,261,13180,10.3,21.5,1.61,4.1,0,0.5748159,2.552189
3913,269,1995,262,12860,11.5,20.7,1.59,4.6,0,0.5815388,2.653065
3914,269,1995,263,9690,9.9,17.2,1.34,4.6,1.2,0.5884819,4.80172
3915,269,1995,264,8530,6.4,17.7,1.3,2.6,0.2,0.5956537,5.430884
3916,269,1995,265,6140,11.5,18.5,1.57,2.6,0,0.5821833,6.632437
3917,269,1995,266,9050,9.6,17.6,1.43,2.1,1.6,0.5891726,4.908013
3918,269,1995,267,9700,11.6,17.9,1.51,5.1,5.6,0.5963868,4.344546
3919,269,1995,268,11640,11,16.7,1.3,4.1,0.1,0.6038343,2.821024
3920,269,1995,269,2020,10.8,15.4,1.46,5.1,27.5,0.6115237,8
3921,269,1995,270,6800,8.6,15.9,1.23,6.2,14.9,0.6194641,6.032579
3922,269,1995,271,11970,5.4,12.2,0.87,5.1,1.7,0.6276647,2.268132
3923,269,1995,272,10800,5.5,13.4,0.97,5.1,1.5,0.6361355,3.045613
3924,269,1995,273,8490,3.5,13.1,1.03,2.1,1,0.6211191,4.705281
3925,269,1995,274,3030,5,17.2,1.28,4.1,1.5,0.6293505,7.815649
3926,269,1995,275,10680,5.9,16.7,1.19,3.6,0,0.6378454,2.554524
3927,269,1995,276,4350,9.3,18.5,1.51,3.6,0.3,0.6466133,7.076931
3928,269,1995,277,9620,13.6,21.1,1.76,5.7,6,0.6556639,2.977462
3929,269,1995,278,5780,10.3,17.3,1.45,3.6,0.3,0.6650076,6.084773
3930,269,1995,279,11390,8.5,18.1,1.27,5.7,0,0.674655,0.9904712
3931,269,1995,280,4710,14.1,18,1.61,5.1,0,0.6583203,6.649896
3932,269,1995,281,11530,10.8,22.6,1.67,3.6,0,0.6676702,0.1032809
3933,269,1995,282,10140,9.3,22.2,1.66,2.6,0,0.677313,1.516154
3934,269,1995,283,9510,8.5,23,1.68,1.5,0,0.6872585,2.013574
3935,269,1995,284,5320,14,17.8,1.77,2.6,0,0.6975169,5.910167
3936,269,1995,285,4410,10,18.8,1.61,2.1,0,0.7080988,6.557638
3937,269,1995,286,1930,9.5,15.7,1.46,1.5,0.2,0.7190148,8
3938,269,1995,287,9310,9.5,19.1,1.53,2.6,0,0.7011604,1.449368
3939,269,1995,288,6740,11.5,20,1.7,2.6,0,0.7117022,4.18077
3940,269,1995,289,2970,9.5,15.5,1.44,2.6,0,0.7225609,7.378129
3941,269,1995,290,7070,11.4,17,1.54,5.1,0.3,0.7337458,3.562058
3942,269,1995,291,7840,9.1,16.5,1.27,3.6,0,0.7452664,2.562347
3943,269,1995,292,5350,9.8,15.3,1.28,4.6,0,0.7571323,5.22338
3944,269,1995,293,4180,8.2,14.9,1.17,4.1,0.4,0.7693533,6.25942
3945,269,1995,294,5920,1.9,13.9,0.96,1,0,0.7819394,4.47478
3946,269,1995,295,8070,0.6,12.3,0.82,3.1,0,0.7615323,1.64766
3947,269,1995,296,8240,2.6,15.2,1,4.1,0,0.7736058,1.022274
3948,269,1995,297,8080,10.4,19.4,1.29,6.7,0,0.7860145,0.8172528
3949,269,1995,298,7220,8.7,17.2,1.15,6.2,0,0.7987658,1.982484
3950,269,1995,299,3240,8,15.7,1.28,5.1,0.4,0.8118664,6.677158
3951,269,1995,300,1180,9.5,17,1.43,4.6,1.4,0.8253233,8
3952,269,1995,301,7240,1.9,13.9,0.96,1.5,0,0.8391428,1.35154
3953,269,1995,302,7620,0,12.6,0.86,2.1,0,0.853331,0.5141538
3954,269,1995,303,6560,0.8,11.9,0.91,1.5,0,0.829911,2.024926
3955,269,1995,304,6450,1.2,13.7,0.96,3.1,1.4,0.843395,1.94519
3956,269,1995,305,1520,5.4,11.7,1,3.6,2.1,0.8571998,7.92797
3957,269,1995,306,5880,2.8,11.2,0.87,4.1,0.5,0.8713273,2.521398
3958,269,1995,307,3270,1.6,10.4,0.71,7.2,1.8,0.8857786,6.178723
3959,269,1995,308,6590,-2.7,6.2,0.58,2.6,0.2,0.9005538,0.9921824
3960,269,1995,309,6980,-2.6,6,0.57,1.5,0,0.9156522,0
3961,269,1995,310,4330,-1.8,7.2,0.64,3.6,0,0.9310723,4.456227
3962,269,1995,311,1450,3,10.5,0.97,2.1,1,0.9468111,7.832237
3963,269,1995,312,1070,5.6,12.7,1.15,2.6,0.9,0.9187459,8
3964,269,1995,313,1430,9.3,12.5,1.28,3.6,0.1,0.933463,7.772575
3965,269,1995,314,2800,6.5,9.6,1.02,3.1,0,0.948423,6.140061
3966,269,1995,315,3670,7.2,14.9,1.11,3.6,0,0.963617,4.668488
3967,269,1995,316,5240,5.4,15.1,1.01,5.1,0,0.9790346,1.428784
3968,269,1995,317,4670,2.9,9.3,0.85,3.1,0,0.994664,2.55741
3969,269,1995,318,1450,5.5,13.4,1.12,3.1,0,1.010491,7.611886
3970,269,1995,319,860,7,10.8,1.08,5.1,0.4,1.026502,8
3971,269,1995,320,2540,6.3,12.7,1.07,6.2,1.8,1.042677,6.040434
3972,269,1995,321,2660,-0.1,6.4,0.7,2.6,1.8,1.058999,5.860811
3973,269,1995,322,3200,-0.5,6.6,0.68,4.1,4.2,1.024323,4.822555
3974,269,1995,323,2980,4.5,8.6,0.83,5.7,7.5,1.039163,5.070207
3975,269,1995,324,4520,-0.5,9,0.73,2.1,0,1.054044,1.547356
3976,269,1995,325,4660,0,5.6,0.54,4.1,0,1.06894,1.133582
3977,269,1995,326,1340,0.5,8.9,0.77,3.1,0,1.083824,7.526005
3978,269,1995,327,2700,6.6,11,1.07,4.6,0,1.098668,5.147921
3979,269,1995,328,1690,7.8,11.3,0.98,6.2,0,1.113442,6.921989
3980,269,1995,329,4010,6.3,12.7,1,5.1,0,1.128114,1.745075
3981,269,1995,330,3060,4.2,12.6,0.89,4.1,0,1.142652,4.111723
3982,269,1995,331,1610,4,8.9,0.89,3.1,0,1.157019,6.936829
3983,269,1995,332,2190,3.7,9.9,0.97,1.5,0.1,1.17118,5.810877
3984,269,1995,333,760,2.8,5.4,0.82,3.1,0,1.185096,8
3985,269,1995,334,990,0.6,4.2,0.68,4.6,0,1.198729,7.806687
3986,269,1995,335,800,-0.3,2.9,0.62,4.1,0,1.152804,8
3987,269,1995,336,820,-0.2,3.1,0.67,4.1,0,1.164385,8
3988,269,1995,337,1570,-1.5,3.1,0.61,4.6,0,1.175584,6.832001
3989,269,1995,338,2030,-2.1,0.7,0.52,5.7,0,1.186362,5.929117
3990,269,1995,339,3210,-4.2,-0.1,0.37,7.2,0,1.196684,3.065811
3991,269,1995,340,2330,-5.8,-3.6,0.32,7.2,0,1.206514,5.261348
3992,269,1995,341,2190,-5.6,-0.7,0.42,3.6,0,1.215816,5.480378
3993,269,1995,342,3270,-6.1,0.4,0.47,2.6,0,1.224556,2.534539
3994,269,1995,343,1390,-5.2,0.3,0.49,3.1,0,1.232701,7.021656
3995,269,1995,344,800,-3.7,-0.7,0.52,1.5,0,1.240217,7.954711
3996,269,1995,345,490,-4.1,4.1,0.61,1.5,0,1.247076,8
3997,269,1995,346,2710,0.6,4.2,0.71,3.1,0,1.253249,3.772505
3998,269,1995,347,850,-1.7,1.4,0.6,2.1,0,1.258711,7.851659
3999,269,1995,348,2630,-1.1,1.4,0.54,6.7,0,1.263437,4.019803
4000,269,1995,349,1930,-4.7,0.2,0.44,6.7,0,1.267408,5.822425
4001,269,1995,350,2190,-3.7,-0.5,0.49,6.2,0,1.270606,5.166462
4002,269,1995,351,840,-2.8,-0.9,0.51,3.6,0,1.273017,7.858242
4003,269,1995,352,480,-1,0.7,0.6,2.1,1.3,1.274631,8
4004,269,1995,353,490,0.7,2.4,0.68,1.5,0.1,1.275439,8
4005,269,1995,354,1570,-3.2,2.5,0.59,1.5,6.2,1.275439,6.530575
4006,269,1995,355,1130,-3.6,-0.2,0.5,3.1,0,1.274631,7.388127
4007,269,1995,356,270,-0.7,10.8,0.86,6.2,11.7,1.273017,8
4008,269,1995,357,590,1.8,10.4,0.91,4.6,5,1.270606,8
4009,269,1995,358,3350,-6.1,1.9,0.47,2.1,0,1.267408,1.847642
4010,269,1995,359,1450,-6.9,3,0.51,4.1,1.5,1.263437,6.828046
4011,269,1995,360,3070,-7.4,2.6,0.47,2.1,0.1,1.258711,2.829964
4012,269,1995,361,2660,-11.9,-4.8,0.31,0.5,0,1.253249,4.171661
4013,269,1995,362,3440,-12.5,-2.9,0.32,1,0,1.247076,1.936496
4014,269,1995,363,3600,-14.3,-3.8,0.27,2.6,0,1.240217,1.563106
4015,269,1995,364,3260,-10.8,-4.6,0.25,6.2,0,1.232701,2.714529
4016,269,1995,365,1420,-4.7,-3,0.4,6.2,0,1.224556,7.01449
4017,269,1996,1,480,-4.3,-2.2,0.47,5.7,0,1.215816,8
4018,269,1996,2,2000,-4.6,-1.6,0.43,4.1,0,1.206514,5.946655
4019,269,1996,3,3540,-6.6,-1.4,0.41,2.6,0,1.196684,2.101875
4020,269,1996,4,2130,-6.2,0.4,0.43,4.1,0,1.186362,5.767766
4021,269,1996,5,3700,-5.7,0,0.36,4.6,0,1.175584,1.92408
4022,269,1996,6,3480,-6.2,-2.4,0.34,5.1,0,1.164385,2.701718
4023,269,1996,7,800,-2.4,5.8,0.66,4.1,4.4,1.152804,8
4024,269,1996,8,1920,1.7,7.5,0.82,4.6,0,1.198729,6.277533
4025,269,1996,9,680,3.3,6.2,0.78,5.1,1.8,1.185096,8
4026,269,1996,10,730,2.4,6.1,0.82,2.1,0.1,1.17118,8
4027,269,1996,11,1520,3,8.8,0.85,4.6,0.1,1.157019,7.099145
4028,269,1996,12,2810,6.6,10.2,0.97,4.6,0,1.142652,4.686384
4029,269,1996,13,2780,4.9,10.2,0.95,5.1,0,1.128114,4.857693
4030,269,1996,14,3130,0.9,9.2,0.84,3.6,0,1.113442,4.24245
4031,269,1996,15,3590,-0.2,6.6,0.74,3.1,0,1.098668,3.369365
4032,269,1996,16,1640,-0.5,2.5,0.66,2.1,0,1.083824,7.145165
4033,269,1996,17,1400,-0.9,2,0.64,2.6,0,1.06894,7.505787
4034,269,1996,18,1230,-1.2,0.1,0.59,3.1,0,1.054044,7.74717
4035,269,1996,19,1270,-2,-0.7,0.53,4.1,0,1.039163,7.734571
4036,269,1996,20,1410,-2.7,-0.4,0.45,7.2,0,1.024323,7.613804
4037,269,1996,21,1870,-3.2,-0.7,0.4,7.2,0,1.058999,7.104445
4038,269,1996,22,4020,-5.6,-0.3,0.4,7.2,0,1.042677,3.717528
4039,269,1996,23,3330,-6.7,-2.6,0.34,8.7,0,1.026502,5.129974
4040,269,1996,24,3180,-7.5,-3.3,0.3,9.3,0,1.010491,5.494195
4041,269,1996,25,4540,-10.8,-5.7,0.19,9.8,0,0.994664,3.389352
4042,269,1996,26,1570,-10.4,-8.1,0.23,9.3,1.1,0.9790346,7.665779
4043,269,1996,27,1950,-8.4,-4.6,0.3,7.2,0.2,0.963617,7.298659
4044,269,1996,28,5730,-10.1,-2.6,0.28,7.7,0,0.948423,1.591304
4045,269,1996,29,4540,-7.3,-1.4,0.35,7.2,0,0.933463,3.906438
4046,269,1996,30,5760,-7.5,1,0.37,5.7,0,0.9187459,1.902712
4047,269,1996,31,7090,-8.7,2.3,0.4,4.6,0,0.9468111,0
4048,269,1996,32,6600,-9.7,4.4,0.39,3.1,0,0.9310723,0.7499338
4049,269,1996,33,1990,-10.2,1,0.36,2.1,0,0.9156522,7.490599
4050,269,1996,34,3020,-1.9,0.2,0.51,3.6,0,0.9005538,6.472824
4051,269,1996,35,5350,-4.7,2,0.48,2.6,0.6,0.8857786,3.51452
4052,269,1996,36,5220,-3.8,2.8,0.52,3.1,0.3,0.8713273,3.852765
4053,269,1996,37,7220,-8,-1.9,0.33,6.7,0,0.8571998,1.032817
4054,269,1996,38,2630,-9.8,-3.7,0.25,5.7,0,0.843395,7.163407
4055,269,1996,39,5140,-14,-5.6,0.21,3.1,0,0.829911,4.615158
4056,269,1996,40,3860,-15.8,0.4,0.27,3.6,0,0.853331,6.126508
4057,269,1996,41,2040,-0.5,4.7,0.65,6.2,0.2,0.8391428,7.691082
4058,269,1996,42,1070,2.7,4.9,0.77,6.2,4.9,0.8253233,8
4059,269,1996,43,870,0.9,4.7,0.72,5.7,10.8,0.8118664,8
4060,269,1996,44,1030,0.3,1.4,0.62,6.7,0,0.7987658,8
4061,269,1996,45,1320,-1.9,0.3,0.52,4.6,0,0.7860145,8
4062,269,1996,46,3080,-2.8,3.8,0.56,4.1,0.8,0.7736058,7.12345
4063,269,1996,47,2040,3.6,7.5,0.83,6.2,2.7,0.7615323,7.850602
4064,269,1996,48,4210,1.5,6,0.68,8.2,0.2,0.7819394,6.301586
4065,269,1996,49,2750,2.1,6.7,0.77,6.2,12.1,0.7693533,7.458252
4066,269,1996,50,3470,-2.4,2.8,0.59,6.2,4.1,0.7571323,7.02814
4067,269,1996,51,3790,-4.9,-1.9,0.37,9.3,0.1,0.7452664,6.899393
4068,269,1996,52,10160,-7.2,-1.9,0.32,4.6,0,0.7337458,0.679017
4069,269,1996,53,8370,-6.8,2.5,0.42,2.1,0,0.7225609,2.939457
4070,269,1996,54,8710,-3.2,1.9,0.5,5.1,0,0.7117022,2.687086
4071,269,1996,55,4510,-0.8,5,0.64,7.7,0.8,0.7011604,6.559388
4072,269,1996,56,3240,4.4,9.3,0.87,7.7,1.4,0.7190148,7.402912
4073,269,1996,57,4560,-1.8,8,0.71,3.6,4.5,0.7080988,6.633105
4074,269,1996,58,7360,-1.8,7.3,0.73,2.1,0,0.6975169,4.521252
4075,269,1996,59,8070,-0.9,7.5,0.72,4.6,0.2,0.6872585,4.020763
4076,269,1996,60,5860,-2.2,5.7,0.67,3.1,0,0.677313,5.944807
4077,269,1996,61,4850,-0.9,4.8,0.64,4.1,0.6,0.6676702,6.693695
4078,269,1996,62,6120,-2.8,3.7,0.57,2.6,0.4,0.6583203,5.948621
4079,269,1996,63,9840,-3.7,4.4,0.58,2.1,0,0.674655,3.096308
4080,269,1996,64,2540,-3.6,4.4,0.63,3.1,3.2,0.6650076,7.999344
4081,269,1996,65,2090,0.9,3.7,0.69,3.6,0.1,0.6556639,8
4082,269,1996,66,5560,2.3,6.3,0.8,4.6,0.6,0.6466133,6.518787
4083,269,1996,67,5140,0.5,5.2,0.64,7.7,0,0.6378454,6.841476
4084,269,1996,68,12160,-1.5,7.7,0.56,6.7,0,0.6293505,1.903203
4085,269,1996,69,12480,-1.2,7.5,0.53,6.2,0,0.6211191,1.830177
4086,269,1996,70,13060,-3.4,7.9,0.47,5.7,0,0.6361355,1.560319
4087,269,1996,71,8660,-4.4,2.3,0.4,5.7,0,0.6276647,5.105482
4088,269,1996,72,12550,-7,1.5,0.32,5.1,0,0.6194641,2.491869
4089,269,1996,73,12840,-5.7,2,0.38,6.2,0,0.6115237,2.374524
4090,269,1996,74,12510,-5,5.4,0.45,7.2,0,0.6038343,2.735739
4091,269,1996,75,11780,-1,8.4,0.54,6.7,0,0.5963868,3.359945
4092,269,1996,76,5960,-0.4,8.8,0.66,6.7,0,0.5891726,6.845715
4093,269,1996,77,3990,1.5,6.3,0.65,4.1,0,0.5821833,7.704667
4094,269,1996,78,5950,1.8,5.4,0.68,4.1,0,0.5956537,6.931071
4095,269,1996,79,2960,1.6,7.5,0.74,2.1,0,0.5884819,8
4096,269,1996,80,12000,-3,12.7,0.71,2.1,0,0.5815388,3.7477
4097,269,1996,81,6400,1.2,13.6,0.93,3.1,3.7,0.5748159,6.816466
4098,269,1996,82,5820,4.1,10.7,0.98,2.6,0,0.5683055,7.095023
4099,269,1996,83,3790,3,11.1,0.99,3.1,0.5,0.5619997,7.871794
4100,269,1996,84,4650,3.1,6.9,0.86,3.6,0,0.5558914,7.609801
4101,269,1996,85,13720,2.8,11,0.85,5.7,0,0.5684729,3.170729
4102,269,1996,86,2920,-0.1,4.3,0.6,6.2,0,0.5622141,8
4103,269,1996,87,17460,-2.9,6.5,0.47,4.1,0,0.5561551,1.213204
4104,269,1996,88,6730,-2.5,7,0.57,5.1,1.9,0.5502887,7.006167
4105,269,1996,89,9730,0.9,6.4,0.72,5.1,3.4,0.5446078,5.764073
4106,269,1996,90,16270,-1.2,6,0.6,4.6,0.9,0.5391059,2.345536
4107,269,1996,91,15740,-2.8,6,0.59,3.1,2,0.5337767,2.803461
4108,269,1996,92,18860,-6.3,5.3,0.45,2.6,0,0.5456155,1.090687
4109,269,1996,93,11640,-5,5.8,0.53,2.6,0.2,0.5401617,5.195248
4110,269,1996,94,17370,-2.5,8.6,0.56,4.6,0,0.5348822,2.219385
4111,269,1996,95,18780,-0.9,12.6,0.53,6.2,0,0.5297707,1.516741
4112,269,1996,96,16180,-0.6,13.1,0.62,6.7,0,0.5248214,3.100206
4113,269,1996,97,7510,4,11.9,0.8,3.6,0,0.5200285,6.978093
4114,269,1996,98,14530,0.1,13.3,0.81,3.1,0,0.5153867,4.063705
4115,269,1996,99,7740,0.3,10.2,0.74,2.6,0,0.5108907,6.96826
4116,269,1996,100,7900,0.3,14.6,0.82,2.1,0,0.521868,6.931796
4117,269,1996,101,4210,7.7,12.6,1.15,2.6,2.1,0.5172753,8
4118,269,1996,102,2270,2.7,10.2,0.92,4.6,2.8,0.5128295,8
4119,269,1996,103,20990,-1.3,6.7,0.5,6.2,0,0.5085257,1.294988
4120,269,1996,104,17780,-3.4,11.5,0.6,3.1,0,0.5043589,3.063677
4121,269,1996,105,21560,-0.9,13.2,0.64,3.1,0,0.5003246,1.104135
4122,269,1996,106,21360,-2.6,16.3,0.56,2.1,0,0.4964183,1.402345
4123,269,1996,107,18470,2.9,19,0.59,3.6,0,0.5069366,2.997044
4124,269,1996,108,18240,4.5,20.2,0.7,4.1,0,0.5029512,3.133494
4125,269,1996,109,17100,3.4,17.4,0.95,4.6,0,0.4990948,3.639718
4126,269,1996,110,15290,7.6,19.7,1.05,4.1,0,0.4953631,4.484952
4127,269,1996,111,16900,5.4,24.9,0.96,3.6,0,0.4917521,3.872683
4128,269,1996,112,22280,8.9,24.7,0.82,4.1,0,0.4882578,1.383336
4129,269,1996,113,16520,11.1,24.3,0.97,3.6,0,0.4848763,4.168479
4130,269,1996,114,9270,8.8,19.3,0.99,5.7,0,0.4816042,6.847495
4131,269,1996,115,12930,5.7,14.9,0.94,3.6,1,0.4915944,5.687706
4132,269,1996,116,18250,5.7,14.8,0.95,4.1,0,0.4882636,3.613771
4133,269,1996,117,17280,6,16.7,1.1,4.1,0,0.4850432,4.039277
4134,269,1996,118,20980,3.4,19.5,1.04,2.1,0,0.4819296,2.463723
4135,269,1996,119,22900,6.2,15.1,0.94,4.1,0,0.4789195,1.664345
4136,269,1996,120,12840,4.2,10.9,0.79,2.1,0.2,0.4760096,5.929568
4137,269,1996,121,17030,-0.5,14.3,0.71,2.6,0,0.4731969,4.498303
4138,269,1996,122,11750,4.8,18.5,1.01,3.1,0.5,0.4704785,6.289868
4139,269,1996,123,5220,7.5,12.8,1.17,2.6,7.7,0.4678514,7.984721
4140,269,1996,124,3490,7.4,9.6,1.02,2.6,2.8,0.4773439,8
4141,269,1996,125,13120,4.9,9.9,0.74,5.7,0,0.4746808,5.999468
4142,269,1996,126,15890,0.8,10.5,0.65,3.6,0,0.4721102,5.144663
4143,269,1996,127,24970,-1.6,13.7,0.67,3.1,0,0.4696294,1.489277
4144,269,1996,128,25770,3.4,15.6,0.83,6.7,0,0.4672358,1.072688
4145,269,1996,129,20820,3.3,15.2,0.75,6.2,0,0.4649269,3.380038
4146,269,1996,130,23630,4.9,12.9,0.83,6.7,0.2,0.4627003,2.20137
4147,269,1996,131,6590,5.1,8.6,0.87,4.1,2,0.4605537,7.77857
4148,269,1996,132,7140,6.2,10.9,0.98,3.1,0,0.4584847,7.66113
4149,269,1996,133,7680,7.1,10.5,0.96,3.6,0,0.4676989,7.553072
4150,269,1996,134,5560,7.8,10,0.99,3.6,0,0.4656148,7.998724
4151,269,1996,135,9480,7.5,12,1.03,4.6,0,0.46361,7.147275
4152,269,1996,136,12990,2.9,11.9,0.8,4.6,0.2,0.4616822,6.273083
4153,269,1996,137,18780,-0.9,12.6,0.69,4.6,1.1,0.4598295,4.49927
4154,269,1996,138,6450,5.3,11.5,1,4.1,1.7,0.4580498,7.846695
4155,269,1996,139,5880,5.9,12.7,1.1,3.6,0.4,0.4563412,7.958064
4156,269,1996,140,15730,7.4,16.8,1.14,4.1,0.3,0.4547021,5.459195
4157,269,1996,141,23710,3.3,15.2,0.78,3.6,0,0.4531306,2.748411
4158,269,1996,142,21640,1.9,17.3,0.87,2.6,0,0.451625,3.547824
4159,269,1996,143,12220,4,16.1,1.05,4.6,1.4,0.4607171,6.546319
4160,269,1996,144,10470,9.9,15.8,1.31,5.7,3.7,0.4592205,6.971268
4161,269,1996,145,10610,12.2,18.3,1.51,6.2,3.5,0.4577919,6.925237
4162,269,1996,146,8360,10.3,14.9,1.27,3.6,2.6,0.4564298,7.479793
4163,269,1996,147,16700,8.4,17.3,1.22,5.1,1.4,0.4551327,5.272271
4164,269,1996,148,4900,7.7,13.1,1.15,6.2,7,0.453899,8
4165,269,1996,149,24060,7.1,14.5,0.91,5.1,0,0.4527275,2.816121
4166,269,1996,150,14430,11.3,19.7,1.39,5.1,0.2,0.4516167,5.967822
4167,269,1996,151,23070,11.9,25,1.55,3.6,0,0.4505656,2.998843
4168,269,1996,152,25680,10.5,19.9,1.16,5.1,0,0.4495727,2.128759
4169,269,1996,153,22350,6.1,17.6,0.97,4.1,0,0.4486372,3.532529
4170,269,1996,154,20620,5.1,18.4,0.99,2.1,0,0.4477578,4.159131
4171,269,1996,155,24330,9.6,20.3,1.21,2.1,0,0.4469337,2.721781
4172,269,1996,156,20810,9.8,19.7,1.28,3.1,0,0.4461639,4.028213
4173,269,1996,157,26830,9.1,27.9,1.36,3.1,0,0.4454475,1.675439
4174,269,1996,158,27000,11.9,29.3,1.65,2.1,0,0.4447838,1.494528
4175,269,1996,159,25610,14.7,32.7,1.93,3.1,0,0.4441721,1.998764
4176,269,1996,160,17460,16.6,27.9,2.15,4.1,2.4,0.4533817,5.010538
4177,269,1996,161,5910,9,17.2,1.42,2.6,0.2,0.4528294,8
4178,269,1996,162,24660,8.7,26.4,1.51,2.6,0,0.4523328,2.584469
4179,269,1996,163,27150,16.4,24.9,1.87,3.1,7.9,0.4518908,1.41965
4180,269,1996,164,24860,8.7,18,1.12,5.1,0,0.4515028,2.684406
4181,269,1996,165,26690,8.2,18.6,1.11,4.1,0,0.4511678,1.970058
4182,269,1996,166,11840,6.5,15.6,1.04,2.6,0,0.4508853,6.799384
4183,269,1996,167,27580,3.6,18.9,1.03,3.1,0,0.4506548,1.660007
4184,269,1996,168,27930,4.9,19.4,1.16,2.6,0,0.4504759,1.44829
4185,269,1996,169,28550,5.7,23.8,1.16,2.6,0,0.4503484,1.18771
4186,269,1996,170,21830,9.7,19.3,1.22,4.6,0,0.4502719,3.794232
4187,269,1996,171,7520,9.8,14,1.09,5.7,0.2,0.4502464,7.732114
4188,269,1996,172,15200,9.4,15,1,4.6,0,0.4502719,5.942316
4189,269,1996,173,12920,8.9,14,1,5.7,0,0.4503484,6.542052
4190,269,1996,174,10980,10.2,14.3,1.23,5.7,1,0.4504759,6.980356
4191,269,1996,175,6750,10.3,13.2,1.19,4.6,1.6,0.4506548,7.86956
4192,269,1996,176,9550,10.4,15.2,1.27,4.1,1.5,0.4508853,7.296571
4193,269,1996,177,5450,9.4,14.3,1.25,1.5,0.8,0.4511678,8
4194,269,1996,178,17450,9.4,21.5,1.42,1.5,0,0.4515028,5.172628
4195,269,1996,179,12490,8.6,17.2,1.32,3.1,0.2,0.4518908,6.588518
4196,269,1996,180,12140,9.7,20.7,1.42,3.6,1.3,0.4523328,6.66027
4197,269,1996,181,8190,11.7,14.8,1.37,5.7,15.1,0.4528294,7.566519
4198,269,1996,182,8740,12.5,16.4,1.43,4.6,2.1,0.4533817,7.44389
4199,269,1996,183,14820,10.7,17.9,1.35,4.2,1.7,0.4441721,5.934995
4200,269,1996,184,16420,10.3,16.8,1.34,4.2,6.8,0.4447838,5.458586
4201,269,1996,185,13240,10.9,19.1,1.38,5.4,0.5,0.4454475,6.351043
4202,269,1996,186,16550,12.8,19.1,1.43,6.5,5.2,0.4461639,5.379447
4203,269,1996,187,12490,11.2,17.9,1.39,3.7,0,0.4469337,6.53278
4204,269,1996,188,8290,7.9,15,1.24,2.1,7.6,0.4477578,7.53082
4205,269,1996,189,22690,5.7,18.6,1.18,2.6,0,0.4486372,3.288791
4206,269,1996,190,14030,5.9,16.3,1.08,5.7,0.1,0.4495727,6.139137
4207,269,1996,191,14790,10.7,17.2,1.34,4.1,3.2,0.4505656,5.864674
4208,269,1996,192,17040,11.5,18,1.48,4.3,1.8,0.4516167,5.129821
4209,269,1996,193,22850,9.7,22.5,1.59,3.2,0,0.4527275,2.975715
4210,269,1996,194,20090,12.3,21.2,1.68,2.2,0,0.453899,3.983184
4211,269,1996,195,11190,12.9,21.4,1.74,4.4,0,0.4551327,6.758352
4212,269,1996,196,6400,12.1,20,1.72,2.8,0.2,0.4564298,7.852985
4213,269,1996,197,26010,9.5,19.4,1.28,3.5,0,0.4577919,1.629016
4214,269,1996,198,20430,10.3,18.1,1.25,4.2,0,0.4592205,3.873227
4215,269,1996,199,25310,8.6,19.5,1.25,3.8,0,0.4607171,1.860446
4216,269,1996,200,8970,9.4,15.7,1.16,3.5,0,0.451625,7.310928
4217,269,1996,201,24340,5.8,21.8,1.29,1.6,0,0.4531306,2.171521
4218,269,1996,202,26990,7.4,24.5,1.25,2.5,0,0.4547021,0.9458373
4219,269,1996,203,25630,8.4,26.7,1.34,2.3,0,0.4563412,1.473205
4220,269,1996,204,24170,11.1,29.1,1.39,2.5,0,0.4580498,2.054823
4221,269,1996,205,15730,14.8,27.5,1.91,3.7,22.2,0.4598295,5.195299
4222,269,1996,206,8470,14.3,19.3,1.78,5.4,12.4,0.4616822,7.320839
4223,269,1996,207,8180,13.7,18.2,1.63,5.8,0.1,0.46361,7.390741
4224,269,1996,208,22160,11.1,23.3,1.63,2.1,0,0.4656148,2.637063
4225,269,1996,209,7800,7.9,19.1,1.42,2.5,0.4,0.4676989,7.47493
4226,269,1996,210,19910,6,20.4,1.23,1.6,0,0.4584847,3.626233
4227,269,1996,211,15520,11.7,22.4,1.59,2.9,0,0.4605537,5.150997
4228,269,1996,212,16390,10.3,21.6,1.61,2.7,0,0.4627003,4.797339
4229,269,1996,213,7010,14.6,19.4,1.74,3.5,0.3,0.4649269,7.597688
4230,269,1996,214,12460,11.1,20.8,1.54,3.7,0,0.4672358,6.098757
4231,269,1996,215,24060,8.2,20.5,1.32,3.3,0,0.4696294,1.434038
4232,269,1996,216,20870,7.1,20.9,1.3,1.8,0,0.4721102,2.868271
4233,269,1996,217,25620,7.4,23,1.31,3,0,0.4746808,0.4783529
4234,269,1996,218,25740,10,24.4,1.3,4.6,0,0.4773439,0.3272827
4235,269,1996,219,10870,13.2,21.3,1.56,4.6,3.3,0.4678514,6.469726
4236,269,1996,220,7360,11.6,17.7,1.5,4.2,0,0.4704785,7.444602
4237,269,1996,221,19790,12.3,22.9,1.55,2.9,0,0.4731969,2.937113
4238,269,1996,222,18240,11.3,28,1.65,2.6,0,0.4760096,3.545817
4239,269,1996,223,10310,16,25.7,1.82,2.9,0,0.4789195,6.513666
4240,269,1996,224,11820,13.3,23.6,1.95,2,20.8,0.4819296,5.961025
4241,269,1996,225,11220,12.3,22.9,1.89,2.5,8.5,0.4850432,6.145905
4242,269,1996,226,10890,16.3,22.8,2.02,4.4,0,0.4882636,6.211812
4243,269,1996,227,11500,16.1,22.5,1.97,4.3,0,0.4915944,5.969053
4244,269,1996,228,12990,14.1,21.9,1.75,4.2,0,0.4816042,5.404466
4245,269,1996,229,5680,11.1,19.2,1.48,1.6,0,0.4848763,7.750025
4246,269,1996,230,16980,9.1,23.4,1.55,1.8,0,0.4882578,3.613877
4247,269,1996,231,19670,9.5,26.8,1.73,2,0,0.4917521,2.10134
4248,269,1996,232,21600,11.9,29.4,1.68,3.7,0,0.4953631,0.9255061
4249,269,1996,233,21260,14.1,30.2,1.73,3.6,0,0.4990948,0.983267
4250,269,1996,234,8640,14.8,23.8,2.04,2.3,1.1,0.5029512,6.739028
4251,269,1996,235,18520,11.5,25,1.74,1.9,0,0.5069366,2.327492
4252,269,1996,236,13780,11.7,25.9,1.78,4.4,2.3,0.4964183,4.635725
4253,269,1996,237,16050,12.6,22.2,1.71,5.4,4.7,0.5003246,3.471349
4254,269,1996,238,14170,11.7,20.6,1.6,5.5,2.4,0.5043589,4.360386
4255,269,1996,239,18400,10.7,21.4,1.51,2.9,0,0.5085257,2.052805
4256,269,1996,240,14130,8.4,22.7,1.5,2.1,2.4,0.5128295,4.259746
4257,269,1996,241,4170,12,18,1.62,2.8,16.9,0.5172753,7.980822
4258,269,1996,242,3930,13.3,16.4,1.6,3.2,4.5,0.521868,8
4259,269,1996,243,10460,13.7,19.6,1.67,6.2,4,0.5108907,5.734666
4260,269,1996,244,12130,10.9,17.7,1.29,5.6,0.8,0.5153867,4.997952
4261,269,1996,245,10850,7.8,17.8,1.29,2.4,2.8,0.5200285,5.525429
4262,269,1996,246,16510,6.3,19.8,1.23,1.4,0,0.5248214,2.477476
4263,269,1996,247,18430,7.9,20.8,1.31,2.6,0,0.5297707,1.074571
4264,269,1996,248,9430,9.6,18.9,1.35,3.2,0,0.5348822,5.980544
4265,269,1996,249,17820,10.2,20.9,1.41,3.6,0,0.5401617,1.132522
4266,269,1996,250,16710,6.8,19.2,1.23,3.3,0,0.5456155,1.829443
4267,269,1996,251,17090,4.5,18.3,1.02,2.2,0,0.5337767,1.543748
4268,269,1996,252,12660,5.3,18.3,1.11,1.8,0,0.5391059,4.141999
4269,269,1996,253,14990,7.6,19.9,1.35,2.5,0.4,0.5446078,2.504506
4270,269,1996,254,7220,10.6,17,1.31,4.5,2.3,0.5502887,6.661996
4271,269,1996,255,7330,11.1,15.8,1.27,3.6,4.6,0.5561551,6.577702
4272,269,1996,256,12170,8.9,16.4,1.16,7.2,8.9,0.5622141,4.016666
4273,269,1996,257,10830,8.9,16.1,1.17,7.3,4.1,0.5684729,4.708963
4274,269,1996,258,9450,11.4,16.8,1.35,4.5,0,0.5558914,5.355562
4275,269,1996,259,8980,6.1,17.5,1.23,2,0,0.5619997,5.564031
4276,269,1996,260,10640,6.7,17.8,1.21,1.5,0,0.5683055,4.535201
4277,269,1996,261,16360,5.1,17.2,1.02,4,0,0.5748159,0.3365662
4278,269,1996,262,11370,8.9,15.7,1.09,6.8,0,0.5815388,3.899493
4279,269,1996,263,7360,6.7,11.6,0.96,7.6,0,0.5884819,6.213511
4280,269,1996,264,11540,6.6,16.3,1.07,7,0,0.5956537,3.55008
4281,269,1996,265,12330,6.2,15,0.96,6.1,0,0.5821833,2.8877
4282,269,1996,266,1780,8.9,10.3,1.09,4.5,6,0.5891726,8
4283,269,1996,267,6560,7.8,14.3,1.17,2.5,0.3,0.5963868,6.365797
4284,269,1996,268,6270,5.6,14.3,1.09,1.5,0,0.6038343,6.478502
4285,269,1996,269,11170,2.4,17.8,1.1,1.4,0.2,0.6115237,3.133943
4286,269,1996,270,10900,6.1,19.1,1.26,3.7,0.8,0.6194641,3.135582
4287,269,1996,271,8060,10.6,17,1.45,5,12.3,0.6276647,5.095513
4288,269,1996,272,5840,9.5,16.2,1.36,4.5,0.6,0.6361355,6.450347
4289,269,1996,273,1670,12.1,17.5,1.57,8.8,7.9,0.6211191,8
4290,269,1996,274,6250,9.9,18.1,1.41,3.6,5.2,0.6293505,6.064858
4291,269,1996,275,4040,6.2,14,1.17,1.7,4.1,0.6378454,7.315967
4292,269,1996,276,11890,4,15.6,1.07,1.7,0,0.6466133,1.249838
4293,269,1996,277,8930,4.7,16.8,1.1,5.7,0,0.6556639,3.841188
4294,269,1996,278,10080,8.2,15.5,1.11,5,2.4,0.6650076,2.632124
4295,269,1996,279,8640,5.2,14.8,1.09,2.9,6.9,0.674655,3.819888
4296,269,1996,280,7550,3,14.9,1.03,1.8,0,0.6583203,4.65492
4297,269,1996,281,11400,4.3,16.5,1.07,2.3,0,0.6676702,0.629078
4298,269,1996,282,4580,3.8,15.6,1.11,1.1,0,0.677313,6.689134
4299,269,1996,283,1840,10.9,14.1,1.44,1.8,2.6,0.6872585,8
4300,269,1996,284,5320,8.8,14.6,1.25,2,0,0.6975169,6.001858
4301,269,1996,285,6230,7.4,14.1,1.2,2.3,0,0.7080988,5.173739
4302,269,1996,286,2610,5.5,12.5,1.09,3.1,0,0.7190148,7.726424
4303,269,1996,287,9490,4.7,18.7,1.22,2.9,0,0.7011604,1.388783
4304,269,1996,288,9100,10.6,19.9,1.37,3.2,0,0.7117022,1.564973
4305,269,1996,289,3720,8.3,16.4,1.31,2.9,0,0.7225609,6.867462
4306,269,1996,290,5590,4.7,13.9,1.08,1.6,0,0.7337458,5.257793
4307,269,1996,291,8440,3.6,15.1,1.06,2,0,0.7452664,1.904105
4308,269,1996,292,7420,3.3,13.8,1,4.9,1.8,0.7571323,3.020511
4309,269,1996,293,8750,7.8,14.8,1.19,5,0.5,0.7693533,0.9203602
4310,269,1996,294,1700,8.3,14.6,1.33,4.3,11.7,0.7819394,8
4311,269,1996,295,3830,6.6,15.2,1.2,4.9,5,0.7615323,6.419385
4312,269,1996,296,7240,3.6,15.3,1.09,1.9,0,0.7736058,2.423682
4313,269,1996,297,7840,5,14.9,1.07,3.2,0,0.7860145,1.328835
4314,269,1996,298,8360,3.3,15.3,0.96,4.1,0,0.7987658,0.3120313
4315,269,1996,299,5070,6.5,14.1,1.12,3.6,0,0.8118664,4.74394
4316,269,1996,300,5590,7.5,14.3,1.17,5,0.4,0.8253233,3.918
4317,269,1996,301,800,6.9,15.4,1.25,7.7,15.5,0.8391428,8
4318,269,1996,302,2170,11.7,15.3,1.33,8.4,1.1,0.853331,7.473204
4319,269,1996,303,4620,8.9,13.1,1.12,10.3,7,0.829911,4.797084
4320,269,1996,304,3580,8.3,11.5,1,4.7,0,0.843395,6.00152
4321,269,1996,305,1920,7.9,11.6,1.1,7.1,8.1,0.8571998,7.594545
4322,269,1996,306,2840,8,13.3,1.17,5,0.6,0.8713273,6.644048
4323,269,1996,307,530,9.9,15.2,1.34,8,1.6,0.8857786,8
4324,269,1996,308,480,13.6,14.9,1.53,8.4,1.3,0.9005538,8
4325,269,1996,309,780,11.1,14.2,1.36,9.1,4.5,0.9156522,8
4326,269,1996,310,2830,7.5,12.1,1.07,7.3,4.2,0.9310723,6.397689
4327,269,1996,311,3630,7.9,13.6,1.02,10.8,4.4,0.9468111,5.239864
4328,269,1996,312,1450,6.4,11.4,1.04,3.5,13.5,0.9187459,7.798946
4329,269,1996,313,5240,2.6,10.3,0.84,3.5,0.2,0.933463,2.218693
4330,269,1996,314,3960,3.5,11.3,0.92,4.9,0.8,0.948423,4.373872
4331,269,1996,315,710,3.9,7.9,0.88,4.9,9.3,0.963617,8
4332,269,1996,316,2090,3.8,9.7,0.94,4.5,6.3,0.9790346,6.958672
4333,269,1996,317,2610,4.8,10.4,1,3.4,2,0.994664,6.182902
4334,269,1996,318,3280,3.3,9.2,0.78,4.8,1,1.010491,5.09313
4335,269,1996,319,4360,-0.2,8.2,0.76,1.8,0,1.026502,2.891542
4336,269,1996,320,6310,-1.6,4.8,0.62,2.6,0,1.042677,0
4337,269,1996,321,4000,-0.1,6.4,0.7,1.7,0,1.058999,3.346125
4338,269,1996,322,1120,-0.2,3.5,0.65,4.6,0,1.024323,7.904889
4339,269,1996,323,840,2.5,6.3,0.79,2.9,4.6,1.039163,8
4340,269,1996,324,3110,0.7,6.1,0.72,4.9,4.9,1.054044,4.754122
4341,269,1996,325,1150,2.5,6.8,0.78,5.1,9.7,1.06894,7.789005
4342,269,1996,326,2620,2.9,7,0.77,4.1,5.1,1.083824,5.485818
4343,269,1996,327,2700,0.5,6.5,0.7,6.2,18.1,1.098668,5.268641
4344,269,1996,328,2480,0.3,4.4,0.68,4.3,5.4,1.113442,5.617858
4345,269,1996,329,1690,-0.7,3.4,0.65,5.3,0.1,1.128114,6.934587
4346,269,1996,330,540,1.1,5.7,0.77,6,10.9,1.142652,8
4347,269,1996,331,580,1.5,6,0.74,3.8,0,1.157019,8
4348,269,1996,332,2950,0.8,3.3,0.64,2.5,0,1.17118,4.270379
4349,269,1996,333,2970,-1.6,5.1,0.64,2.6,0,1.185096,4.118367
4350,269,1996,334,910,-1.7,5.8,0.68,5.4,9.1,1.198729,7.913367
4351,269,1996,335,1960,2.6,6.3,0.75,4.2,5.9,1.152804,6.150669
4352,269,1996,336,1350,1.7,8.5,0.76,5.6,0.9,1.164385,7.21237
4353,269,1996,337,970,5.4,7.8,0.82,6.5,3,1.175584,7.769149
4354,269,1996,338,510,2.9,8.8,0.86,8.1,5.1,1.186362,8
4355,269,1996,339,3150,2.8,8.7,0.81,6.8,0.2,1.196684,2.930847
4356,269,1996,340,1640,3.3,7.4,0.85,2.1,0,1.206514,6.554951
4357,269,1996,341,1900,2.8,7,0.85,1.6,0.2,1.215816,5.980789
4358,269,1996,342,1080,3.5,6.1,0.86,2.8,0.4,1.224556,7.515746
4359,269,1996,343,940,0.3,3.6,0.7,2.3,0,1.232701,7.740623
4360,269,1996,344,340,-0.4,0.7,0.59,3.3,0,1.240217,8
4361,269,1996,345,210,-0.9,0,0.57,2.9,0,1.247076,8
4362,269,1996,346,290,-1.5,-0.4,0.56,2.3,0,1.253249,8
4363,269,1996,347,340,-1.7,0.2,0.56,2.5,0,1.258711,8
4364,269,1996,348,1340,-1.8,4.1,0.61,2.3,0.2,1.263437,7.01329
4365,269,1996,349,2710,-3.5,2.6,0.55,3.9,0,1.267408,3.757192
4366,269,1996,350,1550,0.3,8.7,0.78,5,0,1.270606,6.542643
4367,269,1996,351,930,0,6.5,0.77,2.5,0,1.273017,7.690658
4368,269,1996,352,610,2.1,4,0.76,1.3,0,1.274631,8
4369,269,1996,353,1230,2,7.9,0.86,2.8,0,1.275439,7.151332
4370,269,1996,354,230,1.9,7.2,0.84,7,27.1,1.275439,8
4371,269,1996,355,1020,-3.4,1.9,0.49,9.8,0,1.274631,7.575014
4372,269,1996,356,3550,-5.6,-2.4,0.35,7.9,0,1.273017,1.237347
4373,269,1996,357,3470,-6,0.5,0.33,5.3,0,1.270606,1.561478
4374,269,1996,358,3330,-4.9,-0.9,0.33,7.4,0,1.267408,2.057121
4375,269,1996,359,3890,-6,-1.7,0.39,5,0,1.263437,0.1177637
4376,269,1996,360,1390,-6.1,-0.8,0.42,2.9,0.7,1.258711,6.975683
4377,269,1996,361,5450,-10.5,-2.7,0.35,2.2,0,1.253249,0
4378,269,1996,362,1330,-8.8,-3.5,0.3,3.7,0,1.247076,7.140385
4379,269,1996,363,4450,-11.4,-6.5,0.24,3.7,0,1.240217,0
4380,269,1996,364,820,-10.3,2.3,0.41,3.2,1.4,1.232701,7.948086
4381,269,1996,365,1330,-7.2,0,0.41,6.3,0.1,1.224556,7.169075
4382,269,1996,366,3250,-12.4,-7.2,0.21,7,0,1.215816,2.952877
4383,269,1997,1,3520,-15.2,-9,0.19,4,0,1.215816,2.194085
4384,269,1997,2,4210,-16.6,-10.2,0.18,3.1,0,1.206514,0.151422
4385,269,1997,3,2060,-11.6,-4.9,0.26,8.3,0,1.196684,5.93776
4386,269,1997,4,1900,-5.7,-3.1,0.35,7.6,0,1.186362,6.262942
4387,269,1997,5,4670,-9.3,-4,0.33,4,0,1.175584,0
4388,269,1997,6,1600,-9.1,-5.8,0.33,3.4,0,1.164385,6.890456
4389,269,1997,7,1380,-7.2,-3.2,0.37,4,0,1.152804,7.268068
4390,269,1997,8,1930,-9,-5.8,0.32,4.4,0,1.198729,6.40121
4391,269,1997,9,2050,-9.3,-3.7,0.33,5.1,0,1.185096,6.232513
4392,269,1997,10,1000,-4,-3,0.4,2.8,0,1.17118,7.866648
4393,269,1997,11,1030,-5.6,-2.6,0.37,2.6,0,1.157019,7.852228
4394,269,1997,12,1220,-5.6,2,0.51,5,0.1,1.142652,7.612824
4395,269,1997,13,3370,0.5,6.4,0.69,4.6,0,1.128114,3.638673
4396,269,1997,14,3860,-1.9,7.3,0.57,2.8,0,1.113442,2.665481
4397,269,1997,15,4200,-4.8,4.8,0.5,3,0,1.098668,2.032652
4398,269,1997,16,5050,-6.7,5.9,0.51,2,0,1.083824,0
4399,269,1997,17,4180,-3.3,6.5,0.55,4.2,0,1.06894,2.406605
4400,269,1997,18,530,3.1,5.7,0.84,3.3,0,1.054044,8
4401,269,1997,19,780,1.6,3.8,0.74,2.8,3.9,1.039163,8
4402,269,1997,20,1790,-1.5,4.3,0.66,2,0.1,1.024323,7.111765
4403,269,1997,21,2400,-1.7,2.6,0.61,3.3,0,1.058999,6.319192
4404,269,1997,22,2770,0.2,8.4,0.76,4,0,1.042677,5.78107
4405,269,1997,23,1950,-0.3,7.6,0.78,3,0,1.026502,7.02672
4406,269,1997,24,2250,-1.6,4,0.67,1,1.9,1.010491,6.710379
4407,269,1997,25,3940,-1.6,5.2,0.7,1.7,0,0.994664,4.135697
4408,269,1997,26,900,-2.3,1.2,0.59,2.4,0,0.9790346,8
4409,269,1997,27,6250,-4.5,0.8,0.51,1.8,0.2,0.963617,0
4410,269,1997,28,2280,-0.4,4.3,0.7,1.5,0.1,0.948423,6.896816
4411,269,1997,29,1640,1.1,2.8,0.7,1.4,0,0.933463,7.629777
4412,269,1997,30,820,0.9,4,0.71,1.2,0,0.9187459,8
4413,269,1997,31,3360,0.6,5.7,0.7,2.6,0.1,0.9468111,5.757314
4414,269,1997,32,2070,-0.7,2.8,0.51,2.2,0,0.9310723,7.350851
4415,269,1997,33,3750,-2.5,1.9,0.56,3.5,0.1,0.9156522,5.485351
4416,269,1997,34,2480,-0.8,2.1,0.64,3.6,0,0.9005538,7.01721
4417,269,1997,35,900,0.8,7.5,0.77,8.5,4.4,0.8857786,8
4418,269,1997,36,5350,0.6,5.4,0.73,2.6,0.4,0.8713273,3.537014
4419,269,1997,37,3250,0.7,7.9,0.76,6.4,0,0.8571998,6.378265
4420,269,1997,38,4150,2.3,10.1,0.83,6,3.9,0.843395,5.417748
4421,269,1997,39,7250,-1.6,7.4,0.71,2.8,0,0.829911,1.12946
4422,269,1997,40,3820,3.8,10.1,0.95,5.7,0,0.853331,5.962107
4423,269,1997,41,1840,4.9,9.4,0.88,8.5,4.5,0.8391428,7.81634
4424,269,1997,42,5080,2.5,8.6,0.74,7.6,0.9,0.8253233,4.799817
4425,269,1997,43,680,5.4,11,1.04,8.3,15.3,0.8118664,8
4426,269,1997,44,3300,4.3,9.7,0.86,8.7,8.3,0.7987658,6.781433
4427,269,1997,45,6560,0.5,6.6,0.69,4.8,0,0.7860145,3.452249
4428,269,1997,46,7960,0.9,7.4,0.76,3.7,0,0.7736058,1.731046
4429,269,1997,47,4340,-0.1,6.4,0.68,4.6,0.1,0.7615323,6.109355
4430,269,1997,48,2560,2.8,9.1,0.82,7.2,1.6,0.7819394,7.543834
4431,269,1997,49,4560,3,10.7,0.86,8.6,13.5,0.7693533,6.03031
4432,269,1997,50,4720,1.5,9.3,0.74,8.8,3.2,0.7571323,6.003466
4433,269,1997,51,6380,5.5,9.2,0.79,9.3,0.3,0.7452664,4.523642
4434,269,1997,52,3010,6.7,11.3,1.01,8.2,1.7,0.7337458,7.375784
4435,269,1997,53,3050,5,11.3,1.01,5.1,0,0.7225609,7.389586
4436,269,1997,54,5450,6.4,12.5,0.99,6.6,0,0.7117022,5.665029
4437,269,1997,55,3110,7.8,11.6,1,9.7,8.5,0.7011604,7.42982
4438,269,1997,56,6060,8.7,12.5,1.01,11.8,5.4,0.7190148,5.331668
4439,269,1997,57,3950,5.9,9.5,0.88,7.9,3.7,0.7080988,7.006276
4440,269,1997,58,4710,0.8,8.4,0.71,4.5,0,0.6975169,6.592447
4441,269,1997,59,7130,5.8,13.4,0.87,6.7,0.9,0.6872585,4.788461
4442,269,1997,60,10070,3.7,12.7,0.91,5.3,0,0.677313,2.121931
4443,269,1997,61,1880,6.1,12.5,0.96,7.1,1.3,0.6676702,8
4444,269,1997,62,10620,2.7,10.2,0.75,3,0,0.6583203,2.057173
4445,269,1997,63,8950,0.3,12.5,0.84,3.6,0,0.674655,3.747886
4446,269,1997,64,6270,4.2,11.7,0.97,4,0,0.6650076,5.895514
4447,269,1997,65,10930,4.1,11.3,0.88,4.1,1.8,0.6556639,2.24942
4448,269,1997,66,7630,2.6,14.4,0.93,3.6,0,0.6466133,5.126722
4449,269,1997,67,5280,4.4,12.2,0.97,2.2,0,0.6378454,6.706032
4450,269,1997,68,10290,2.1,13.2,0.98,3.5,0,0.6293505,3.276709
4451,269,1997,69,12730,0.6,18.2,1.01,2.3,0,0.6211191,1.254702
4452,269,1997,70,4640,2.9,7.6,0.86,2.7,0,0.6361355,7.192661
4453,269,1997,71,11010,3.1,13.3,0.97,3.6,0,0.6276647,3.138827
4454,269,1997,72,13010,6.4,14.8,1.09,5.2,0,0.6194641,1.549903
4455,269,1997,73,2160,7.7,9.7,1.06,4.3,0.7,0.6115237,8
4456,269,1997,74,2650,7.9,10.3,1.09,4.7,0.7,0.6038343,8
4457,269,1997,75,1870,5.4,10.1,1.01,4.4,4.3,0.5963868,8
4458,269,1997,76,8120,4.8,10.2,0.91,4.7,0,0.5891726,5.673728
4459,269,1997,77,2160,4.6,10,0.94,4.7,6.3,0.5821833,8
4460,269,1997,78,5750,3.1,9.3,0.83,6,4,0.5956537,6.995847
4461,269,1997,79,5910,2.1,7.9,0.72,3.7,0,0.5884819,6.982059
4462,269,1997,80,8610,-0.8,8.3,0.67,5.8,1.2,0.5815388,5.754018
4463,269,1997,81,11520,-1.5,8.5,0.61,2.2,0,0.5748159,4.211907
4464,269,1997,82,2240,4,6.8,0.8,4.3,2.3,0.5683055,8
4465,269,1997,83,4040,4.7,8.3,0.92,1.7,0.1,0.5619997,7.793151
4466,269,1997,84,8880,3.4,10.3,0.89,1.2,1.3,0.5558914,5.819348
4467,269,1997,85,5060,3.9,12.6,0.97,7.3,2.9,0.5684729,7.478428
4468,269,1997,86,11790,8.3,13.3,0.92,7.9,0,0.5622141,4.416088
4469,269,1997,87,9710,5.9,11.5,0.86,10.8,0.4,0.5561551,5.610451
4470,269,1997,88,12180,5.6,10.5,0.86,7.7,0.2,0.5502887,4.404175
4471,269,1997,89,17170,3.3,13.5,0.88,3.8,0,0.5446078,1.41954
4472,269,1997,90,18010,0.6,14.6,0.8,3.5,0,0.5391059,1.055733
4473,269,1997,91,18300,1.1,16.4,0.86,2.8,0,0.5337767,0.9738676
4474,269,1997,92,4920,1.7,12.3,0.83,2.1,0,0.5456155,7.692775
4475,269,1997,93,10220,5.1,11.5,0.81,7.2,0.7,0.5401617,5.749476
4476,269,1997,94,13500,4,9.2,0.66,8.2,0,0.5348822,4.310904
4477,269,1997,95,2180,4.5,10.8,0.93,9,7.4,0.5297707,8
4478,269,1997,96,19020,-0.9,9,0.58,4.6,0,0.5248214,1.468156
4479,269,1997,97,20060,-2.5,10.5,0.54,2,0,0.5200285,0.9988123
4480,269,1997,98,19680,-1.4,15.2,0.55,2.7,0,0.5153867,1.364766
4481,269,1997,99,14410,3.5,17.5,0.75,2.2,0,0.5108907,4.228776
4482,269,1997,100,16390,1.5,16.1,0.91,2.3,0,0.521868,3.238777
4483,269,1997,101,11180,5.4,10.3,0.78,8.4,0,0.5172753,5.774462
4484,269,1997,102,15440,2.3,10.2,0.69,6.7,0.5,0.5128295,3.995587
4485,269,1997,103,12900,-1.7,10.8,0.68,3.1,0,0.5085257,5.207048
4486,269,1997,104,7480,6.2,11.8,0.93,5.9,0,0.5043589,7.157753
4487,269,1997,105,16580,4.6,10.3,0.69,6.6,0.2,0.5003246,3.692063
4488,269,1997,106,11850,2.4,10.6,0.76,4.2,0,0.4964183,5.753827
4489,269,1997,107,22010,-1,13.1,0.69,3.9,0,0.5069366,1.054278
4490,269,1997,108,11860,-1.7,11.2,0.7,4.1,0,0.5029512,5.852136
4491,269,1997,109,11570,3.1,9,0.59,5.9,0,0.4990948,6.025704
4492,269,1997,110,15630,-1.6,9.9,0.49,4.4,0,0.4953631,4.557448
4493,269,1997,111,23710,-4,10.1,0.52,3.1,0.3,0.4917521,0.7317472
4494,269,1997,112,15680,-1.8,10.7,0.59,3.6,0,0.4882578,4.609257
4495,269,1997,113,22740,-2.4,13,0.54,3.6,0,0.4848763,1.45276
4496,269,1997,114,15990,4.4,15.2,0.76,6.8,0,0.4816042,4.527126
4497,269,1997,115,8060,7.4,11.1,1.02,3,1.3,0.4915944,7.211473
4498,269,1997,116,14230,5.3,15.8,0.99,3.9,0,0.4882636,5.24084
4499,269,1997,117,9650,9,16.9,1.34,2.7,0.2,0.4850432,6.758197
4500,269,1997,118,3770,9.2,14.6,1.3,6.5,11.3,0.4819296,8
4501,269,1997,119,3350,8.2,11,1.11,8.3,3.3,0.4789195,8
4502,269,1997,120,11830,4.4,12.5,1.02,3.5,0,0.4760096,6.20794
4503,269,1997,121,20830,3.3,18.5,1.1,1.7,0,0.4731969,2.730112
4504,269,1997,122,23650,6.8,20.8,1.22,2.9,0,0.4704785,1.395219
4505,269,1997,123,21580,4.6,21.1,1.14,3.2,0,0.4678514,2.508689
4506,269,1997,124,6350,10.9,17.9,1.43,5.9,3,0.4773439,7.732259
4507,269,1997,125,8480,11.1,15.4,1.34,5.1,12.2,0.4746808,7.233823
4508,269,1997,126,5440,4.5,12.2,0.91,6,8.7,0.4721102,7.975434
4509,269,1997,127,20100,0.9,9.9,0.66,4.3,0.1,0.4696294,3.612283
4510,269,1997,128,12050,2.6,10.2,0.82,6.9,2,0.4672358,6.378392
4511,269,1997,129,11590,6.6,12.7,1.02,5.8,3.7,0.4649269,6.496586
4512,269,1997,130,16340,7.2,16.1,1.08,6.6,1,0.4627003,4.997042
4513,269,1997,131,8830,9.6,15.8,1.29,5.8,6.5,0.4605537,7.231568
4514,269,1997,132,20900,6.9,17.2,1.14,5.4,1.5,0.4584847,3.32637
4515,269,1997,133,23400,6.3,21,1.11,2.4,0,0.4676989,2.3335
4516,269,1997,134,3520,6.4,13,1.13,2.3,8.1,0.4656148,8
4517,269,1997,135,21690,4.8,18.2,1.15,4.2,0,0.46361,3.139218
4518,269,1997,136,21820,11,25.5,1.74,4.5,0,0.4616822,2.918594
4519,269,1997,137,24710,15.7,27.9,1.88,2.4,0,0.4598295,1.637476
4520,269,1997,138,11600,15.6,21.1,1.81,2.7,4.5,0.4580498,6.546571
4521,269,1997,139,15050,15.7,22.2,1.88,1.7,4.4,0.4563412,5.513456
4522,269,1997,140,13590,11.8,21.1,1.63,2.1,4.4,0.4547021,6.027524
4523,269,1997,141,10690,9.3,16,1.33,3.9,2.3,0.4531306,6.882236
4524,269,1997,142,5980,8.8,12.7,1.16,3,5.3,0.451625,7.950381
4525,269,1997,143,19400,5.4,13.3,0.91,3.3,0,0.4607171,4.375268
4526,269,1997,144,23020,5.3,15.4,0.86,3.5,0,0.4592205,3.091437
4527,269,1997,145,26550,4.6,17.7,0.93,3.5,0,0.4577919,1.646395
4528,269,1997,146,18980,4.9,17,0.97,3.6,0,0.4564298,4.573106
4529,269,1997,147,6850,9.8,12.5,0.97,6,0,0.4551327,7.816855
4530,269,1997,148,16620,6,14.9,0.94,4.3,0,0.453899,5.381778
4531,269,1997,149,22860,5.3,15.7,0.99,2.6,0,0.4527275,3.242368
4532,269,1997,150,28710,7.8,21.2,1.11,3.4,0,0.4516167,0.7843213
4533,269,1997,151,28400,6.8,19.9,0.78,5.1,0,0.4505656,1.166572
4534,269,1997,152,27320,7.9,21,0.84,8.5,0,0.4495727,1.618889
4535,269,1997,153,27850,10.7,22.8,0.97,6.9,0,0.4486372,1.344349
4536,269,1997,154,29630,8.3,23.7,1.11,4.5,0,0.4477578,0.5042057
4537,269,1997,155,26350,9.2,21.4,1.39,2.8,0,0.4469337,1.819819
4538,269,1997,156,25290,9.8,27.3,1.22,4.4,0,0.4461639,2.355445
4539,269,1997,157,24610,13.3,28.5,1.36,3.6,0,0.4454475,2.588365
4540,269,1997,158,19780,16,29.4,2.01,4.2,4.9,0.4447838,4.227306
4541,269,1997,159,7810,13.2,19.8,1.69,2.5,16,0.4441721,7.623693
4542,269,1997,160,28090,11.1,20.4,1.43,3.7,0,0.4533817,1.158129
4543,269,1997,161,28080,9.7,24,1.4,4.9,0,0.4528294,1.19401
4544,269,1997,162,8740,14.7,23.2,1.82,3.8,2.4,0.4523328,7.42657
4545,269,1997,163,17760,14.2,21.7,1.73,4,0,0.4518908,5.013363
4546,269,1997,164,14530,12.2,21.3,1.68,2.2,10.4,0.4515028,6.001552
4547,269,1997,165,14400,12.4,19.2,1.54,4.7,0,0.4511678,6.062186
4548,269,1997,166,15620,8,15.8,1.1,4,0.5,0.4508853,5.799969
4549,269,1997,167,26200,6.6,17.7,1.08,2.7,0,0.4506548,2.195421
4550,269,1997,168,27710,6.1,17.5,1.04,3.8,0,0.4504759,1.605035
4551,269,1997,169,25270,6.3,18.5,1.07,1.5,0,0.4503484,2.573354
4552,269,1997,170,21280,9.7,21.2,1.12,3.4,0,0.4502719,4.020745
4553,269,1997,171,13000,11.5,18.1,1.41,3.9,3.4,0.4502464,6.463582
4554,269,1997,172,17190,11.1,17.9,1.4,4.8,2.9,0.4502719,5.279331
4555,269,1997,173,15020,9.3,17.4,1.32,5.8,1.1,0.4503484,5.930428
4556,269,1997,174,8380,9.7,14.5,1.3,5.8,7.2,0.4504759,7.544741
4557,269,1997,175,14280,7.3,14.9,1.04,5.1,0.6,0.4506548,6.178873
4558,269,1997,176,16140,6.2,17.9,1.15,3.8,1.7,0.4508853,5.635064
4559,269,1997,177,8870,11.8,16.4,1.53,3.8,6.5,0.4511678,7.421176
4560,269,1997,178,15670,10.5,21.4,1.65,2.5,5.8,0.4515028,5.669758
4561,269,1997,179,20010,8.8,19.8,1.43,3.8,1.7,0.4518908,4.325059
4562,269,1997,180,12230,8.4,22.3,1.59,3.4,8.9,0.4523328,6.617201
4563,269,1997,181,6730,10.5,16.4,1.45,4.7,0.2,0.4528294,7.851168
4564,269,1997,182,17140,10.3,19.9,1.51,3.6,4.9,0.4533817,5.220448
4565,269,1997,183,17500,8.7,20.9,1.47,4.3,1.9,0.4441721,5.105856
4566,269,1997,184,20300,10.7,19.4,1.44,4.2,0.4,0.4447838,4.165876
4567,269,1997,185,24070,8.8,21.2,1.45,2.4,0.6,0.4454475,2.73719
4568,269,1997,186,22940,11.2,20.1,1.53,3.5,0,0.4461639,3.131512
4569,269,1997,187,11680,11.7,18,1.52,3.3,0.4,0.4469337,6.725213
4570,269,1997,188,23360,12.8,21.7,1.73,3.7,0,0.4477578,2.856613
4571,269,1997,189,18790,14.2,21,1.77,3.2,0,0.4486372,4.530996
4572,269,1997,190,15980,12.1,19.7,1.55,3.3,0,0.4495727,5.481884
4573,269,1997,191,23470,11.6,23.5,1.67,3.8,0,0.4505656,2.755692
4574,269,1997,192,27760,11.2,25.2,1.61,3.3,0,0.4516167,0.8924122
4575,269,1997,193,23980,12.8,27.1,1.94,2.2,0,0.4527275,2.392639
4576,269,1997,194,17250,11.8,24.7,1.8,1.3,0,0.453899,4.957838
4577,269,1997,195,19950,13.1,22.9,1.78,2.7,0,0.4551327,3.983039
4578,269,1997,196,15970,12.5,21.8,1.72,2.1,0.1,0.4564298,5.355958
4579,269,1997,197,14820,14.3,21,1.76,3.5,0.3,0.4577919,5.694261
4580,269,1997,198,14790,13.5,20.6,1.73,3.2,1.8,0.4592205,5.690387
4581,269,1997,199,12720,12.1,21.1,1.74,3.3,14,0.4607171,6.290541
4582,269,1997,200,25350,15.2,22.5,1.74,4.5,0,0.451625,1.579529
4583,269,1997,201,25650,13.4,23.1,1.64,4.2,0,0.4531306,1.433669
4584,269,1997,202,12980,16.5,22.3,2.03,4.4,4.7,0.4547021,6.128607
4585,269,1997,203,15940,13.5,22.8,1.88,2.6,0.6,0.4563412,5.181208
4586,269,1997,204,25160,13.5,22.8,1.73,2.5,0,0.4580498,1.45958
4587,269,1997,205,11750,10.8,21.8,1.63,2.7,0.7,0.4598295,6.485718
4588,269,1997,206,10800,14.8,20,1.81,5.5,11.1,0.4616822,6.715291
4589,269,1997,207,21600,15.4,21.8,1.74,4.6,0.3,0.46361,2.893685
4590,269,1997,208,12210,10.8,18.7,1.48,5.5,1.5,0.4656148,6.318322
4591,269,1997,209,17520,9.9,22.4,1.58,2.8,1.2,0.4676989,4.494785
4592,269,1997,210,24490,10.1,23.8,1.57,1.9,0,0.4584847,1.470789
4593,269,1997,211,12850,12.4,24.1,1.76,2.9,0.1,0.4605537,6.016799
4594,269,1997,212,11800,12.5,18.8,1.57,4.3,4.5,0.4627003,6.345039
4595,269,1997,213,15190,14,20.6,1.78,2.7,8.1,0.4649269,5.164306
4596,269,1997,214,20050,14.3,21.7,1.82,3.1,0.8,0.4672358,3.170064
4597,269,1997,215,19470,14.1,21.6,1.74,3.7,0,0.4696294,3.39155
4598,269,1997,216,20200,11.8,22.9,1.62,4.2,0,0.4721102,3.051166
4599,269,1997,217,23270,8.2,24.7,1.52,3.6,0,0.4746808,1.573948
4600,269,1997,218,24060,13.8,26.8,1.79,4.7,0,0.4773439,0.9669417
4601,269,1997,219,24600,14.5,28.1,1.88,4.5,0,0.4678514,0.54475
4602,269,1997,220,24040,14.3,29.7,1.9,3.3,0,0.4704785,0.7427779
4603,269,1997,221,22510,13.5,31.1,1.89,1.8,0,0.4731969,1.467585
4604,269,1997,222,21490,14.2,32.2,1.91,2.8,0,0.4760096,1.900202
4605,269,1997,223,23580,15.1,31.7,1.64,4.3,0,0.4789195,0.8162861
4606,269,1997,224,21660,14.2,32.4,1.75,2.8,0,0.4819296,1.69901
4607,269,1997,225,21190,14.5,32.8,1.87,2.3,0,0.4850432,1.807764
4608,269,1997,226,7870,16,23.1,2.02,3.7,0,0.4882636,7.170711
4609,269,1997,227,20270,14.3,25.1,1.88,2.8,0,0.4915944,2.105116
4610,269,1997,228,17050,12.4,25.8,1.81,1.9,0,0.4816042,3.647061
4611,269,1997,229,19690,14,28.5,1.95,1.9,0,0.4848763,2.201222
4612,269,1997,230,20710,14.2,30.4,1.83,2.1,0,0.4882578,1.59264
4613,269,1997,231,22110,12.5,28.9,1.61,3.9,0,0.4917521,0.7792547
4614,269,1997,232,19330,16.5,27.7,1.94,2.9,0,0.4953631,2.109879
4615,269,1997,233,16040,14.2,28.1,1.96,1.8,0,0.4990948,3.727559
4616,269,1997,234,3480,18.7,21.5,2.21,2.9,4,0.5029512,8
4617,269,1997,235,8620,18.6,26,2.45,2.5,0,0.5069366,6.678308
4618,269,1997,236,15470,19.2,28.1,2.43,2.4,0.4,0.4964183,3.662201
4619,269,1997,237,14220,17.7,31,2.71,2.9,17.5,0.5003246,4.16021
4620,269,1997,238,8840,16.1,22,2.03,2.2,3.9,0.5043589,6.54358
4621,269,1997,239,11430,14.4,25.1,2.12,3.3,4.2,0.5085257,5.448192
4622,269,1997,240,5460,13.3,18.8,1.7,4,4.7,0.5128295,7.633405
4623,269,1997,241,12820,12.7,20.3,1.61,6.3,4,0.5172753,4.793823
4624,269,1997,242,4950,11.5,18,1.59,4.2,0.9,0.521868,7.753914
4625,269,1997,243,15310,15.7,23.2,1.83,3.3,0,0.5108907,3.283595
4626,269,1997,244,15650,14.9,22.7,1.8,3.1,6.9,0.5153867,2.995633
4627,269,1997,245,14530,13.6,21.5,1.71,1.8,6.5,0.5200285,3.562012
4628,269,1997,246,17320,10.8,22.4,1.57,2.7,0.1,0.5248214,1.821497
4629,269,1997,247,11900,14.4,23.6,1.87,2.9,0.8,0.5297707,4.764488
4630,269,1997,248,11310,11.5,20.7,1.54,2,0,0.5348822,5.063002
4631,269,1997,249,15260,10.8,19.9,1.47,3.8,1.9,0.5401617,2.785014
4632,269,1997,250,10700,12.3,18.9,1.58,3.8,8.4,0.5456155,5.221481
4633,269,1997,251,7630,13.4,17.9,1.53,4.5,0,0.5337767,6.585687
4634,269,1997,252,13410,13.4,18.3,1.28,6.5,0,0.5391059,3.646238
4635,269,1997,253,11480,8.3,17.4,1.1,3.5,0,0.5446078,4.709235
4636,269,1997,254,10280,7,19.1,1.19,3.3,0,0.5502887,5.242661
4637,269,1997,255,9540,11.9,19.9,1.57,5.6,8.1,0.5561551,5.472882
4638,269,1997,256,13660,8.5,15.7,1.13,5.1,3.1,0.5622141,3.08925
4639,269,1997,257,14450,8.6,17,1.17,4.3,0.3,0.5684729,2.402717
4640,269,1997,258,12960,10.3,17.8,1.28,5,0,0.5558914,3.244049
4641,269,1997,259,15280,9.3,21.3,1.3,4.3,0,0.5619997,1.414017
4642,269,1997,260,7140,10,18.1,1.41,2.7,0,0.5683055,6.408717
4643,269,1997,261,12700,9,20.3,1.5,3,0,0.5748159,2.947446
4644,269,1997,262,11960,4.8,17.7,1.09,3.2,0.1,0.5815388,3.499748
4645,269,1997,263,14260,3,16.3,0.98,1.9,0,0.5884819,1.699871
4646,269,1997,264,15530,2.9,16.4,1,3.2,0,0.5956537,0.4377126
4647,269,1997,265,15290,3.2,18.3,1.07,3.4,0,0.5821833,0.3898535
4648,269,1997,266,11940,4.9,17.8,1.17,2.9,0,0.5891726,2.94296
4649,269,1997,267,5250,6.9,17.1,1.28,2.2,0,0.5963868,7.015429
4650,269,1997,268,14240,5.2,20.3,1.24,2.8,0,0.6038343,0.5898543
4651,269,1997,269,13840,8.2,19.7,1.43,3.6,0,0.6115237,0.6371361
4652,269,1997,270,9040,5.2,16.3,1.16,2.2,0,0.6194641,4.58753
4653,269,1997,271,10120,5.8,16.3,1.25,1.4,0,0.6276647,3.624799
4654,269,1997,272,7710,4.8,17.6,1.24,1.5,0.1,0.6361355,5.294461
4655,269,1997,273,7390,13.3,18.9,1.67,1.7,9.6,0.6211191,5.330841
4656,269,1997,274,1990,13.6,18,1.71,4.2,2.8,0.6293505,8
4657,269,1997,275,7760,10,15.9,1.12,6.8,0.4,0.6378454,5.005108
4658,269,1997,276,6040,7.6,15.8,1.14,3.2,0,0.6466133,6.109376
4659,269,1997,277,3580,12.1,16.5,1.43,4.2,0,0.6556639,7.458812
4660,269,1997,278,1930,12.1,16.2,1.53,3.3,0,0.6650076,8
4661,269,1997,279,10850,9.3,20.2,1.41,3.2,0,0.674655,1.503179
4662,269,1997,280,4530,11.8,19.2,1.57,6.1,13.6,0.6583203,6.770936
4663,269,1997,281,2040,11.7,18.1,1.58,8.1,9.8,0.6676702,8
4664,269,1997,282,4690,14.3,19.7,1.74,7.7,19.6,0.677313,6.527452
4665,269,1997,283,6960,11.2,16,1.32,7.9,17.6,0.6872585,4.720298
4666,269,1997,284,6250,5.6,14.4,1.08,4.3,6.6,0.6975169,5.291709
4667,269,1997,285,7700,4.3,13.1,0.96,4.8,3.1,0.7080988,3.886535
4668,269,1997,286,5890,6.7,12.2,0.99,5.5,8.8,0.7190148,5.422509
4669,269,1997,287,6720,7.5,12.3,1.02,4,4.6,0.7011604,4.546702
4670,269,1997,288,4430,6,10.8,1.06,2.2,1.1,0.7117022,6.431724
4671,269,1997,289,7390,0.9,9.9,0.84,2.4,0.2,0.7225609,3.649587
4672,269,1997,290,3350,8.9,15.8,1.35,4.2,0.5,0.7337458,7.080478
4673,269,1997,291,9500,7.3,18.4,1.35,3,0,0.7452664,0.2673748
4674,269,1997,292,8810,7,19.2,1.45,1.9,0,0.7571323,0.939111
4675,269,1997,293,5640,1.7,12.7,0.85,5.2,0,0.7693533,4.941417
4676,269,1997,294,8650,-1.2,9.3,0.71,3.3,0,0.7819394,1.148394
4677,269,1997,295,10070,-3.3,11.1,0.69,1.4,0,0.7615323,0
4678,269,1997,296,3800,2.7,11.5,0.89,2.4,0.8,0.7736058,6.432253
4679,269,1997,297,6680,3.8,10.5,0.79,3.2,0,0.7860145,3.14981
4680,269,1997,298,2960,4.1,11.4,0.95,3,1.6,0.7987658,7.030412
4681,269,1997,299,4360,5.3,11,1.02,1.9,0.1,0.8118664,5.591327
4682,269,1997,300,8810,-2.7,6.1,0.57,4.2,0,0.8253233,0
4683,269,1997,301,9600,-4.8,6.2,0.53,3.3,0,0.8391428,0
4684,269,1997,302,7730,-4.6,7.6,0.57,1.5,0,0.853331,0.5792181
4685,269,1997,303,4830,-2.3,8.8,0.67,2,0,0.829911,4.690365
4686,269,1997,304,7840,-1.1,10.6,0.76,3.5,0,0.843395,0
4687,269,1997,305,2390,0.4,4,0.7,2,0,0.8571998,7.222183
4688,269,1997,306,2040,-0.9,5.2,0.71,2.5,0,0.8713273,7.493657
4689,269,1997,307,2370,1,9.3,0.79,3.7,0,0.8857786,7.131851
4690,269,1997,308,7050,-0.5,7.8,0.59,5.3,0.8,0.9005538,0.08131601
4691,269,1997,309,3890,5,14.9,1.15,4.5,0.6,0.9156522,5.053959
4692,269,1997,310,2940,9.6,13.3,1.27,4,1.2,0.9310723,6.223209
4693,269,1997,311,1010,7.5,11.5,1.13,7.1,2.8,0.9468111,8
4694,269,1997,312,2740,7.5,12.2,1.01,7,0.6,0.9187459,6.374721
4695,269,1997,313,5130,7.3,11.8,0.99,7.3,0.7,0.933463,2.346091
4696,269,1997,314,2410,6.9,11.4,1.02,6.5,2.4,0.948423,6.658086
4697,269,1997,315,1810,5.2,8.9,0.94,5.5,1,0.963617,7.335989
4698,269,1997,316,3560,-0.1,9.2,0.84,1.6,0,0.9790346,4.825599
4699,269,1997,317,3360,3.4,6.8,0.86,3.7,0,0.994664,5.039676
4700,269,1997,318,1960,3.8,7.9,0.87,4.3,0,1.010491,7.031619
4701,269,1997,319,760,7.3,10.6,1.13,4.5,6.4,1.026502,8
4702,269,1997,320,1270,6.5,11.2,1.11,3.5,0,1.042677,7.753909
4703,269,1997,321,4500,2.2,8.3,0.8,4.5,0,1.058999,2.165917
4704,269,1997,322,4810,1.5,7.8,0.74,5.6,0,1.024323,1.240422
4705,269,1997,323,4860,-0.5,4.8,0.56,6.2,0,1.039163,1.0433
4706,269,1997,324,1510,-0.5,6.6,0.65,5.7,2.1,1.054044,7.38576
4707,269,1997,325,1790,6.3,10,1.04,3.2,0,1.06894,6.897218
4708,269,1997,326,1290,4.8,8.5,0.95,2.4,0,1.083824,7.573038
4709,269,1997,327,1130,4.1,5.8,0.86,2.9,0,1.098668,7.758653
4710,269,1997,328,1270,0.9,4.8,0.73,4.4,0,1.113442,7.564858
4711,269,1997,329,3130,0.4,4.9,0.7,4.2,0,1.128114,4.153318
4712,269,1997,330,2040,-0.1,4.8,0.69,5.3,0,1.142652,6.290611
4713,269,1997,331,630,3.6,4.9,0.79,4.5,6.1,1.157019,8
4714,269,1997,332,830,4.5,9.1,0.99,4.3,3.5,1.17118,8
4715,269,1997,333,1720,7,11.5,1.12,5,0.7,1.185096,6.624466
4716,269,1997,334,440,4.1,8.6,0.91,3.5,0.8,1.198729,8
4717,269,1997,335,3660,0.1,7.4,0.74,2.4,0,1.152804,1.94599
4718,269,1997,336,1660,0,2.8,0.64,3.6,0,1.164385,6.699608
4719,269,1997,337,2810,-1.1,4.6,0.65,3.4,0.1,1.175584,4.132162
4720,269,1997,338,710,-2.6,2.9,0.6,2.6,0,1.186362,8
4721,269,1997,339,1830,-1.5,5.1,0.67,4.1,0.1,1.196684,6.251415
4722,269,1997,340,410,1.4,6.5,0.76,6.8,3.4,1.206514,8
4723,269,1997,341,1050,1.3,6.6,0.75,5.4,0,1.215816,7.591596
4724,269,1997,342,730,1.4,9.1,0.79,7,0.2,1.224556,8
4725,269,1997,343,2030,8.2,10.3,1.09,6.9,8.1,1.232701,5.543901
4726,269,1997,344,340,10,12.9,1.26,8.2,12.1,1.240217,8
4727,269,1997,345,1280,8.3,13.1,1.18,5.3,5.2,1.247076,7.079488
4728,269,1997,346,1330,6.4,9.5,0.98,6.3,4.8,1.253249,6.996239
4729,269,1997,347,2010,3.4,8.8,0.87,3.3,0,1.258711,5.527487
4730,269,1997,348,2690,2.9,7.8,0.79,5,0,1.263437,3.710045
4731,269,1997,349,1380,-1.2,3.1,0.54,7.5,0,1.267408,6.941849
4732,269,1997,350,2630,-7,-1.1,0.36,9.9,0,1.270606,4.086423
4733,269,1997,351,2350,-7.6,-2,0.32,9.2,0,1.273017,4.841369
4734,269,1997,352,1700,-2,5.1,0.54,5.5,0.3,1.274631,6.270726
4735,269,1997,353,1180,3,9.2,0.87,5,1.1,1.275439,7.242757
4736,269,1997,354,2190,0.1,6,0.76,2.5,0,1.275439,5.029916
4737,269,1997,355,700,1.9,3.5,0.73,3.9,1.8,1.274631,8
4738,269,1997,356,600,2.1,3.4,0.73,2.3,0,1.273017,8
4739,269,1997,357,730,1.9,6.2,0.82,3,0.5,1.270606,7.999571
4740,269,1997,358,340,6.1,12.5,1.14,7,10.5,1.267408,8
4741,269,1997,359,1180,8.2,12.3,1.05,9.8,3,1.263437,7.247191
4742,269,1997,360,990,5.5,10.2,0.95,8,2.9,1.258711,7.598514
4743,269,1997,361,1420,3.2,7.8,0.88,3.6,2,1.253249,6.842277
4744,269,1997,362,2420,2,7.1,0.81,4.7,4.6,1.247076,4.582867
4745,269,1997,363,2840,2.7,7.6,0.84,4,2.1,1.240217,3.447191
4746,269,1997,364,2210,2.3,7.8,0.79,5.6,0,1.232701,5.212755
4747,269,1997,365,640,4.5,10.3,0.96,6,1.6,1.224556,8
4748,269,1998,1,2430,2.4,7.7,0.81,5.9,0.4,1.215816,4.762843
4749,269,1998,2,910,5.7,9.4,0.96,8.4,10.3,1.206514,7.804394
4750,269,1998,3,360,4.5,11,0.91,9.4,14.5,1.196684,8
4751,269,1998,4,1560,4.4,8.3,0.81,9.5,8.6,1.186362,6.788163
4752,269,1998,5,740,3.7,7.5,0.78,9.6,10.3,1.175584,8
4753,269,1998,6,2450,4.3,7.7,0.81,5.9,0.9,1.164385,5.040794
4754,269,1998,7,1620,6.5,10.8,0.99,7.8,9.4,1.152804,6.755255
4755,269,1998,8,900,6.8,11.8,1,8.8,3.6,1.198729,7.907497
4756,269,1998,9,2240,7.8,12.3,1.12,6.4,0,1.185096,5.623467
4757,269,1998,10,3870,3.7,10.9,0.9,4.2,0,1.17118,1.733976
4758,269,1998,11,3840,1.7,9.5,0.79,3.8,0,1.157019,2.065373
4759,269,1998,12,2660,3.9,9.8,0.91,3.8,0,1.142652,5.033809
4760,269,1998,13,3040,3.8,10.1,0.87,4.4,0,1.128114,4.3157
4761,269,1998,14,540,4.4,10.4,0.88,8.2,1.2,1.113442,8
4762,269,1998,15,950,3.5,9.4,0.9,7.5,0.5,1.098668,7.979206
4763,269,1998,16,1730,5.3,8.1,0.92,5.5,1,1.083824,6.974002
4764,269,1998,17,2210,1.8,7.6,0.78,5.7,0.3,1.06894,6.303963
4765,269,1998,18,880,3.2,6.9,0.75,9.2,4.2,1.054044,8
4766,269,1998,19,1450,1.9,7.2,0.75,8.3,7.8,1.039163,7.494912
4767,269,1998,20,750,0.8,5.2,0.66,7.3,1.9,1.024323,8
4768,269,1998,21,3410,-2.9,1.4,0.47,2.4,0,1.058999,4.692032
4769,269,1998,22,2930,-3.9,0.6,0.45,2.6,0,1.042677,5.631525
4770,269,1998,23,570,-3.3,1.8,0.57,2.9,0,1.026502,8
4771,269,1998,24,3340,1.3,4.4,0.64,6.5,0,1.010491,5.084304
4772,269,1998,25,4410,-1.6,3,0.56,6.9,0,0.994664,3.332676
4773,269,1998,26,7320,-4.2,1.7,0.51,2.5,0,0.9790346,0
4774,269,1998,27,2260,-5.8,0.9,0.48,1.2,0,0.963617,6.909799
4775,269,1998,28,910,0.6,4.6,0.71,2.3,0.9,0.948423,8
4776,269,1998,29,3000,-0.5,5.6,0.73,1.4,0.1,0.933463,6.050796
4777,269,1998,30,2030,0.4,6.8,0.78,3.8,1.2,0.9187459,7.263645
4778,269,1998,31,6640,-5.2,4.2,0.41,5.5,0,0.9468111,0.3670491
4779,269,1998,32,4970,-9.7,-1.8,0.28,2.4,0,0.9310723,3.747216
4780,269,1998,33,2730,-9.9,4.4,0.45,4.2,2,0.9156522,6.739139
4781,269,1998,34,6330,-1.2,4.3,0.6,3.3,0.1,0.9005538,1.567674
4782,269,1998,35,6250,-0.8,5.5,0.67,4.7,0,0.8857786,1.893614
4783,269,1998,36,5100,0.5,8.8,0.82,3.5,0,0.8713273,3.869118
4784,269,1998,37,1540,3.7,6.8,0.77,4.4,0,0.8571998,7.939784
4785,269,1998,38,2630,0.4,6.6,0.69,5.3,1.2,0.843395,7.074129
4786,269,1998,39,5270,0.1,6.8,0.74,4.5,0,0.829911,4.139957
4787,269,1998,40,7490,2.6,10.6,0.76,5.1,0,0.853331,0.9454477
4788,269,1998,41,4880,2.2,9.8,0.82,4.2,0,0.8391428,4.883738
4789,269,1998,42,5100,3.9,10.8,0.87,6.4,0,0.8253233,4.726124
4790,269,1998,43,3460,7.7,12.7,1.12,6.1,0,0.8118664,6.527494
4791,269,1998,44,6420,6.5,14.7,1.14,3.8,0,0.7987658,3.231631
4792,269,1998,45,7370,3.2,15.2,1.02,3.4,0,0.7860145,2.171963
4793,269,1998,46,5120,6.9,15.4,1.05,4.4,0,0.7736058,5.135952
4794,269,1998,47,4570,6.9,12,0.99,7.6,0.5,0.7615323,5.816126
4795,269,1998,48,3910,2.8,8.1,0.77,3.7,0,0.7819394,6.535324
4796,269,1998,49,8450,1.7,12,0.85,3.4,0,0.7693533,1.692168
4797,269,1998,50,5210,2.3,10.7,0.86,4,0,0.7571323,5.528752
4798,269,1998,51,7260,8.4,13.9,1.11,5.1,0,0.7452664,3.433924
4799,269,1998,52,2940,6.8,12.1,1.05,5.3,2.3,0.7337458,7.417231
4800,269,1998,53,3890,2.6,9.5,0.87,3.5,0,0.7225609,6.839399
4801,269,1998,54,7000,0,10.4,0.83,4.4,1,0.7117022,4.292743
4802,269,1998,55,4220,6.1,11.2,1.04,3.8,0,0.7011604,6.692105
4803,269,1998,56,3030,2.3,10.9,0.92,1.6,0,0.7190148,7.520972
4804,269,1998,57,1900,6.9,9.1,0.94,4.5,0,0.7080988,8
4805,269,1998,58,1900,6.9,9.6,0.86,9,0.1,0.6975169,8
4806,269,1998,59,8210,1,8,0.67,7.3,10,0.6872585,3.917396
4807,269,1998,60,5690,0.9,6.1,0.72,4.9,2,0.677313,6.051989
4808,269,1998,61,6890,3.3,9.6,0.84,6.9,2.7,0.6676702,5.213385
4809,269,1998,62,760,7.4,13.6,1.19,9.8,14.6,0.6583203,8
4810,269,1998,63,1900,4.4,13.9,1.01,8.5,14.8,0.674655,8
4811,269,1998,64,5940,3.6,7.3,0.77,7.9,9.1,0.6650076,6.16169
4812,269,1998,65,1300,3.3,9.9,0.95,3.9,27.6,0.6556639,8
4813,269,1998,66,3890,7.5,11.9,1.07,8.3,19,0.6466133,7.391149
4814,269,1998,67,5170,-0.5,8,0.66,5.7,1.1,0.6378454,6.821402
4815,269,1998,68,12240,-1.2,7.4,0.63,3.7,0.5,0.6293505,1.775515
4816,269,1998,69,11270,0.3,8.5,0.62,4.9,0,0.6211191,2.808689
4817,269,1998,70,2630,0.6,5.5,0.72,6.3,6.5,0.6361355,8
4818,269,1998,71,9490,0.6,6.9,0.63,4.4,0,0.6276647,4.441219
4819,269,1998,72,3200,-0.2,8.2,0.77,4.3,0.7,0.6194641,7.883797
4820,269,1998,73,6930,6.2,9.8,1.02,5.5,0.4,0.6115237,6.115804
4821,269,1998,74,4150,6.7,9.8,1.05,4.5,1.4,0.6038343,7.526363
4822,269,1998,75,4580,7.2,10.8,1.07,3,0,0.5963868,7.37157
4823,269,1998,76,6360,7.8,10.3,1.05,3.7,0,0.5891726,6.586634
4824,269,1998,77,9440,4.6,11.1,0.92,4.9,0,0.5821833,4.971553
4825,269,1998,78,12870,3.8,9.1,0.8,4.1,0.8,0.5956537,2.83744
4826,269,1998,79,4330,5.3,8.3,0.92,4.8,1.3,0.5884819,7.599819
4827,269,1998,80,12490,1.2,9.2,0.73,2.6,0,0.5815388,3.413125
4828,269,1998,81,5180,4.1,9,0.88,4.5,3.2,0.5748159,7.33136
4829,269,1998,82,7340,-1,6.8,0.6,5.8,0,0.5683055,6.505388
4830,269,1998,83,15240,-2.7,9.5,0.51,2.4,0,0.5619997,2.089572
4831,269,1998,84,15440,1.3,12,0.55,4.2,0,0.5558914,2.071066
4832,269,1998,85,7060,1.9,10.7,0.7,7,2.8,0.5684729,6.739115
4833,269,1998,86,4600,8.5,13.2,1.26,4.4,1,0.5622141,7.639955
4834,269,1998,87,5130,8.9,13.9,1.25,3.4,0,0.5561551,7.479151
4835,269,1998,88,11890,7.9,21,1.27,2.8,0,0.5502887,4.428003
4836,269,1998,89,11990,10.9,20.6,1.29,4,0,0.5446078,4.455948
4837,269,1998,90,8070,6.8,14.8,1.17,2.5,0,0.5391059,6.452078
4838,269,1998,91,5540,4.5,12.6,1.05,2.3,1.1,0.5337767,7.453435
4839,269,1998,92,6640,8.7,13.6,1.27,2.4,1.9,0.5456155,7.073516
4840,269,1998,93,4100,7.1,13.4,1.11,5.8,11.6,0.5401617,7.93217
4841,269,1998,94,7040,7.1,12.9,1.06,7.6,13.7,0.5348822,7.015005
4842,269,1998,95,11880,7.2,13,1.03,6.7,4.7,0.5297707,5.053886
4843,269,1998,96,10660,6.8,13.5,1.08,4.7,2.1,0.5248214,5.658958
4844,269,1998,97,11450,3.1,13,0.97,3.2,3,0.5200285,5.396139
4845,269,1998,98,11450,5.2,11.1,0.94,3.5,0.9,0.5153867,5.462574
4846,269,1998,99,10780,3.2,11.9,0.96,2.8,0.5,0.5108907,5.79393
4847,269,1998,100,8090,3.8,11.2,0.93,2,0.9,0.521868,6.851357
4848,269,1998,101,14040,4.8,11.1,0.94,4.4,0.7,0.5172753,4.484349
4849,269,1998,102,16620,3.3,9.5,0.69,6.1,0,0.5128295,3.414733
4850,269,1998,103,9920,0.3,7.6,0.75,6,8.8,0.5085257,6.344809
4851,269,1998,104,9530,0.3,8.3,0.75,4.7,1,0.5043589,6.517823
4852,269,1998,105,4410,3.3,8.4,0.84,4.6,9.3,0.5003246,8
4853,269,1998,106,13320,1.3,9.9,0.76,4.8,1,0.4964183,5.174341
4854,269,1998,107,11940,3.5,14.1,0.84,3.5,0,0.5069366,5.743386
4855,269,1998,108,6480,6.9,11.1,1.03,2.3,1.7,0.5029512,7.517216
4856,269,1998,109,10540,4.4,12.2,0.94,2.1,0.9,0.4990948,6.304528
4857,269,1998,110,4380,7.2,12.4,1.1,4.3,9.2,0.4953631,8
4858,269,1998,111,14810,6.5,14.5,1.04,2.9,0,0.4917521,4.749626
4859,269,1998,112,20050,8.2,20.3,1.12,4.2,0,0.4882578,2.374671
4860,269,1998,113,19570,7.6,22.5,1.23,3.9,0.5,0.4848763,2.65357
4861,269,1998,114,8030,10.5,14.2,1.28,5.4,3.9,0.4816042,7.174034
4862,269,1998,115,6500,9,14.5,1.28,4.7,10.7,0.4915944,7.599951
4863,269,1998,116,11380,8.1,14.1,1.14,2.9,0.1,0.4882636,6.213863
4864,269,1998,117,10460,6.3,14.8,1.15,2,6.2,0.4850432,6.5358
4865,269,1998,118,13320,7.8,14.6,1.14,2.1,0.1,0.4819296,5.617119
4866,269,1998,119,21810,4.7,17,1.12,4,0,0.4789195,2.104304
4867,269,1998,120,9320,9.7,15.5,1.33,3.1,0,0.4760096,6.921076
4868,269,1998,121,8570,9.4,14.6,1.35,3.4,0,0.4731969,7.145702
4869,269,1998,122,7960,8.5,12.8,1.19,5.6,1.2,0.4704785,7.336681
4870,269,1998,123,10030,7.5,11.7,0.94,5.4,0,0.4678514,6.830305
4871,269,1998,124,22350,7.1,12.2,0.89,4.1,0,0.4773439,2.348487
4872,269,1998,125,12700,7.4,14.2,1.1,4.5,0.8,0.4746808,6.055456
4873,269,1998,126,6680,9.5,14,1.24,7.1,3.2,0.4721102,7.688754
4874,269,1998,127,7730,10.7,15,1.16,6.5,0,0.4696294,7.46151
4875,269,1998,128,24250,8.5,23.9,1.2,3.8,0,0.4672358,1.58275
4876,269,1998,129,22270,9.7,26.6,1.48,3.3,0,0.4649269,2.441217
4877,269,1998,130,24270,9.6,29.3,1.58,3.2,0,0.4627003,1.533821
4878,269,1998,131,22080,11.8,31.1,1.56,2.8,0,0.4605537,2.612685
4879,269,1998,132,23660,13.5,32.2,1.67,3,0,0.4584847,1.913798
4880,269,1998,133,24850,15.3,27.7,1.74,6.2,0,0.4676989,1.388374
4881,269,1998,134,27630,11.9,25.6,1.1,6,0,0.4656148,0.4396468
4882,269,1998,135,27810,8.2,25.3,0.97,5.2,0,0.46361,0.5060287
4883,269,1998,136,27980,9.9,22.2,1,5.6,0,0.4616822,0.4714826
4884,269,1998,137,27730,6.8,22.3,1.04,4,0,0.4598295,0.6302147
4885,269,1998,138,26820,9.6,23.7,1.31,3.5,0,0.4580498,0.9656061
4886,269,1998,139,27220,9.9,20.8,1.27,3.9,0,0.4563412,0.8570386
4887,269,1998,140,16030,9.7,18.3,1.23,3.3,0,0.4547021,5.343043
4888,269,1998,141,9380,9.6,15.3,1.04,4.1,0.2,0.4531306,7.232652
4889,269,1998,142,11730,8.2,13.6,0.87,4.6,1.1,0.451625,6.690005
4890,269,1998,143,7640,7.4,13.1,1.05,3.6,2,0.4607171,7.631077
4891,269,1998,144,9370,10.5,15,1.36,3.8,2.7,0.4592205,7.230209
4892,269,1998,145,14190,10.9,18.5,1.46,3.3,3.7,0.4577919,5.958652
4893,269,1998,146,12060,10.7,16.2,1.37,2.9,3.5,0.4564298,6.579118
4894,269,1998,147,13410,9.2,17.4,1.39,2,4.9,0.4551327,6.220935
4895,269,1998,148,16510,8.4,21.7,1.49,2.8,11,0.453899,5.291131
4896,269,1998,149,13720,12.5,18.5,1.6,2.9,14.6,0.4527275,6.126715
4897,269,1998,150,10320,12.3,17.2,1.51,1.9,0.1,0.4516167,7.037821
4898,269,1998,151,17910,10.2,19.1,1.42,2.9,0,0.4505656,4.902142
4899,269,1998,152,24390,10.2,20.6,1.31,3.2,0,0.4495727,2.588028
4900,269,1998,153,17360,12.4,22.9,1.6,4,7.2,0.4486372,5.071409
4901,269,1998,154,18660,12.1,19.6,1.48,5,4.3,0.4477578,4.684265
4902,269,1998,155,13000,8.9,16.5,1.25,4,0,0.4469337,6.430772
4903,269,1998,156,11670,7.3,16,1.22,5.3,10.4,0.4461639,6.779999
4904,269,1998,157,13340,13.8,25.4,2.12,2.4,28.3,0.4454475,6.240539
4905,269,1998,158,10650,12.5,18.7,1.52,3.9,6.2,0.4447838,7.003832
4906,269,1998,159,13550,12.7,18.4,1.41,5.7,0.4,0.4441721,6.287376
4907,269,1998,160,3490,14.3,17.5,1.73,6.2,14.1,0.4533817,8
4908,269,1998,161,20650,9.7,19.1,1.33,5.3,4,0.4528294,4.129175
4909,269,1998,162,11890,7.8,18.5,1.39,3,34.9,0.4523328,6.732582
4910,269,1998,163,13440,5.7,14.2,1.03,5.3,25.5,0.4518908,6.39415
4911,269,1998,164,23190,4.6,17.4,0.95,3.9,0,0.4515028,3.385586
4912,269,1998,165,10110,11.3,16.1,1.43,4.4,3.8,0.4511678,7.158485
4913,269,1998,166,18270,10.8,19.8,1.57,2.6,3.3,0.4508853,4.896863
4914,269,1998,167,11500,11.2,16.3,1.42,4.1,3,0.4506548,6.836313
4915,269,1998,168,25840,11.3,17.9,1.26,4.8,0,0.4504759,2.25972
4916,269,1998,169,8760,12.1,16.4,1.54,3.4,7.4,0.4503484,7.449941
4917,269,1998,170,13780,13.1,21.3,1.83,2.8,0.2,0.4502719,6.200354
4918,269,1998,171,25460,11.2,27.1,1.8,2,0,0.4502464,2.201866
4919,269,1998,172,26210,17.3,29.1,2.28,4,0.2,0.4502719,1.717012
4920,269,1998,173,26320,13.3,19.4,1.47,4.9,0,0.4503484,1.970958
4921,269,1998,174,7540,13.1,18.3,1.66,4.4,2.4,0.4504759,7.692306
4922,269,1998,175,11850,16.1,22.5,1.99,3.1,1,0.4506548,6.687506
4923,269,1998,176,14710,11.4,24.6,1.75,4.6,6.4,0.4508853,5.941485
4924,269,1998,177,18640,10,21.9,1.49,2.8,0,0.4511678,4.782635
4925,269,1998,178,13520,12.3,21.2,1.6,4.5,9,0.4515028,6.285421
4926,269,1998,179,24970,12.2,19.1,1.46,5,5.8,0.4518908,2.472507
4927,269,1998,180,14540,12.4,18.3,1.52,4.4,5.6,0.4523328,6.006183
4928,269,1998,181,11740,12.7,18,1.57,4.2,5.6,0.4528294,6.738971
4929,269,1998,182,19980,11.5,18.5,1.45,4.2,0.5,0.4533817,4.299795
4930,269,1998,183,11030,12.8,17.3,1.47,2.3,0,0.4441721,6.914931
4931,269,1998,184,11800,12.8,16.7,1.34,3.8,0,0.4447838,6.735186
4932,269,1998,185,11570,13.2,19.2,1.6,3.8,0,0.4454475,6.757206
4933,269,1998,186,8190,14.3,18,1.67,4.4,1.4,0.4461639,7.530747
4934,269,1998,187,18750,10.7,18.5,1.4,3.9,0,0.4469337,4.664922
4935,269,1998,188,16710,11.2,15.9,1.2,6,0.7,0.4477578,5.355013
4936,269,1998,189,16530,10.8,17.4,1.29,5.4,0.1,0.4486372,5.377492
4937,269,1998,190,6580,13.6,17.3,1.65,3.8,1.3,0.4495727,7.845497
4938,269,1998,191,14020,13,20.6,1.7,2.9,0.4,0.4505656,6.030864
4939,269,1998,192,21970,14,19.1,1.53,5.5,3.3,0.4516167,3.36843
4940,269,1998,193,4750,13.4,18,1.71,6,11.2,0.4527275,8
4941,269,1998,194,20920,10.8,18.3,1.29,5.4,1.8,0.453899,3.791504
4942,269,1998,195,8030,10.9,16.8,1.33,5.4,0.5,0.4551327,7.543082
4943,269,1998,196,17420,12.2,18.5,1.52,4.1,0,0.4564298,4.918819
4944,269,1998,197,11320,8.7,18.3,1.42,3.1,3.3,0.4577919,6.738137
4945,269,1998,198,13660,7.5,20,1.42,4.2,4.9,0.4592205,6.080526
4946,269,1998,199,17170,11.4,19.2,1.48,4.7,0.9,0.4607171,4.943512
4947,269,1998,200,19360,10.9,21.5,1.55,2.8,0,0.451625,4.120442
4948,269,1998,201,24240,11,29.6,1.91,2.4,0.3,0.4531306,1.967387
4949,269,1998,202,12040,12.8,22.7,1.71,5,1.3,0.4547021,6.441938
4950,269,1998,203,24680,11.6,22.4,1.49,4,0,0.4563412,1.835674
4951,269,1998,204,14710,14.9,22.4,1.7,4.3,0,0.4580498,5.597124
4952,269,1998,205,20920,9.8,19.9,1.39,2.9,0,0.4598295,3.38469
4953,269,1998,206,26040,8.7,20.2,1.3,2.4,0,0.4616822,1.12529
4954,269,1998,207,24200,7.3,22.3,1.3,1.6,0,0.46361,1.917416
4955,269,1998,208,15210,10.4,24.3,1.61,1.6,0,0.4656148,5.345913
4956,269,1998,209,11840,11.9,20.2,1.62,2.8,9,0.4676989,6.388579
4957,269,1998,210,7380,12.8,19.1,1.72,4.5,3.7,0.4584847,7.542666
4958,269,1998,211,14320,13,19.4,1.64,5.2,12.3,0.4605537,5.555377
4959,269,1998,212,11230,11.5,18.3,1.56,4.3,6.3,0.4627003,6.515567
4960,269,1998,213,15910,11.4,19.4,1.52,2.2,0,0.4649269,4.957411
4961,269,1998,214,17560,9.9,19.5,1.42,2.5,0,0.4672358,4.319214
4962,269,1998,215,20860,7.8,22.2,1.36,3.9,0,0.4696294,2.910746
4963,269,1998,216,20400,14.3,19.2,1.58,4.8,4.5,0.4721102,2.975339
4964,269,1998,217,12240,9.4,18.9,1.39,3.9,0,0.4746808,6.114194
4965,269,1998,218,24270,8.8,23.9,1.39,3.5,0,0.4773439,1.047892
4966,269,1998,219,22820,13.1,23.2,1.81,2.3,0,0.4678514,1.512856
4967,269,1998,220,24600,13.1,25,1.83,3,0,0.4704785,0.4696143
4968,269,1998,221,23610,12.9,23.1,1.61,4,0,0.4731969,1.009926
4969,269,1998,222,23750,11.6,29.3,1.88,3.1,0,0.4760096,0.7132551
4970,269,1998,223,22270,15,27.9,2.12,2.5,0,0.4789195,1.322855
4971,269,1998,224,20060,12.9,27,1.91,3,0,0.4819296,2.4585
4972,269,1998,225,16650,12.7,19.2,1.41,4.4,0,0.4850432,4.133494
4973,269,1998,226,10070,11.7,22.7,1.73,3,0,0.4882636,6.522015
4974,269,1998,227,10160,8,21.9,1.5,3.3,0,0.4915944,6.493236
4975,269,1998,228,17760,7.2,21.2,1.33,2,0,0.4816042,3.4656
4976,269,1998,229,18510,12.9,23,1.65,3.5,0,0.4848763,2.913951
4977,269,1998,230,18360,10.9,21.5,1.55,2.9,0,0.4882578,2.941026
4978,269,1998,231,20850,9.4,20.3,1.39,1.3,0.2,0.4917521,1.601832
4979,269,1998,232,15950,8.9,22.1,1.44,4.8,0,0.4953631,3.988514
4980,269,1998,233,8600,13.1,18.1,1.6,6.8,15,0.4990948,6.824279
4981,269,1998,234,12530,12.2,17.2,1.37,5,6.4,0.5029512,5.380674
4982,269,1998,235,11590,8.7,18.3,1.3,5.3,11.5,0.5069366,5.723722
4983,269,1998,236,10060,12.9,17,1.38,6.8,3.1,0.4964183,6.250715
4984,269,1998,237,10290,11.3,17.3,1.29,3.2,0,0.5003246,6.140607
4985,269,1998,238,4990,10.2,14.6,1.34,3.6,25.2,0.5043589,7.816318
4986,269,1998,239,19880,9.3,15.8,1.15,5.5,1,0.5085257,1.351922
4987,269,1998,240,8620,11,14.6,1.15,5.3,0.2,0.5128295,6.663376
4988,269,1998,241,12170,10.6,16.9,1.29,2.5,0.1,0.5172753,5.168364
4989,269,1998,242,10420,7.9,18.1,1.38,2.1,1.8,0.521868,5.852274
4990,269,1998,243,19370,7.9,19.6,1.34,3,0,0.5108907,1.028017
4991,269,1998,244,7770,10.8,18.9,1.45,3.9,3,0.5153867,6.798994
4992,269,1998,245,6420,12.9,18.6,1.68,2.8,4.9,0.5200285,7.224818
4993,269,1998,246,3100,15.6,19.6,1.99,3.5,9.9,0.5248214,8
4994,269,1998,247,9660,14.4,20.1,1.81,2.4,0.3,0.5297707,5.854393
4995,269,1998,248,7260,13.1,20,1.75,3.7,3.9,0.5348822,6.822125
4996,269,1998,249,8010,12.5,20.5,1.78,1.8,1.1,0.5401617,6.479091
4997,269,1998,250,8690,12.7,20.9,1.76,3.3,2.6,0.5456155,6.143048
4998,269,1998,251,7970,15.1,19.9,1.88,5.6,4,0.5337767,6.397099
4999,269,1998,252,4880,14.4,20.2,1.84,6.7,3.8,0.5391059,7.573185
5000,269,1998,253,12310,13.9,21.2,1.75,6.6,2.9,0.5446078,4.053163
5001,269,1998,254,9710,10.6,17.9,1.48,4.9,2.9,0.5502887,5.470921
5002,269,1998,255,5100,7.5,13.9,1.24,1.9,7.4,0.5561551,7.467079
5003,269,1998,256,5500,4.1,11.3,1.02,3.5,8.2,0.5622141,7.313893
5004,269,1998,257,3120,3.4,13.9,1.1,6.4,39.8,0.5684729,8
5005,269,1998,258,9650,11.1,16.3,1.41,6.5,4.2,0.5558914,5.232084
5006,269,1998,259,8450,10.7,15.6,1.3,6.3,7.9,0.5619997,5.828569
5007,269,1998,260,6000,11.5,15.2,1.36,6.9,3,0.5683055,6.940473
5008,269,1998,261,11260,6.5,18.8,1.29,2.4,0.5,0.5748159,4.014088
5009,269,1998,262,9340,13.8,20.7,1.89,2.7,3.1,0.5815388,4.981209
5010,269,1998,263,8530,11.2,19.4,1.67,2.9,0,0.5884819,5.431351
5011,269,1998,264,14260,10.9,19.9,1.59,3.4,0,0.5956537,1.192822
5012,269,1998,265,12820,9.6,18.5,1.44,4.5,0,0.5821833,2.28544
5013,269,1998,266,10930,7.9,17.7,1.42,3.9,0,0.5891726,3.606358
5014,269,1998,267,13320,8.1,20.5,1.45,3,0,0.5963868,1.508499
5015,269,1998,268,9840,11.8,22.8,1.72,2.2,0,0.6038343,4.070026
5016,269,1998,269,10800,11.1,22.7,1.71,3.1,0.4,0.6115237,3.197273
5017,269,1998,270,10710,10.8,21.4,1.67,2.5,0,0.6194641,3.138361
5018,269,1998,271,8930,9.3,18.5,1.53,1.7,0,0.6276647,4.450885
5019,269,1998,272,6660,11.8,19,1.65,2.3,0,0.6361355,5.905176
5020,269,1998,273,4430,11.3,16.5,1.54,4.7,2.3,0.6211191,7.155947
5021,269,1998,274,2120,8.5,13.3,1.28,5,0.5,0.6293505,8
5022,269,1998,275,7460,3.6,9.4,0.81,5.8,0,0.6378454,5.313521
5023,269,1998,276,1930,4.4,6.5,0.86,3.3,1.2,0.6466133,8
5024,269,1998,277,2960,4.7,7.5,0.92,3.5,1.7,0.6556639,7.799834
5025,269,1998,278,2130,5.7,8.7,0.98,6,0.2,0.6650076,8
5026,269,1998,279,9630,6,11.3,0.95,7.4,0.4,0.674655,2.970381
5027,269,1998,280,1920,6.8,9.2,1.04,3.3,1,0.6583203,8
5028,269,1998,281,1550,3.8,9.8,0.98,3.3,17.7,0.6676702,8
5029,269,1998,282,10250,3.1,12.9,1.03,4,3.1,0.677313,1.722907
5030,269,1998,283,5610,9.5,14.1,1.3,5.1,4.8,0.6872585,5.848763
5031,269,1998,284,2250,8.9,13.3,1.24,4.4,5.8,0.6975169,7.957555
5032,269,1998,285,5810,8.4,13,1.11,6.1,9.5,0.7080988,5.554436
5033,269,1998,286,5600,5.8,13.6,1.14,5.3,1.4,0.7190148,5.630289
5034,269,1998,287,1870,8.6,17,1.43,5.5,4.2,0.7011604,8
5035,269,1998,288,7800,6.4,14.1,1.12,3.3,0.5,0.7117022,3.236892
5036,269,1998,289,7090,5.8,15.2,1.16,5.5,0,0.7225609,3.836257
5037,269,1998,290,2040,9.2,15.4,1.3,7,12,0.7337458,7.931139
5038,269,1998,291,8370,1.7,11.5,0.81,3.3,0.1,0.7452664,2.147139
5039,269,1998,292,6850,0.3,11.1,0.84,3.4,1.7,0.7571323,3.769605
5040,269,1998,293,6270,4.5,10.4,0.89,3.2,2.3,0.7693533,4.250264
5041,269,1998,294,1430,8.4,14.6,1.26,8.5,3.3,0.7819394,8
5042,269,1998,295,3420,14.2,17.4,1.65,7.3,0,0.7615323,6.716753
5043,269,1998,296,790,9.5,15.8,1.36,7.3,20.6,0.7736058,8
5044,269,1998,297,3450,8.4,12.6,1.21,7.2,16.4,0.7860145,6.622989
5045,269,1998,298,3950,8,12.3,1.02,8.8,17.6,0.7987658,6.109674
5046,269,1998,299,2980,4.6,9.8,0.88,4.5,4.4,0.8118664,6.97055
5047,269,1998,300,1080,5.4,15.2,1.18,9.2,29.6,0.8253233,8
5048,269,1998,301,4380,9.6,15.6,1.15,9.6,17.1,0.8391428,5.327598
5049,269,1998,302,3260,7.2,11.4,0.93,8,8.2,0.853331,6.51715
5050,269,1998,303,3940,4.8,9.1,0.84,5.1,9.6,0.829911,5.720356
5051,269,1998,304,3510,5.2,9.3,0.97,4.1,5.5,0.843395,6.08795
5052,269,1998,305,5920,5.2,10.1,0.93,4.8,8.1,0.8571998,2.627966
5053,269,1998,306,3800,4.1,8.7,0.91,4,11.5,0.8713273,5.571428
5054,269,1998,307,3360,6.5,9.1,0.98,6.7,4,0.8857786,6.005857
5055,269,1998,308,4080,3.4,8.4,0.85,3.4,4.4,0.9005538,4.995917
5056,269,1998,309,3230,2.3,10.3,0.88,5.8,10.9,0.9156522,6.019572
5057,269,1998,310,6020,2.2,10.4,0.82,4.8,0.6,0.9310723,1.388691
5058,269,1998,311,2950,0.9,9.4,0.86,3.1,0,0.9468111,6.215201
5059,269,1998,312,1100,3.8,10.8,0.98,5.1,6.9,0.9187459,8
5060,269,1998,313,1360,8.4,14.8,1.31,5,7.5,0.933463,7.838117
5061,269,1998,314,1760,6.5,11.5,1.08,4,7,0.948423,7.41595
5062,269,1998,315,5930,2.4,10,0.83,2.8,0,0.963617,0.2363079
5063,269,1998,316,4250,2.2,7.5,0.79,4,0.4,0.9790346,3.609919
5064,269,1998,317,1210,5.4,8.5,0.97,5,4.7,0.994664,7.905305
5065,269,1998,318,1070,4.7,6.7,0.91,2.2,1.2,1.010491,8
5066,269,1998,319,2540,4.4,7.9,0.94,1.5,2.4,1.026502,6.147218
5067,269,1998,320,4770,1.6,6.7,0.74,3,0.1,1.042677,1.788895
5068,269,1998,321,4500,0.3,6.2,0.73,1.5,0.7,1.058999,2.214626
5069,269,1998,322,2190,-0.4,4.7,0.7,1.9,1.9,1.024323,6.522307
5070,269,1998,323,4960,-2.8,3,0.57,2,0,1.039163,0.774453
5071,269,1998,324,6530,-4.1,1.6,0.52,1.4,0,1.054044,0
5072,269,1998,325,7150,-4.4,1.3,0.47,3,0,1.06894,0
5073,269,1998,326,4690,-6.8,-0.7,0.38,2.9,0,1.083824,1.006815
5074,269,1998,327,5490,-8,-1.3,0.39,1.8,0,1.098668,0
5075,269,1998,328,3110,-7.1,-1.3,0.39,3.2,0,1.113442,4.478029
5076,269,1998,329,1220,-1.3,1,0.57,2.5,0.6,1.128114,7.623039
5077,269,1998,330,750,0.7,6.6,0.79,4.5,4.5,1.142652,8
5078,269,1998,331,2730,2.5,7.4,0.83,3.2,0.1,1.157019,4.789138
5079,269,1998,332,2670,1.4,5.8,0.75,4.5,2.3,1.17118,4.862562
5080,269,1998,333,610,0.4,3.2,0.68,3.3,4.3,1.185096,8
5081,269,1998,334,340,0.2,2,0.61,4.9,0,1.198729,8
5082,269,1998,335,1480,-2.4,1,0.53,5.7,0,1.152804,7.067558
5083,269,1998,336,950,-3.5,-1.9,0.43,5.4,0,1.164385,7.852083
5084,269,1998,337,870,-2.5,-1.1,0.49,2,0,1.175584,7.937931
5085,269,1998,338,2610,-1.4,3.9,0.64,4,2.1,1.186362,4.561184
5086,269,1998,339,2460,-1.5,2.2,0.59,5.2,4.6,1.196684,4.88267
5087,269,1998,340,3360,-2.7,4,0.51,4.8,0.3,1.206514,2.414955
5088,269,1998,341,3580,-7.8,3.2,0.47,2.2,0,1.215816,1.666757
5089,269,1998,342,1470,-8.3,1.2,0.47,3.7,0.1,1.224556,6.902151
5090,269,1998,343,570,0.7,2.2,0.68,3.8,5,1.232701,8
5091,269,1998,344,630,1.6,2.7,0.71,2.6,0,1.240217,8
5092,269,1998,345,290,1.5,6,0.8,2.6,0.6,1.247076,8
5093,269,1998,346,400,5.4,12.6,1.15,5.2,10.8,1.253249,8
5094,269,1998,347,1650,6.8,12.5,1,7.9,0.8,1.258711,6.322792
5095,269,1998,348,2060,7.4,12.7,1.17,6.1,1,1.263437,5.295523
5096,269,1998,349,510,6.2,11.7,1.13,4.6,15.5,1.267408,8
5097,269,1998,350,2340,4.6,9,0.95,4,0,1.270606,4.584382
5098,269,1998,351,2880,3.5,7.5,0.8,4.8,0,1.273017,3.051668
5099,269,1998,352,520,5,7.6,0.93,5.7,1.1,1.274631,8
5100,269,1998,353,1370,4.2,8.2,0.86,6,13.3,1.275439,6.88125
5101,269,1998,354,3110,1.3,5.8,0.7,3.4,0.9,1.275439,2.35941
5102,269,1998,355,3070,0,4.5,0.66,2.4,0.1,1.274631,2.527083
5103,269,1998,356,1990,1.5,6.4,0.77,3.8,0,1.273017,5.542801
5104,269,1998,357,1240,4,6.1,0.77,6.6,0.5,1.270606,7.157838
5105,269,1998,358,2860,1.5,6.5,0.73,4.9,2.8,1.267408,3.210501
5106,269,1998,359,350,4.3,9.8,0.98,8.9,7.6,1.263437,8
5107,269,1998,360,2100,5.6,11.4,0.94,8.7,5.1,1.258711,5.291823
5108,269,1998,361,960,5.8,11.8,0.93,7.5,3.6,1.253249,7.65849
5109,269,1998,362,630,3.8,9.6,0.89,5.4,2.2,1.247076,8
5110,269,1998,363,2570,1.9,5.9,0.74,4.4,0,1.240217,4.259162
5111,269,1998,364,3130,4.7,9.3,0.85,4.6,0,1.232701,2.636261
5112,269,1998,365,1910,3.7,9.4,0.77,4.6,0,1.224556,5.953126
5113,269,1999,1,2440,4.4,8.6,0.76,4.2,0,1.215816,4.757998
5114,269,1999,2,810,4.5,8.1,0.85,7.3,3,1.206514,7.956562
5115,269,1999,3,670,3.6,7.3,0.86,5.8,6,1.196684,8
5116,269,1999,4,360,4.9,12.8,1.07,7.2,3.3,1.186362,8
5117,269,1999,5,2630,8.9,13.3,1.2,5.9,1.3,1.175584,4.392164
5118,269,1999,6,3160,8.3,12.8,0.97,7.3,0,1.164385,3.161159
5119,269,1999,7,1680,5.4,10.3,0.99,4.5,2.7,1.152804,6.646302
5120,269,1999,8,210,3.3,7.3,0.79,5.5,6.1,1.198729,8
5121,269,1999,9,3340,-1.2,4.4,0.57,3.7,0,1.185096,3.267492
5122,269,1999,10,2570,-2.5,0.5,0.51,2.5,0,1.17118,5.20645
5123,269,1999,11,5390,-3.1,0.8,0.48,3.9,0,1.157019,0
5124,269,1999,12,2670,-3.4,1.6,0.53,5.5,5.2,1.142652,5.159468
5125,269,1999,13,2640,0,5.1,0.7,5.5,3.6,1.128114,5.23948
5126,269,1999,14,2250,4.4,7.7,0.8,6.5,3.2,1.113442,6.031552
5127,269,1999,15,1390,7.2,9,0.94,8.7,3.1,1.098668,7.419231
5128,269,1999,16,500,5,11,0.97,8.3,7,1.083824,8
5129,269,1999,17,1950,3.4,7.3,0.84,5.3,0,1.06894,6.703851
5130,269,1999,18,4350,1.1,7.6,0.73,6.1,0,1.054044,2.043951
5131,269,1999,19,980,5.4,10,0.93,9.3,0.8,1.039163,8
5132,269,1999,20,1980,8,12.4,1.08,7,3.4,1.024323,6.780757
5133,269,1999,21,1760,5.1,9.6,1.01,2.5,0.4,1.058999,7.1447
5134,269,1999,22,2710,-1.6,5.2,0.7,0.9,0,1.042677,5.894249
5135,269,1999,23,1440,-1.9,5.8,0.7,3.3,0,1.026502,7.643067
5136,269,1999,24,2710,4.7,9.3,0.96,5.6,1.9,1.010491,5.99215
5137,269,1999,25,450,6.5,12.4,1.05,9.3,5.5,0.994664,8
5138,269,1999,26,2730,3.1,7.5,0.8,5.2,6,0.9790346,6.16075
5139,269,1999,27,3270,3.2,7.1,0.79,4.8,5.2,0.963617,5.461584
5140,269,1999,28,2070,1.2,6.9,0.76,5.2,1.5,0.948423,7.12939
5141,269,1999,29,5400,-4.3,1.3,0.44,2.8,0,0.933463,2.295885
5142,269,1999,30,5400,-5.6,3.4,0.47,1.1,0,0.9187459,2.483553
5143,269,1999,31,4540,-1.6,5.7,0.6,1.7,0,0.9468111,4.061302
5144,269,1999,32,1530,4.5,7.2,0.9,4.2,0,0.9310723,7.805901
5145,269,1999,33,1790,4.1,6.8,0.87,3.3,0,0.9156522,7.607158
5146,269,1999,34,2120,4.7,8.9,0.93,3.8,0.4,0.9005538,7.330365
5147,269,1999,35,2360,7,10.7,0.95,7.8,0,0.8857786,7.14049
5148,269,1999,36,5110,2.6,7.5,0.67,10.5,1.6,0.8713273,3.929227
5149,269,1999,37,5480,0.4,5.4,0.65,5.5,3.6,0.8571998,3.56052
5150,269,1999,38,4710,0,3.9,0.64,6.6,5.3,0.843395,4.786153
5151,269,1999,39,5280,-2.8,2.4,0.56,3.7,1.8,0.829911,4.217778
5152,269,1999,40,2920,-5.5,-0.5,0.49,1.1,0.2,0.853331,6.955418
5153,269,1999,41,7240,-3.2,3.6,0.59,3.8,2.1,0.8391428,1.742232
5154,269,1999,42,6840,-2.6,2.1,0.52,2.6,0,0.8253233,2.616075
5155,269,1999,43,8650,-5.1,1.6,0.47,1.2,0,0.8118664,0.1513376
5156,269,1999,44,9610,-7.3,0.4,0.42,2.3,0,0.7987658,0
5157,269,1999,45,4230,-8.1,0.2,0.43,3,1.4,0.7860145,6.121895
5158,269,1999,46,3350,-0.3,2.3,0.66,4.9,0.8,0.7736058,6.893275
5159,269,1999,47,7400,2.2,6.4,0.69,8.3,3.2,0.7615323,2.751424
5160,269,1999,48,7460,-0.3,5.2,0.6,8.2,2.8,0.7819394,2.926954
5161,269,1999,49,6140,0.6,6.3,0.72,3.1,0.3,0.7693533,4.536426
5162,269,1999,50,1930,4,10,0.98,4.8,2.3,0.7571323,7.979142
5163,269,1999,51,7450,1.6,7.5,0.76,3.8,0,0.7452664,3.384715
5164,269,1999,52,1790,3.3,7.1,0.79,5.9,3.7,0.7337458,8
5165,269,1999,53,3550,0.8,4.3,0.64,8.2,5,0.7225609,7.112363
5166,269,1999,54,9040,1.4,6.2,0.71,6.4,2.9,0.7117022,2.162382
5167,269,1999,55,10210,-0.5,5.8,0.67,2.8,0,0.7011604,1.016388
5168,269,1999,56,5000,-1.5,5.8,0.63,5,0.2,0.7190148,6.274682
5169,269,1999,57,1340,5.1,7.7,0.92,6,1.2,0.7080988,8
5170,269,1999,58,1300,4.3,6.9,0.87,5.3,1.1,0.6975169,8
5171,269,1999,59,9210,2.2,9.2,0.8,7.8,0.7,0.6872585,2.883333
5172,269,1999,60,1150,3.4,11.3,1,7,26.8,0.677313,8
5173,269,1999,61,1390,3.9,12.8,1.07,5.6,12.1,0.6676702,8
5174,269,1999,62,5990,5.6,11.8,0.92,7.7,0.1,0.6583203,5.945469
5175,269,1999,63,2420,4.4,8.1,0.83,4.9,0,0.674655,8
5176,269,1999,64,5270,3.6,8.6,0.86,2.8,0,0.6650076,6.563629
5177,269,1999,65,5190,3,7.2,0.8,4.4,0.4,0.6556639,6.679116
5178,269,1999,66,3000,3,4.6,0.73,6.9,0.1,0.6466133,7.837522
5179,269,1999,67,2820,3.4,5,0.78,3.7,0.5,0.6378454,7.9319
5180,269,1999,68,2170,3.5,5.1,0.8,3.7,2.7,0.6293505,8
5181,269,1999,69,3050,-0.3,4.7,0.69,2.3,1.4,0.6211191,7.886594
5182,269,1999,70,13720,-1.9,7.8,0.65,3.1,0,0.6361355,0.7967756
5183,269,1999,71,12300,1.2,13.7,0.83,4,0,0.6276647,2.14147
5184,269,1999,72,11280,6.9,17,1.2,3,0,0.6194641,2.967543
5185,269,1999,73,9910,0.9,12.2,0.9,2,0,0.6115237,4.260749
5186,269,1999,74,12000,0.5,12,0.85,1.3,0,0.6038343,2.87139
5187,269,1999,75,10970,-0.4,10.7,0.75,1.8,0.1,0.5963868,3.822217
5188,269,1999,76,6770,4.2,11.2,0.93,1.8,1.4,0.5891726,6.399886
5189,269,1999,77,6320,3.8,11.9,0.92,3.4,4.2,0.5821833,6.675707
5190,269,1999,78,6760,4,8.4,0.81,5.5,0.1,0.5956537,6.53248
5191,269,1999,79,5750,3.4,7.9,0.79,4.1,0.1,0.5884819,7.04038
5192,269,1999,80,2040,5,7.1,0.89,5.5,3.1,0.5815388,8
5193,269,1999,81,6110,3.9,6.8,0.77,5.6,2.2,0.5748159,6.966506
5194,269,1999,82,5550,4,8.7,0.9,4.5,3.7,0.5683055,7.214244
5195,269,1999,83,3490,4.8,10.2,0.9,4.6,0,0.5619997,7.97448
5196,269,1999,84,13700,4,15.9,0.99,3.7,0.2,0.5558914,2.989543
5197,269,1999,85,8390,6.8,12.9,1.08,4.4,5.8,0.5684729,6.074408
5198,269,1999,86,15350,3.2,11,0.86,2.8,0,0.5622141,2.222297
5199,269,1999,87,14080,-0.2,10.8,0.77,1.7,0,0.5561551,3.228038
5200,269,1999,88,16640,2.6,14.9,0.79,4.5,0,0.5502887,1.686507
5201,269,1999,89,7210,8.1,15.1,1.16,3.2,1.4,0.5446078,6.765029
5202,269,1999,90,15760,7.8,18.4,1.3,2.5,0,0.5391059,2.284428
5203,269,1999,91,16660,6.3,18.8,0.97,4.5,0,0.5337767,2.00169
5204,269,1999,92,16870,5.9,21.2,1.04,3.4,0,0.5456155,1.964471
5205,269,1999,93,6850,5.5,16.3,1.21,2.5,7.4,0.5401617,7.034582
5206,269,1999,94,4160,7.4,11.5,1.16,3.6,0,0.5348822,7.926895
5207,269,1999,95,3910,7,14.9,1.24,4.3,0.3,0.5297707,8
5208,269,1999,96,4170,10.2,14,1.31,6,1.9,0.5248214,7.944429
5209,269,1999,97,12140,8.1,11.6,1.08,5.5,0.7,0.5200285,5.052917
5210,269,1999,98,5340,3.4,9.3,0.84,4,0,0.5153867,7.67798
5211,269,1999,99,4750,3.4,13.7,1.06,3.5,0.5,0.5108907,7.842329
5212,269,1999,100,4460,8,11.9,1.16,4.8,2.7,0.521868,7.927773
5213,269,1999,101,13890,7,10.9,0.9,5.7,0,0.5172753,4.56819
5214,269,1999,102,7510,4.8,10.6,0.93,6.2,7.4,0.5128295,7.098717
5215,269,1999,103,14060,0.2,8.7,0.71,5.7,12.2,0.5085257,4.696769
5216,269,1999,104,15450,0.9,7.8,0.69,3.1,4.6,0.5043589,4.145434
5217,269,1999,105,10050,-0.5,7.1,0.66,3.5,0.4,0.5003246,6.391758
5218,269,1999,106,19680,0.6,11.1,0.75,3.2,0,0.4964183,2.18202
5219,269,1999,107,9470,0.8,10.9,0.81,2.5,16.6,0.5069366,6.623354
5220,269,1999,108,9260,1,9.3,0.72,3.1,1.9,0.5029512,6.736516
5221,269,1999,109,20770,-1.1,10.7,0.66,1.9,0,0.4990948,1.974952
5222,269,1999,110,19040,0,14.4,0.7,5.9,0.6,0.4953631,2.916062
5223,269,1999,111,17110,8.8,17.4,1.25,5.1,7.1,0.4917521,3.669325
5224,269,1999,112,9130,7.8,14.1,1.15,5.5,5.3,0.4882578,6.819135
5225,269,1999,113,16200,4.9,16.9,1.07,2.8,0,0.4848763,4.271047
5226,269,1999,114,14680,10,15.8,1.19,3.7,0,0.4816042,4.92025
5227,269,1999,115,17520,6.1,17.3,1.1,2.9,0,0.4915944,3.812339
5228,269,1999,116,20470,8.9,18.7,1.33,5.6,0,0.4882636,2.417925
5229,269,1999,117,19690,8.5,18.1,1.18,6.7,0,0.4850432,2.933947
5230,269,1999,118,24190,7.9,17.4,1.2,4.9,0,0.4819296,0.7501813
5231,269,1999,119,24220,4.3,15.2,0.91,5,0,0.4789195,1.012944
5232,269,1999,120,23340,2.2,16.5,0.86,2.8,0,0.4760096,1.582226
5233,269,1999,121,18470,7.2,15,1.03,3.1,0,0.4731969,3.79535
5234,269,1999,122,22600,3.4,16.6,0.9,3.3,0,0.4704785,2.08087
5235,269,1999,123,23130,5.5,17.8,0.96,4.1,0,0.4678514,1.873117
5236,269,1999,124,19130,6.1,18.2,0.84,7.4,0,0.4773439,3.764474
5237,269,1999,125,9930,8.5,16.8,1.02,7.1,7.4,0.4746808,6.884299
5238,269,1999,126,2610,9.2,11.9,1.25,3.9,11.4,0.4721102,8
5239,269,1999,127,18240,10.5,20,1.53,3.2,10.7,0.4696294,4.037925
5240,269,1999,128,17540,12.1,16.8,1.28,5.5,1.1,0.4672358,4.427
5241,269,1999,129,20120,10.7,19.6,1.38,3.6,0,0.4649269,3.411942
5242,269,1999,130,10450,10,17.9,1.35,3.3,2.7,0.4627003,6.788464
5243,269,1999,131,16810,9.5,17.8,1.31,4,0.6,0.4605537,4.803798
5244,269,1999,132,16800,10.5,16.9,1.25,4.6,0,0.4584847,4.857095
5245,269,1999,133,15550,8.5,16,1.14,4.4,0,0.4676989,5.344818
5246,269,1999,134,19310,8.3,16.4,1.23,4.3,6.5,0.4656148,4.010058
5247,269,1999,135,22800,6,13.7,0.91,4.4,0,0.46361,2.788518
5248,269,1999,136,19760,2.2,13.8,0.83,2.8,0,0.4616822,4.057784
5249,269,1999,137,26470,7.2,17.2,0.87,6.8,0,0.4598295,1.323506
5250,269,1999,138,28450,8.3,21,0.85,8,0,0.4580498,0.4799707
5251,269,1999,139,23720,8.7,21.7,1.14,3,0,0.4563412,2.481891
5252,269,1999,140,13410,10.1,20.2,1.5,2.8,1.3,0.4547021,6.100482
5253,269,1999,141,23880,10.2,20.3,1.33,4.2,0.2,0.4531306,2.418818
5254,269,1999,142,24170,8.9,14.8,0.99,4.9,1.3,0.451625,2.493547
5255,269,1999,143,13020,9.6,18,1.26,5.4,0,0.4607171,6.296152
5256,269,1999,144,7250,11.2,16.7,1.32,5,0,0.4592205,7.699383
5257,269,1999,145,24960,5.2,16.8,0.96,3.8,0,0.4577919,2.300172
5258,269,1999,146,26380,4.6,19.4,1.02,3.2,0,0.4564298,1.708854
5259,269,1999,147,28180,5.4,25.7,1.11,2.8,0,0.4551327,0.9060499
5260,269,1999,148,20390,11.4,21.4,1.38,4.1,0,0.453899,3.996714
5261,269,1999,149,26230,8.9,27.3,1.52,2.5,3.3,0.4527275,1.640445
5262,269,1999,150,11030,10.7,18.3,1.49,5,3.2,0.4516167,6.86638
5263,269,1999,151,21760,8.1,16.4,1.14,2.8,0,0.4505656,3.642255
5264,269,1999,152,22750,7.3,20,1.25,3,0,0.4495727,3.253304
5265,269,1999,153,15290,9.3,24.5,1.58,4.2,7.1,0.4486372,5.718301
5266,269,1999,154,18190,12.4,20.1,1.44,5.9,0.7,0.4477578,4.849843
5267,269,1999,155,10560,11.4,17,1.36,6,2.4,0.4469337,7.026457
5268,269,1999,156,14830,9.2,15.9,1.24,4.5,6.2,0.4461639,5.940563
5269,269,1999,157,18700,7.5,16.4,1.19,5.8,7.3,0.4454475,4.783446
5270,269,1999,158,15640,7.5,18.9,1.31,3.7,5.2,0.4447838,5.710892
5271,269,1999,159,15030,9.6,16.2,1.28,4.8,1.7,0.4441721,5.899394
5272,269,1999,160,25700,8.7,17.4,1.13,4.7,0,0.4533817,2.302369
5273,269,1999,161,22570,9.2,18,1.25,3.7,0,0.4528294,3.468367
5274,269,1999,162,17420,9.9,16.7,1.3,3,0.7,0.4523328,5.206197
5275,269,1999,163,12860,8.7,17.8,1.26,1.8,0,0.4518908,6.508245
5276,269,1999,164,17660,8.1,21.1,1.38,3.7,0,0.4515028,5.124658
5277,269,1999,165,28210,10.8,21.8,1.43,4,0,0.4511678,1.172842
5278,269,1999,166,27480,10,21.4,1.37,2.9,0,0.4508853,1.522821
5279,269,1999,167,29650,9.5,23.7,1.44,2.4,0,0.4506548,0.5460489
5280,269,1999,168,21460,10.5,23.2,1.5,4.4,0,0.4504759,3.835043
5281,269,1999,169,23610,6.1,17.1,1.01,3.5,0,0.4503484,3.228791
5282,269,1999,170,29550,5,22.4,1.02,2.5,0,0.4502719,0.8393079
5283,269,1999,171,8160,10.9,16.7,1.34,5.3,6.3,0.4502464,7.588513
5284,269,1999,172,16200,8.9,15.5,1.15,3.5,1.8,0.4502719,5.627817
5285,269,1999,173,20770,6.7,17.2,1.09,2.5,1.6,0.4503484,4.201631
5286,269,1999,174,14680,5.6,17.3,1.06,1.8,0.1,0.4504759,6.069697
5287,269,1999,175,27680,7.7,18,1.07,2.3,0,0.4506548,1.586074
5288,269,1999,176,30380,5,18.5,0.99,3,0,0.4508853,0.4623244
5289,269,1999,177,30480,6.4,23,1.12,2.9,0,0.4511678,0.3212892
5290,269,1999,178,14440,11.3,23.1,1.61,4,7.1,0.4515028,6.03071
5291,269,1999,179,19680,11.5,18.1,1.3,5.4,1,0.4518908,4.47264
5292,269,1999,180,9380,13.7,21.7,1.8,5.4,6.6,0.4523328,7.282519
5293,269,1999,181,16260,10.2,20.2,1.49,3.1,1,0.4528294,5.503197
5294,269,1999,182,13340,10.2,17.1,1.33,4.1,0.4,0.4533817,6.351592
5295,269,1999,183,11180,13.3,21.9,1.73,2.8,0,0.4441721,6.852123
5296,269,1999,184,22450,12.1,26.8,1.7,4.4,0.3,0.4447838,3.301683
5297,269,1999,185,15890,12,22.9,1.64,2.5,8.3,0.4454475,5.552613
5298,269,1999,186,4970,14.9,19.3,1.83,2.1,11.3,0.4461639,8
5299,269,1999,187,22450,11.6,21.2,1.62,2.1,0,0.4469337,3.270979
5300,269,1999,188,22770,10.4,22.8,1.61,2.7,0,0.4477578,3.128978
5301,269,1999,189,22750,13.7,21.8,1.63,3.3,0,0.4486372,3.107361
5302,269,1999,190,27840,11.1,24.4,1.56,3.4,0,0.4495727,0.9537647
5303,269,1999,191,28210,12,25.4,1.64,4.2,0,0.4505656,0.7094085
5304,269,1999,192,28770,16.2,26.8,1.87,4.5,0,0.4516167,0.2975741
5305,269,1999,193,26820,16.1,27.6,2.04,3.9,0,0.4527275,1.100281
5306,269,1999,194,16870,15.9,23.4,1.99,3.1,0,0.453899,5.048897
5307,269,1999,195,15410,13.4,19.8,1.47,4.4,2,0.4551327,5.596565
5308,269,1999,196,22860,11.2,20.7,1.38,3.8,0,0.4564298,2.951327
5309,269,1999,197,25310,9.9,22.2,1.33,3.4,0,0.4577919,1.911316
5310,269,1999,198,17690,12.1,23.3,1.68,3.2,0,0.4592205,4.744278
5311,269,1999,199,24590,10.8,28.4,1.76,2.1,0,0.4607171,1.959905
5312,269,1999,200,19010,14.8,28.2,1.98,3.1,0,0.451625,4.142994
5313,269,1999,201,14650,15.5,24.4,1.77,5.3,0.2,0.4531306,5.669666
5314,269,1999,202,12000,13.8,19.2,1.33,5.6,2.3,0.4547021,6.502125
5315,269,1999,203,5770,12,16.3,1.36,5.5,9.9,0.4563412,7.958692
5316,269,1999,204,13960,12.6,18.6,1.33,4.6,0.1,0.4580498,5.897164
5317,269,1999,205,26690,12.8,24.5,1.7,2.9,0,0.4598295,0.6785625
5318,269,1999,206,18910,13.7,25.4,1.84,3.5,0,0.4616822,4.011083
5319,269,1999,207,19360,9.3,20.7,1.26,3.9,0,0.46361,3.961773
5320,269,1999,208,25990,7.8,20.9,1.15,4.6,0,0.4656148,1.100507
5321,269,1999,209,27630,9.8,25,1.43,4.7,0,0.4676989,0.0557281
5322,269,1999,210,27310,11.1,27.5,1.43,3.6,0,0.4584847,0.1390855
5323,269,1999,211,26260,11.7,29.5,1.48,3.3,0,0.4605537,0.5681075
5324,269,1999,212,21640,12.9,30.4,1.68,2.5,0.5,0.4627003,2.624365
5325,269,1999,213,25180,12.1,31.4,1.54,2.6,0,0.4649269,0.9254849
5326,269,1999,214,25590,12.7,31.6,1.44,3.1,0,0.4672358,0.6863142
5327,269,1999,215,15910,13.3,30.6,1.58,2.9,0,0.4696294,4.869029
5328,269,1999,216,20310,15.3,29.2,1.96,2.2,0,0.4721102,2.893415
5329,269,1999,217,14090,14.8,24.4,1.83,3.4,1,0.4746808,5.412962
5330,269,1999,218,22040,13,27.5,1.73,2.7,0,0.4773439,2.015622
5331,269,1999,219,2940,16.2,19,1.85,2.2,9.6,0.4678514,8
5332,269,1999,220,8750,16.3,21.9,1.97,1.7,1.7,0.4704785,7.034582
5333,269,1999,221,16270,13.8,24.4,1.81,3.1,0,0.4731969,4.407283
5334,269,1999,222,9090,14.6,20.7,1.74,3,26.4,0.4760096,6.918156
5335,269,1999,223,14420,9.9,19.6,1.14,3.4,0,0.4789195,5.203529
5336,269,1999,224,14240,10.3,20.2,1.33,1.3,0,0.4819296,5.183292
5337,269,1999,225,12970,9.6,20.3,1.29,2.2,0.3,0.4850432,5.623726
5338,269,1999,226,9510,13,19.6,1.59,4.4,7,0.4882636,6.716535
5339,269,1999,227,18520,11.7,20.3,1.44,4.6,0.7,0.4915944,3.141444
5340,269,1999,228,14380,8.9,20.2,1.33,2.3,0.2,0.4816042,4.94076
5341,269,1999,229,10770,9,19.3,1.31,2.9,0.5,0.4848763,6.254823
5342,269,1999,230,13380,12.2,22.3,1.63,5.1,2.7,0.4882578,5.178642
5343,269,1999,231,11600,13,18.2,1.6,6.1,16.2,0.4917521,5.836216
5344,269,1999,232,7820,12.1,18.1,1.49,5.2,23.8,0.4953631,7.105428
5345,269,1999,233,15490,9.3,18.8,1.22,2.9,0,0.4990948,4.199463
5346,269,1999,234,12030,11.1,18.8,1.26,1.6,0.1,0.5029512,5.604223
5347,269,1999,235,19710,9.4,20.4,1.22,3.1,0,0.5069366,1.886843
5348,269,1999,236,17740,9,22.3,1.32,4,0,0.4964183,2.814214
5349,269,1999,237,13740,15.7,26.9,1.8,3.5,0,0.5003246,4.584123
5350,269,1999,238,12520,14.4,24.2,1.88,4.1,5.7,0.5043589,5.063665
5351,269,1999,239,13400,13.1,21.1,1.64,3,0,0.5085257,4.647056
5352,269,1999,240,18770,10.2,22.1,1.51,1.8,0,0.5128295,1.714926
5353,269,1999,241,18050,9.5,23.5,1.48,1.2,0,0.5172753,2.038969
5354,269,1999,242,14340,11.2,22,1.51,3,0,0.521868,3.992711
5355,269,1999,243,11570,10,20.7,1.48,3.2,1.3,0.5108907,5.277488
5356,269,1999,244,3610,14,19.5,1.74,1.2,0,0.5153867,8
5357,269,1999,245,16260,11.7,24.7,1.71,1.6,0,0.5200285,2.552711
5358,269,1999,246,20300,9.3,26,1.41,3.6,0,0.5248214,0
5359,269,1999,247,14020,11.5,25.7,1.69,2.8,0,0.5297707,3.66218
5360,269,1999,248,18420,10.3,27.3,1.56,2.5,0,0.5348822,0.795105
5361,269,1999,249,15580,11.1,25.3,1.67,2.2,0,0.5401617,2.507881
5362,269,1999,250,9560,13.2,23.4,1.81,3.6,0,0.5456155,5.735358
5363,269,1999,251,13870,13.2,24.7,1.75,3.1,0,0.5337767,3.318486
5364,269,1999,252,13400,13.6,24.1,1.81,3.2,0,0.5391059,3.479353
5365,269,1999,253,13270,14.6,24.7,1.92,3,0,0.5446078,3.417106
5366,269,1999,254,17040,13.7,30.1,1.71,3.1,0,0.5502887,0.721303
5367,269,1999,255,15510,13,28,1.86,2.3,0,0.5561551,1.637839
5368,269,1999,256,14060,13,24.3,1.91,3,0,0.5622141,2.518521
5369,269,1999,257,5760,16.8,20.8,1.89,2.6,0.2,0.5684729,7.099763
5370,269,1999,258,5820,13.1,21.9,1.86,2,19.1,0.5558914,7.042484
5371,269,1999,259,12100,11.8,20,1.41,4.6,0,0.5619997,3.648848
5372,269,1999,260,6090,11.9,18.4,1.52,3.1,1.1,0.5683055,6.882709
5373,269,1999,261,16000,9.6,20.9,1.46,3.4,0,0.5748159,0.3624738
5374,269,1999,262,10980,11.5,23.2,1.62,4,0,0.5815388,3.986801
5375,269,1999,263,4540,14.8,20.8,1.77,4,1.9,0.5884819,7.42674
5376,269,1999,264,10350,13,19.6,1.54,4.9,0,0.5956537,4.215713
5377,269,1999,265,6840,13.3,21.5,1.75,3.5,6,0.5821833,6.241486
5378,269,1999,266,10420,16.2,21.7,1.82,5.2,1.8,0.5891726,3.856737
5379,269,1999,267,10230,13.9,21.4,1.74,4.5,7.9,0.5963868,3.896675
5380,269,1999,268,11970,13,20.1,1.62,4.3,0,0.6038343,2.416815
5381,269,1999,269,9120,12.2,18.4,1.53,4.9,11.7,0.6115237,4.531732
5382,269,1999,270,3670,12.1,16.3,1.49,6.4,3.6,0.6194641,7.621457
5383,269,1999,271,6010,13.2,17.1,1.52,5.4,1.2,0.6276647,6.386471
5384,269,1999,272,8430,13.7,19.3,1.65,6.2,14,0.6361355,4.682874
5385,269,1999,273,5510,12.2,17.9,1.54,4.6,7.9,0.6211191,6.56063
5386,269,1999,274,6770,11.7,15.1,1.23,7.1,2.8,0.6293505,5.760779
5387,269,1999,275,3450,9.3,16.6,1.3,7.8,4.4,0.6378454,7.595724
5388,269,1999,276,6530,8.4,13,1.15,5.8,14,0.6466133,5.780774
5389,269,1999,277,11340,8.7,14.1,1.19,3.1,4.3,0.6556639,1.528275
5390,269,1999,278,9700,7.7,14.2,1.09,3.2,2.3,0.6650076,3.00305
5391,269,1999,279,4840,7,13,1.07,2.3,0.4,0.674655,6.697277
5392,269,1999,280,4830,6.2,13.8,1.08,4.3,1.5,0.6583203,6.646845
5393,269,1999,281,2100,9.7,14.5,1.36,4,2.6,0.6676702,8
5394,269,1999,282,3610,12.5,15.9,1.49,3.9,0.5,0.677313,7.252622
5395,269,1999,283,5090,13.9,17.4,1.62,4.3,0.5,0.6872585,6.188357
5396,269,1999,284,8230,7.8,16,1.16,3.4,1.7,0.6975169,3.426188
5397,269,1999,285,10670,4.4,15,1.01,2,0,0.7080988,0.5342929
5398,269,1999,286,10200,4.5,14.4,1.03,1.6,0,0.7190148,0.8562722
5399,269,1999,287,6560,4.5,15.3,1.07,2,0,0.7011604,4.684458
5400,269,1999,288,3160,5.3,13.8,1.07,1.8,0,0.7117022,7.329729
5401,269,1999,289,10660,1.9,13.4,0.9,3.2,0,0.7225609,0
5402,269,1999,290,10710,0.8,10.8,0.77,4.5,0,0.7337458,0
5403,269,1999,291,10370,1.1,9.9,0.77,5,0,0.7452664,0
5404,269,1999,292,9970,1.8,10.1,0.74,5.8,0,0.7571323,0
5405,269,1999,293,9590,1.6,9.4,0.65,6.8,0,0.7693533,0.110978
5406,269,1999,294,2860,1.1,7.3,0.67,6.1,1.6,0.7819394,7.334077
5407,269,1999,295,1870,7.3,12.4,1.08,3.7,0.6,0.7615323,7.926659
5408,269,1999,296,6790,10.2,17.2,1.38,5,0.9,0.7736058,2.906751
5409,269,1999,297,3430,9.3,14.3,1.2,6.3,0.8,0.7860145,6.64256
5410,269,1999,298,4640,9.7,15.2,1.29,6,0.4,0.7987658,5.317327
5411,269,1999,299,4380,10.6,14.6,1.33,4.3,0,0.8118664,5.494054
5412,269,1999,300,5870,9.7,15.4,1.31,4.3,0,0.8253233,3.478396
5413,269,1999,301,3490,8.8,14.5,1.26,3.4,0,0.8391428,6.294598
5414,269,1999,302,6100,9.2,15,1.33,2.2,0,0.853331,2.75422
5415,269,1999,303,5280,9.6,17.6,1.32,4.7,1.7,0.829911,3.813516
5416,269,1999,304,6550,9.4,14.6,1.18,6.2,0,0.843395,1.641139
5417,269,1999,305,3150,8.3,17,1.23,7.2,0.7,0.8571998,6.361961
5418,269,1999,306,3320,4.7,15.1,1.07,3.9,0.1,0.8713273,6.118442
5419,269,1999,307,6180,4.3,13.4,1,3.2,0,0.8857786,1.689383
5420,269,1999,308,5080,3,12.6,0.9,2.7,0,0.9005538,3.452679
5421,269,1999,309,4670,2.9,11.1,0.85,6.8,0.4,0.9156522,3.974364
5422,269,1999,310,760,7,10.6,1.02,8.8,24.5,0.9310723,8
5423,269,1999,311,5150,7.8,12.8,1.12,4.1,5,0.9468111,2.653359
5424,269,1999,312,2020,6.8,11.3,1.11,2.1,1.4,0.9187459,7.214357
5425,269,1999,313,3310,8.2,11.9,1.1,4,4,0.933463,5.476714
5426,269,1999,314,6130,6.7,11.1,0.95,5.9,0,0.948423,0
5427,269,1999,315,5850,0.8,9.6,0.81,4.2,0,0.963617,0.4397634
5428,269,1999,316,5850,-0.3,7.4,0.73,2.6,0,0.9790346,0.2338651
5429,269,1999,317,2790,-2.7,9.3,0.76,1.9,0.8,0.994664,5.974047
5430,269,1999,318,2700,0.7,10.6,0.79,3.8,0.1,1.010491,6.020381
5431,269,1999,319,5870,-2.1,6.7,0.61,1.4,0,1.026502,0
5432,269,1999,320,2600,-2.5,2.7,0.55,3.8,0.5,1.042677,6.082327
5433,269,1999,321,2400,1.2,6,0.7,3.8,3.5,1.058999,6.271136
5434,269,1999,322,1800,0.6,4.5,0.66,3.8,6.2,1.024323,7.082902
5435,269,1999,323,4100,0.8,4.8,0.67,5,1.7,1.039163,2.804417
5436,269,1999,324,2310,0.3,3.8,0.62,4.4,0.7,1.054044,6.225701
5437,269,1999,325,2980,0.3,4.2,0.65,2.2,0.2,1.06894,4.931734
5438,269,1999,326,920,2.4,8.5,0.81,4.2,3.5,1.083824,8
5439,269,1999,327,2870,4.1,10.1,0.94,2.2,0,1.098668,4.840123
5440,269,1999,328,700,5.8,9.9,1.02,4.7,0,1.113442,8
5441,269,1999,329,400,7.7,9.5,1.06,6.1,4.2,1.128114,8
5442,269,1999,330,2170,4.9,10.3,0.92,6.7,0,1.142652,5.994034
5443,269,1999,331,2370,4.7,10.1,0.93,5.1,2.2,1.157019,5.526262
5444,269,1999,332,2090,6.5,11.6,0.96,7.7,0,1.17118,6.011682
5445,269,1999,333,850,6.7,9.2,0.95,4,0.7,1.185096,7.987517
5446,269,1999,334,2340,6.4,11.4,0.99,6.5,0,1.198729,5.352492
5447,269,1999,335,2980,7.4,11.6,0.93,7.3,0,1.152804,3.743173
5448,269,1999,336,3190,5.5,8.5,0.77,7,2.2,1.164385,3.152264
5449,269,1999,337,210,5.1,9.9,0.82,10.6,7.9,1.175584,8
5450,269,1999,338,2870,1.4,6.5,0.63,5,2.5,1.186362,3.901896
5451,269,1999,339,3770,-0.4,6.9,0.64,3.4,0.1,1.196684,1.13219
5452,269,1999,340,290,2.7,11.1,0.89,8.8,2.9,1.206514,8
5453,269,1999,341,1230,6.6,11,1,7.6,17.2,1.215816,7.264413
5454,269,1999,342,1740,4.4,9.8,0.87,7.9,2.2,1.224556,6.282663
5455,269,1999,343,2830,5.5,9.2,0.85,8.4,0.6,1.232701,3.51732
5456,269,1999,344,2690,3.4,8.5,0.85,5.2,3.7,1.240217,3.858859
5457,269,1999,345,300,4,11.7,0.96,8.5,12.7,1.247076,8
5458,269,1999,346,570,5,10.2,0.94,6,8.5,1.253249,8
5459,269,1999,347,2120,2.5,7,0.75,5.7,9.7,1.258711,5.297302
5460,269,1999,348,1920,1.3,4.4,0.67,4.2,2.1,1.263437,5.781147
5461,269,1999,349,2330,-2.1,2.4,0.57,2.8,2.2,1.267408,4.789522
5462,269,1999,350,1500,-3.4,3.5,0.58,3,0.2,1.270606,6.689651
5463,269,1999,351,300,3.4,8.1,0.83,7.6,6.3,1.273017,8
5464,269,1999,352,2420,0.1,5.1,0.58,2.8,0,1.274631,4.502154
5465,269,1999,353,3240,0.3,3.6,0.62,3.5,1.3,1.275439,1.988347
5466,269,1999,354,2530,0.3,3.9,0.63,2.7,0.5,1.275439,4.168636
5467,269,1999,355,1320,-0.9,1.7,0.59,3.7,0,1.274631,7.028843
5468,269,1999,356,2320,-1.5,2.3,0.49,7,1.6,1.273017,4.825884
5469,269,1999,357,2800,1.5,8.2,0.78,7,2.8,1.270606,3.336423
5470,269,1999,358,200,4,9.6,0.89,10.9,13.1,1.267408,8
5471,269,1999,359,2690,3.9,10.5,0.78,10.2,4.5,1.263437,3.724558
5472,269,1999,360,1640,2.6,7,0.77,5,15.8,1.258711,6.398788
5473,269,1999,361,2190,-0.4,6.6,0.7,2.8,1.4,1.253249,5.179602
5474,269,1999,362,2040,-0.7,4.6,0.67,1.7,0.3,1.247076,5.584544
5475,269,1999,363,1590,0.1,5.1,0.68,3.3,9.1,1.240217,6.585505
5476,269,1999,364,2180,0.9,3.9,0.69,4,1,1.232701,5.321232
5477,269,1999,365,430,2.8,4.6,0.77,2.7,0,1.224556,8
5478,269,2000,1,2020,1,8.2,0.82,3,1.3,1.215816,5.73564
5479,269,2000,2,800,4.3,8.2,0.93,4.2,0,1.206514,7.964992
5480,269,2000,3,380,5.3,9.5,0.98,6.9,5.5,1.196684,8
5481,269,2000,4,490,2.2,9.3,0.85,4,4.6,1.186362,8
5482,269,2000,5,3590,0.8,7.1,0.73,5,0,1.175584,1.929811
5483,269,2000,6,990,4.8,8.5,0.9,6.2,0.8,1.164385,7.755929
5484,269,2000,7,2500,2.6,7.3,0.81,5.8,0,1.152804,4.99974
5485,269,2000,8,780,2,7.9,0.82,5.4,1.5,1.198729,8
5486,269,2000,9,3890,-0.8,6.4,0.7,2.3,0,1.185096,1.653599
5487,269,2000,10,4170,-2.6,4.4,0.63,2.4,0,1.17118,1.063003
5488,269,2000,11,2450,-0.3,4.2,0.61,5.8,0,1.157019,5.49141
5489,269,2000,12,2710,-0.3,3.1,0.57,6.5,0,1.142652,5.059241
5490,269,2000,13,2170,-0.4,3.2,0.57,5.1,0,1.128114,6.172604
5491,269,2000,14,1400,1.6,4,0.72,2.6,0,1.113442,7.399434
5492,269,2000,15,2730,1.8,5.2,0.72,2.6,0,1.098668,5.232231
5493,269,2000,16,1570,2.4,6.7,0.8,4.1,0.5,1.083824,7.222469
5494,269,2000,17,1130,5.5,7.3,0.9,6.4,0.1,1.06894,7.810745
5495,269,2000,18,3220,4.5,7.8,0.79,8,0.4,1.054044,4.544348
5496,269,2000,19,1750,2.4,5.3,0.68,4,0,1.039163,7.117153
5497,269,2000,20,930,4.3,6,0.78,5.1,0.3,1.024323,8
5498,269,2000,21,3230,3.1,6.6,0.74,5,0.3,1.058999,4.896441
5499,269,2000,22,2660,3.9,6.4,0.78,5.7,5,1.042677,5.950298
5500,269,2000,23,1530,-3.5,4.7,0.54,3.3,0.5,1.026502,7.563485
5501,269,2000,24,4600,-6.1,0.1,0.37,1.8,0,1.010491,2.924685
5502,269,2000,25,3960,-1.5,2.6,0.53,3.5,0,0.994664,4.188459
5503,269,2000,26,3080,0.2,6.2,0.69,3.3,0,0.9790346,5.682562
5504,269,2000,27,560,1.1,4.7,0.66,5,0,0.963617,8
5505,269,2000,28,1210,0.8,5.6,0.68,7.4,2.6,0.948423,8
5506,269,2000,29,730,5.4,10.7,0.93,9.8,13.7,0.933463,8
5507,269,2000,30,2120,6.4,10.8,0.92,7.3,2.6,0.9187459,7.147907
5508,269,2000,31,2140,8.3,10.6,1.01,7.8,0.5,0.9468111,7.16327
5509,269,2000,32,2120,7.5,9.7,0.95,7,2,0.9310723,7.239277
5510,269,2000,33,5150,6.2,8.2,0.88,6.1,4.7,0.9156522,3.243563
5511,269,2000,34,5060,4.3,8.3,0.83,4.7,0,0.9005538,3.593069
5512,269,2000,35,770,4.2,8.7,0.9,7.3,5.4,0.8857786,8
5513,269,2000,36,5420,6.6,10.9,0.93,5.5,0,0.8713273,3.324501
5514,269,2000,37,1390,4.5,8.7,0.88,5.4,0.6,0.8571998,8
5515,269,2000,38,4140,6.1,9.2,0.91,7.8,6.2,0.843395,5.40539
5516,269,2000,39,1210,6.2,11.1,0.9,8.3,6.4,0.829911,8
5517,269,2000,40,4450,4.3,8,0.73,8.2,0.6,0.853331,5.311447
5518,269,2000,41,2090,4.8,7.8,0.79,7.8,9.9,0.8391428,7.639322
5519,269,2000,42,7530,1.5,8.6,0.74,4.6,0,0.8253233,1.412255
5520,269,2000,43,3000,2.2,6.5,0.73,6.8,3,0.8118664,7.003665
5521,269,2000,44,6850,2.1,7.4,0.71,5.2,0,0.7987658,2.873196
5522,269,2000,45,6420,-1.1,7.4,0.67,4.2,1,0.7860145,3.63967
5523,269,2000,46,5630,4,8.1,0.83,4,0.5,0.7736058,4.650634
5524,269,2000,47,6180,0,5.1,0.62,6.3,12.4,0.7615323,4.262551
5525,269,2000,48,5050,0.5,6.7,0.72,5.5,8.5,0.7819394,5.523685
5526,269,2000,49,2230,0.8,7.5,0.76,5.3,6.5,0.7693533,7.792808
5527,269,2000,50,1910,3,5.5,0.72,6.1,3,0.7571323,8
5528,269,2000,51,9380,-1.7,6.5,0.61,3,1.1,0.7452664,1.126238
5529,269,2000,52,5680,-2.5,5.4,0.62,3.1,0.1,0.7337458,5.379236
5530,269,2000,53,4330,0.7,7.5,0.78,2.4,0,0.7225609,6.533134
5531,269,2000,54,8560,-1.4,9.7,0.74,3,0,0.7117022,2.692106
5532,269,2000,55,6040,4.2,9.3,0.85,5.3,8.9,0.7011604,5.293775
5533,269,2000,56,9820,1.8,7.7,0.74,4.1,7.7,0.7190148,1.661147
5534,269,2000,57,9300,0.3,9.3,0.74,3.2,0,0.7080988,2.452209
5535,269,2000,58,8580,0.9,11.7,0.73,6.7,0,0.6975169,3.379716
5536,269,2000,59,1370,4.6,12.8,0.98,6.8,6.2,0.6872585,8
5537,269,2000,60,5930,3.9,8.7,0.85,8.5,6.8,0.677313,5.845245
5538,269,2000,61,8490,3.4,7.6,0.78,6.1,0.6,0.6676702,3.89894
5539,269,2000,62,5000,2.3,8.5,0.78,7.6,16.8,0.6583203,6.629129
5540,269,2000,63,8090,2.8,9.9,0.8,8.6,12.9,0.674655,4.490547
5541,269,2000,64,9090,-0.2,4.8,0.63,7.5,1,0.6650076,3.872588
5542,269,2000,65,6540,0.1,6.4,0.69,3.6,0.3,0.6556639,5.864163
5543,269,2000,66,3300,3.1,8.4,0.84,7.1,0,0.6466133,7.694797
5544,269,2000,67,7000,7.8,12.1,1.11,7.6,1.9,0.6378454,5.610308
5545,269,2000,68,2920,9.5,12.5,1.23,7.5,10.7,0.6293505,7.882284
5546,269,2000,69,7010,5.6,11.9,1,7.7,4.3,0.6211191,5.790934
5547,269,2000,70,6170,2.4,9.3,0.77,3.4,2.8,0.6361355,6.409643
5548,269,2000,71,9040,6.5,10.4,1,7.4,0.6,0.6276647,4.613676
5549,269,2000,72,9300,5.5,11.8,0.98,2.4,0,0.6194641,4.546269
5550,269,2000,73,3920,5,9.6,0.98,3.1,0.4,0.6115237,7.60114
5551,269,2000,74,3290,3.9,9.6,0.88,6.8,3.2,0.6038343,7.882484
5552,269,2000,75,9300,2.8,7.7,0.74,7.8,1,0.5963868,4.936436
5553,269,2000,76,2690,6.2,8.7,0.98,5.3,0.6,0.5891726,8
5554,269,2000,77,5850,7,9.6,1.01,5.7,0.4,0.5821833,6.883822
5555,269,2000,78,6940,5.8,8.3,0.93,6.5,3.4,0.5956537,6.421853
5556,269,2000,79,13730,2.5,9.2,0.82,3.8,0,0.5884819,2.343275
5557,269,2000,80,9080,0.8,10.2,0.84,1.9,0,0.5815388,5.452696
5558,269,2000,81,4940,2.3,9.3,0.78,0.7,0,0.5748159,7.435592
5559,269,2000,82,15050,0.4,14.9,0.89,1.4,0,0.5683055,1.803103
5560,269,2000,83,8070,0,10.5,0.84,3.2,0,0.5619997,6.165474
5561,269,2000,84,2480,4.8,10.8,1.02,2.9,7.6,0.5558914,8
5562,269,2000,85,10040,5.6,12.4,1.03,3,0,0.5684729,5.258093
5563,269,2000,86,9330,2.6,10,0.85,2.8,7.1,0.5622141,5.733984
5564,269,2000,87,6200,3,8.5,0.82,4.4,1.5,0.5561551,7.133576
5565,269,2000,88,1620,3.8,4.9,0.74,6.2,0,0.5502887,8
5566,269,2000,89,4750,4,7.7,0.85,7.5,0,0.5446078,7.685623
5567,269,2000,90,3130,5.2,7.7,0.89,4.7,0,0.5391059,8
5568,269,2000,91,5850,4,8,0.84,1.2,0,0.5337767,7.370429
5569,269,2000,92,5070,3.2,9.2,0.86,1.4,1.1,0.5456155,7.643903
5570,269,2000,93,11950,3.7,13.8,0.95,3.6,0.4,0.5401617,4.901731
5571,269,2000,94,12440,6.2,17.5,1.04,3.3,0.8,0.5348822,4.705527
5572,269,2000,95,8370,3.9,13.5,0.99,5.5,0.5,0.5297707,6.567852
5573,269,2000,96,11510,1.4,7.7,0.57,7,0,0.5248214,5.43046
5574,269,2000,97,13110,-0.3,9.8,0.66,3.2,0,0.5200285,4.737778
5575,269,2000,98,20900,-1.6,11.3,0.66,2.3,0,0.5153867,0.5109097
5576,269,2000,99,11680,-1.9,11.9,0.65,1.5,0,0.5108907,5.502936
5577,269,2000,100,20160,3.4,14.6,0.79,6.2,0,0.521868,1.160513
5578,269,2000,101,21520,0.1,10.1,0.58,4.8,0,0.5172753,0.6374074
5579,269,2000,102,17230,-1.4,12.2,0.64,2.3,0,0.5128295,3.131105
5580,269,2000,103,8740,3.4,9.7,0.8,5.5,2.8,0.5085257,6.744495
5581,269,2000,104,7830,3.5,9.1,0.83,5.5,2.9,0.5043589,7.062394
5582,269,2000,105,13260,1.4,10.4,0.81,3.3,1.3,0.5003246,5.128549
5583,269,2000,106,7650,3.7,13.8,0.96,5.2,3.5,0.4964183,7.149475
5584,269,2000,107,16590,6,12.6,0.8,5.6,0,0.5069366,3.790827
5585,269,2000,108,13120,7,14.9,1.02,5.6,5.5,0.5029512,5.284867
5586,269,2000,109,16630,6.2,14.8,0.94,5.4,0,0.4990948,3.861674
5587,269,2000,110,17490,7.4,18.7,1.11,2.8,0,0.4953631,3.46786
5588,269,2000,111,13270,6.6,17.2,1.06,4.8,0,0.4917521,5.361729
5589,269,2000,112,14860,9.9,17.8,1.14,3.6,0.4,0.4882578,4.75516
5590,269,2000,113,5560,8.9,17.9,1.2,2.9,1.9,0.4848763,7.811177
5591,269,2000,114,3680,9.5,12.7,1.26,2.9,7.1,0.4816042,8
5592,269,2000,115,15990,8.5,16,1.17,2.2,0.1,0.4915944,4.444375
5593,269,2000,116,20130,8,20.4,1.07,4.7,0,0.4882636,2.69781
5594,269,2000,117,19860,10,23.6,1.38,4,0,0.4850432,2.772983
5595,269,2000,118,11880,11.3,20.2,1.45,3.3,0.1,0.4819296,6.057542
5596,269,2000,119,20400,10,22.1,1.55,2.4,0,0.4789195,2.601064
5597,269,2000,120,4250,9.5,13.2,1.25,2.7,2.9,0.4760096,8
5598,269,2000,121,4920,9.7,13.6,1.26,2,0.7,0.4731969,8
5599,269,2000,122,9990,9,14.5,1.24,3.5,0,0.4704785,6.780906
5600,269,2000,123,4570,8.6,12,1.14,4.7,0,0.4678514,8
5601,269,2000,124,7760,9.1,14.6,1.24,3.4,0.3,0.4773439,7.410459
5602,269,2000,125,18040,9.2,18.1,1.34,4,0.9,0.4746808,4.078691
5603,269,2000,126,25240,8.6,25.5,1.19,4.7,0,0.4721102,0.9507927
5604,269,2000,127,23870,11.2,27.4,1.32,4.9,0,0.4696294,1.632392
5605,269,2000,128,25440,12.8,28.3,1.4,4.6,0,0.4672358,0.8988958
5606,269,2000,129,21720,12.4,26.4,1.51,2.8,0,0.4649269,2.676066
5607,269,2000,130,22500,12.7,25.8,1.54,2.3,0,0.4627003,2.374341
5608,269,2000,131,20070,13.7,27.8,1.57,3.6,0,0.4605537,3.469031
5609,269,2000,132,25900,11.9,24.8,1.33,5.5,0,0.4584847,1.008035
5610,269,2000,133,24820,10.9,25.2,1.24,5.5,0,0.4676989,1.631781
5611,269,2000,134,27770,10.2,25.4,0.96,4,0,0.4656148,0.4627107
5612,269,2000,135,27040,9.3,26.4,1.21,2.1,0,0.46361,0.7288479
5613,269,2000,136,25890,11.3,28.8,1.29,2.4,0,0.4616822,1.292991
5614,269,2000,137,22500,12.8,29.2,1.69,3.8,9.5,0.4598295,2.69137
5615,269,2000,138,14380,10.9,16.5,1.16,6.3,0.8,0.4580498,5.831883
5616,269,2000,139,15590,8.7,14.5,1,6,2,0.4563412,5.514111
5617,269,2000,140,11480,8.7,14.7,1.1,3.9,2.8,0.4547021,6.695112
5618,269,2000,141,23500,5.9,15.3,0.93,3.9,0.1,0.4531306,2.75637
5619,269,2000,142,6540,5.2,13,0.99,2.8,7.5,0.451625,7.851901
5620,269,2000,143,12600,7.5,15.1,1.09,2.4,1,0.4607171,6.438318
5621,269,2000,144,13470,7.3,18.4,1.23,4.6,5.2,0.4592205,6.189117
5622,269,2000,145,19650,11.5,16.4,1.24,3.3,5.7,0.4577919,4.231862
5623,269,2000,146,13890,10.7,14.6,1.17,6.4,6.2,0.4564298,6.108809
5624,269,2000,147,16620,9.1,16.8,1.11,4.4,3.7,0.4551327,5.323375
5625,269,2000,148,17470,9.5,16.6,1.08,8.2,1.2,0.453899,5.078631
5626,269,2000,149,5880,7.5,13.3,1.05,8.6,11.2,0.4527275,8
5627,269,2000,150,19270,7,14.2,1.04,4.7,6.9,0.4516167,4.533869
5628,269,2000,151,12670,4.4,14.5,0.96,2.3,0.1,0.4505656,6.529004
5629,269,2000,152,25590,4.8,17.7,0.93,1.8,0,0.4495727,2.280275
5630,269,2000,153,8970,11,18.2,1.35,4.6,1.7,0.4486372,7.379196
5631,269,2000,154,23040,10.9,19.7,1.39,4,0,0.4477578,3.133835
5632,269,2000,155,21180,9.8,23.4,1.55,3.9,8.8,0.4469337,3.798321
5633,269,2000,156,22970,9.2,20.5,1.33,3.9,0.2,0.4461639,3.219856
5634,269,2000,157,8250,8,15.7,1.21,2.7,4.7,0.4454475,7.558739
5635,269,2000,158,8880,11.3,14.3,1.2,3.8,0.1,0.4447838,7.430855
5636,269,2000,159,17930,6.4,15.3,1.03,4.1,0.1,0.4441721,5.091676
5637,269,2000,160,29930,5.3,22.1,1.02,3.7,0,0.4533817,0.5758291
5638,269,2000,161,28210,11.5,28.9,1.59,3.8,0,0.4528294,1.046405
5639,269,2000,162,22200,11.1,19.3,1.38,3,0,0.4523328,3.569735
5640,269,2000,163,22500,8.7,19.3,1.22,3.2,0,0.4518908,3.523925
5641,269,2000,164,21120,11.7,20.2,1.4,4.8,0,0.4515028,3.96761
5642,269,2000,165,10290,14.1,19.1,1.59,3.5,0.3,0.4511678,7.102891
5643,269,2000,166,10230,15,19.3,1.64,3.9,6.9,0.4508853,7.113966
5644,269,2000,167,24720,9.3,18.2,1.2,4,0,0.4506548,2.723363
5645,269,2000,168,29780,7.8,16.7,1,3.5,0,0.4504759,0.7473524
5646,269,2000,169,30110,5.9,21.5,1.05,1.5,0,0.4503484,0.5738869
5647,269,2000,170,29250,10.2,27.4,1.41,2.6,0,0.4502719,0.7501264
5648,269,2000,171,29300,15.1,31.9,1.8,3.6,0,0.4502464,0.5364868
5649,269,2000,172,27030,19.1,32.2,2.34,2.8,0,0.4502719,1.338053
5650,269,2000,173,16920,15.5,25.7,1.84,4,1.2,0.4503484,5.275506
5651,269,2000,174,13240,13.2,19.3,1.42,4.6,3.8,0.4504759,6.396281
5652,269,2000,175,12100,11.7,19.3,1.43,4.9,10.5,0.4506548,6.68487
5653,269,2000,176,15760,11.2,16.6,1.29,4.8,6.3,0.4508853,5.717016
5654,269,2000,177,12020,11.6,15.1,1.16,5.4,0.8,0.4511678,6.733686
5655,269,2000,178,21680,8.8,15.8,0.94,5.8,0,0.4515028,3.91422
5656,269,2000,179,24680,8.7,15.9,1,4.1,0,0.4518908,2.781408
5657,269,2000,180,21190,10.5,15.5,1.02,4.4,0,0.4523328,4.036224
5658,269,2000,181,24350,9.7,16.4,0.98,4.3,0,0.4528294,2.890723
5659,269,2000,182,25410,8.7,17.2,1.05,2.4,0,0.4533817,2.43016
5660,269,2000,183,6190,7.6,14.5,1.13,2.1,9.2,0.4441721,7.963675
5661,269,2000,184,18350,13.5,23.5,1.79,2.5,0,0.4447838,4.749048
5662,269,2000,185,22610,12.1,23.2,1.66,2.3,0,0.4454475,3.235354
5663,269,2000,186,22970,12.2,21.3,1.62,2.8,0,0.4461639,3.089915
5664,269,2000,187,6950,13.9,17.8,1.57,3,2.5,0.4469337,7.786976
5665,269,2000,188,26740,12.6,19.5,1.44,2.8,0,0.4477578,1.5614
5666,269,2000,189,14740,10.1,16.9,1.18,4.4,0,0.4486372,5.932065
5667,269,2000,190,11750,9.2,16.3,1.18,3.3,0.2,0.4495727,6.725994
5668,269,2000,191,4710,12.6,14.6,1.37,5.9,4.8,0.4505656,8
5669,269,2000,192,16360,11.7,18.4,1.4,5.4,37.8,0.4516167,5.363391
5670,269,2000,193,9560,11.7,15.1,1.28,6.4,1.7,0.4527275,7.219829
5671,269,2000,194,25460,8.9,16.1,1.03,5,0,0.453899,2.108065
5672,269,2000,195,8040,9.5,17.6,1.37,3.4,6.9,0.4551327,7.538086
5673,269,2000,196,17350,11.9,16.7,1.35,4.6,6,0.4564298,4.981505
5674,269,2000,197,19680,11.2,16.5,1.3,5.3,5.8,0.4577919,4.162021
5675,269,2000,198,10020,12,16.4,1.39,3.7,3.8,0.4592205,7.058296
5676,269,2000,199,7580,12.3,15.6,1.35,3,0.3,0.4607171,7.612398
5677,269,2000,200,14520,11.7,16.1,1.26,3.6,0,0.451625,5.818414
5678,269,2000,201,15600,13.4,18.7,1.5,4.5,0,0.4531306,5.413562
5679,269,2000,202,25650,11.2,20.4,1.42,3.5,0,0.4547021,1.480043
5680,269,2000,203,18620,12.1,17.2,1.35,4.8,0,0.4563412,4.354554
5681,269,2000,204,13390,12.5,19.7,1.61,3.6,0,0.4580498,6.02508
5682,269,2000,205,10670,13.3,20.1,1.69,3.1,0,0.4598295,6.777741
5683,269,2000,206,16680,13.8,22.9,1.84,5.4,5.2,0.4616822,4.846352
5684,269,2000,207,14580,15.3,21.2,1.87,4.1,0.1,0.46361,5.538409
5685,269,2000,208,11870,10.3,19.5,1.47,2.6,0,0.4656148,6.419009
5686,269,2000,209,15350,11.1,21.3,1.53,1.5,2.6,0.4676989,5.284846
5687,269,2000,210,17790,12.2,21,1.64,2.8,1.4,0.4584847,4.338809
5688,269,2000,211,19980,11.2,22,1.63,2.3,0,0.4605537,3.417213
5689,269,2000,212,16840,13.8,21,1.73,2.4,0,0.4627003,4.601407
5690,269,2000,213,21420,13.9,23.4,1.7,1.9,0,0.4649269,2.656794
5691,269,2000,214,21480,15,27.7,1.96,2.7,12.2,0.4672358,2.479151
5692,269,2000,215,21090,13.9,21.7,1.63,4.2,0,0.4696294,2.708148
5693,269,2000,216,17970,12.9,22.4,1.62,4,7.7,0.4721102,4.006854
5694,269,2000,217,22380,10.7,21.2,1.52,2.4,0,0.4746808,2.009691
5695,269,2000,218,19800,11.5,21.5,1.52,1.9,0,0.4773439,3.141463
5696,269,2000,219,17370,12,22.6,1.64,3.4,0,0.4678514,4.096977
5697,269,2000,220,13850,13.9,20.9,1.61,2.2,0,0.4704785,5.431098
5698,269,2000,221,17650,14.2,21.2,1.72,3.2,0.9,0.4731969,3.84596
5699,269,2000,222,19320,12.9,23.6,1.57,2.5,0,0.4760096,3.079248
5700,269,2000,223,6760,16.5,20,1.82,3.5,1,0.4789195,7.535271
5701,269,2000,224,22130,14.7,22.9,1.63,2.5,0,0.4819296,1.502243
5702,269,2000,225,23910,10.1,23.1,1.42,1.6,0,0.4850432,0.5357143
5703,269,2000,226,18920,10.9,29.2,1.67,3.1,0,0.4882636,2.945278
5704,269,2000,227,14110,18.3,26.2,2.2,3.1,2.8,0.4915944,4.918638
5705,269,2000,228,11700,13.1,22.5,1.69,3.8,0,0.4816042,5.901163
5706,269,2000,229,16390,13.3,22.8,1.57,3.8,0,0.4848763,3.952245
5707,269,2000,230,19320,12.2,23,1.49,4.4,0,0.4882578,2.474715
5708,269,2000,231,16560,12.1,23,1.49,2.8,0,0.4917521,3.758507
5709,269,2000,232,11730,15.7,23.5,1.78,2.7,0,0.4953631,5.715428
5710,269,2000,233,14250,12.2,21.9,1.54,2.9,9,0.4990948,4.666878
5711,269,2000,234,11670,11.6,19.4,1.5,2.2,0.4,0.5029512,5.699416
5712,269,2000,235,13390,9.1,20.2,1.47,1.6,22,0.5069366,4.943046
5713,269,2000,236,21540,8.8,20.2,1.3,3.2,0,0.4964183,0.6546817
5714,269,2000,237,21870,7.1,21.8,1.2,2.3,0,0.5003246,0.3724819
5715,269,2000,238,12530,12.8,21.3,1.57,2.2,0,0.5043589,5.122496
5716,269,2000,239,19430,12.1,25.3,1.57,4.5,0,0.5085257,1.412358
5717,269,2000,240,3920,13.4,19.9,1.8,2,5.7,0.5128295,8
5718,269,2000,241,13120,10.5,19.4,1.51,3.3,0.4,0.5172753,4.675076
5719,269,2000,242,14530,9.6,20,1.43,2.8,0,0.521868,3.918426
5720,269,2000,243,18110,7.9,19.3,1.31,2.4,0,0.5108907,1.836142
5721,269,2000,244,16220,8.4,19.9,1.37,2.1,0,0.5153867,2.819907
5722,269,2000,245,8850,10.7,19.2,1.43,3.7,2.7,0.5200285,6.350097
5723,269,2000,246,9770,12.7,18.5,1.58,3.8,9.2,0.5248214,5.894674
5724,269,2000,247,9460,12.6,18,1.43,5.4,7.7,0.5297707,6.004121
5725,269,2000,248,14370,12.1,17.4,1.38,3,2.8,0.5348822,3.46174
5726,269,2000,249,12510,10.1,19.7,1.44,2.8,0.3,0.5401617,4.389141
5727,269,2000,250,4560,12.8,16.8,1.52,6.5,13.1,0.5456155,7.737998
5728,269,2000,251,11840,14.1,17.4,1.43,5.8,0.2,0.5337767,4.587577
5729,269,2000,252,2500,14.7,18.9,1.86,4.6,2.7,0.5391059,8
5730,269,2000,253,4910,13.6,18.3,1.76,1.2,3.4,0.5446078,7.545071
5731,269,2000,254,10970,10.3,22.8,1.77,1.3,0,0.5502887,4.732558
5732,269,2000,255,15950,12.5,22.9,1.86,3,0,0.5561551,1.309766
5733,269,2000,256,7150,12.2,21.2,1.75,3.4,0,0.5622141,6.550679
5734,269,2000,257,9180,12.9,18.3,1.6,3.4,0,0.5684729,5.519552
5735,269,2000,258,10440,11.7,19.9,1.6,1.6,0,0.5558914,4.735014
5736,269,2000,259,10430,12.7,21.4,1.77,3,4.8,0.5619997,4.608939
5737,269,2000,260,11340,10,19.8,1.49,3.5,0,0.5683055,4.008261
5738,269,2000,261,4280,9.5,17.4,1.5,2,0.1,0.5748159,7.60245
5739,269,2000,262,12660,11.2,19.8,1.51,4.6,0,0.5815388,2.833182
5740,269,2000,263,15010,12.8,21,1.6,5.5,0,0.5884819,0.7351962
5741,269,2000,264,1940,11.4,14.8,1.45,3.4,10.9,0.5956537,8
5742,269,2000,265,6150,8.6,14,1.3,2.3,4.3,0.5821833,6.662252
5743,269,2000,266,11360,7.4,19.8,1.43,3.3,0,0.5891726,3.281061
5744,269,2000,267,14170,11.2,20.3,1.54,3.6,0,0.5963868,0.6974129
5745,269,2000,268,15020,8.9,19.2,1.25,4.5,0.1,0.6038343,0
5746,269,2000,269,9440,10.6,18.1,1.5,2.2,8.5,0.6115237,4.309214
5747,269,2000,270,4910,12.8,20.5,1.74,3,12.6,0.6194641,7.011794
5748,269,2000,271,11110,13.3,19.1,1.6,4.3,0.7,0.6276647,2.669368
5749,269,2000,272,3580,14.1,16.9,1.6,6,3.6,0.6361355,7.59999
5750,269,2000,273,6190,12.3,20.1,1.68,2.6,0,0.6211191,6.128137
5751,269,2000,274,8720,10.3,20.2,1.59,1.9,0.2,0.6293505,4.244825
5752,269,2000,275,1870,10.9,16,1.51,2,8.5,0.6378454,8
5753,269,2000,276,8360,9.1,16.4,1.39,3.6,0,0.6466133,4.34927
5754,269,2000,277,7190,8.4,16.5,1.3,3.5,0,0.6556639,5.183155
5755,269,2000,278,3190,9.7,15,1.38,4.1,0.5,0.6650076,7.629708
5756,269,2000,279,6870,7,16.6,1.29,3.8,4.6,0.674655,5.235456
5757,269,2000,280,8790,6,13.9,1.1,3.5,5.8,0.6583203,3.535003
5758,269,2000,281,10620,3.1,13.7,0.99,2.7,0,0.6676702,1.558952
5759,269,2000,282,1840,4.9,11.9,1.06,4.5,5.2,0.677313,8
5760,269,2000,283,9280,3.7,14,0.99,4.2,0.8,0.6872585,2.591488
5761,269,2000,284,4670,7.2,11.4,1.05,8.4,6.2,0.6975169,6.517354
5762,269,2000,285,5220,7.8,12.3,1.07,8.5,6.9,0.7080988,6.036921
5763,269,2000,286,9400,8.3,15,1.15,6.4,0.2,0.7190148,1.762599
5764,269,2000,287,8430,6.3,15.5,1.17,3.8,0,0.7011604,2.684403
5765,269,2000,288,3930,5.5,11.8,1.11,2.4,0,0.7117022,6.797507
5766,269,2000,289,3440,7.3,13.6,1.27,3.4,0.4,0.7225609,7.073994
5767,269,2000,290,2940,10.7,16.1,1.48,6.2,2.7,0.7337458,7.354968
5768,269,2000,291,8320,4.8,13.9,1.09,3.8,2.2,0.7452664,2.042618
5769,269,2000,292,3080,4.3,11.7,0.99,5.5,0.3,0.7571323,7.2223
5770,269,2000,293,6540,4,15.3,1.14,3.2,6.4,0.7693533,3.842991
5771,269,2000,294,6690,3.2,14.2,1.08,3.6,0,0.7819394,3.527494
5772,269,2000,295,4960,11.3,17.8,1.51,3.9,0,0.7615323,5.243636
5773,269,2000,296,6140,10.5,17.9,1.51,2.6,0,0.7736058,3.717527
5774,269,2000,297,6320,11.7,18.7,1.56,5.5,2.3,0.7860145,3.290376
5775,269,2000,298,3110,11.2,13.6,1.3,5.5,1.1,0.7987658,6.85345
5776,269,2000,299,1390,9.3,14.6,1.24,6.9,3.7,0.8118664,8
5777,269,2000,300,6920,7,13,1.07,4.4,3.3,0.8253233,2.033619
5778,269,2000,301,1150,8.2,12.9,1.25,5.8,6.4,0.8391428,8
5779,269,2000,302,1290,11.9,14.1,1.42,6.9,1.7,0.853331,8
5780,269,2000,303,4910,8.3,12.5,1.05,9.7,2.7,0.829911,4.433438
5781,269,2000,304,800,6.9,13.3,1.09,12.6,18,0.843395,8
5782,269,2000,305,2580,7.5,10.9,1.01,8.6,3.8,0.8571998,6.996208
5783,269,2000,306,2320,6.2,9.3,0.97,7.9,1.9,0.8713273,7.203986
5784,269,2000,307,3500,5.1,10.9,0.98,7.6,9.5,0.8857786,5.833134
5785,269,2000,308,6120,4.8,10.5,0.91,6.3,0,0.9005538,1.619631
5786,269,2000,309,6450,4.3,10.7,0.97,5.2,0.7,0.9156522,0.679048
5787,269,2000,310,5900,3.8,9.8,0.88,5.4,0.1,0.9310723,1.580948
5788,269,2000,311,1900,6.8,10.3,0.96,7.1,3.5,0.9468111,7.401713
5789,269,2000,312,1900,6,9.6,1.01,5.1,2.6,0.9187459,7.354652
5790,269,2000,313,1320,7.2,9.1,1.02,7.5,4.4,0.933463,7.894372
5791,269,2000,314,1630,7.3,8.6,1.03,6.5,17.1,0.948423,7.559135
5792,269,2000,315,1680,5.7,8.2,0.97,5.7,24.9,0.963617,7.476011
5793,269,2000,316,2880,5.8,10.2,0.91,8.2,0.7,0.9790346,5.885284
5794,269,2000,317,810,7.9,9.5,1.01,7.5,9.2,0.994664,8
5795,269,2000,318,2220,4.3,9.4,0.96,4.2,0.4,1.010491,6.673898
5796,269,2000,319,3330,2.2,9.3,0.9,2.6,0,1.026502,4.847366
5797,269,2000,320,1500,3.5,7.1,0.86,5,0,1.042677,7.512797
5798,269,2000,321,2320,5.1,8.9,0.94,6.9,3.9,1.058999,6.33831
5799,269,2000,322,4180,1.6,7.7,0.83,3.6,4,1.024323,2.696617
5800,269,2000,323,3380,3.2,7.9,0.85,6.5,2.2,1.039163,4.275086
5801,269,2000,324,1210,7.5,10.8,1.1,7.2,4.3,1.054044,7.715755
5802,269,2000,325,1930,4,7.8,0.88,4.8,3.1,1.06894,6.709606
5803,269,2000,326,1970,3.7,7.5,0.8,5.9,1.4,1.083824,6.608431
5804,269,2000,327,2640,6.4,10.6,0.97,7.8,1.8,1.098668,5.298731
5805,269,2000,328,1070,4.6,10.6,0.99,4.3,5.1,1.113442,7.799817
5806,269,2000,329,2300,4.2,9.2,0.92,5.1,0.3,1.128114,5.81466
5807,269,2000,330,1960,4.1,8.9,0.89,6.7,7.7,1.142652,6.386744
5808,269,2000,331,1980,5.8,8.8,0.95,6.5,4.3,1.157019,6.281747
5809,269,2000,332,3660,4.8,8.6,0.92,5.2,1,1.17118,2.274494
5810,269,2000,333,810,6.7,14.1,1.19,5.9,3.3,1.185096,8
5811,269,2000,334,2990,9.7,13.7,1.21,5.2,0,1.198729,3.703702
5812,269,2000,335,3560,8,11.7,1.13,3.7,0,1.152804,1.997962
5813,269,2000,336,1530,9.7,13.1,1.2,6.4,0.7,1.164385,6.84019
5814,269,2000,337,2080,9,12.5,1.23,3.9,2,1.175584,5.679493
5815,269,2000,338,2320,5.2,10.9,1.02,4.1,4.2,1.186362,5.124949
5816,269,2000,339,1920,4.8,9.1,0.9,6.8,0.2,1.196684,6.008186
5817,269,2000,340,2660,6.3,12.3,1.01,6.1,0.1,1.206514,4.128719
5818,269,2000,341,1110,8.1,11.8,1.13,5.4,2.1,1.215816,7.454488
5819,269,2000,342,1840,7,11.4,1.09,4.8,0.9,1.224556,6.017747
5820,269,2000,343,1340,9.9,14.1,1.12,8.3,0.6,1.232701,7.009794
5821,269,2000,344,2420,7.7,10.6,1,7.4,0,1.240217,4.541217
5822,269,2000,345,950,7.2,11.3,1.03,7.4,9.1,1.247076,7.672745
5823,269,2000,346,1830,9.1,13,1.16,7.8,10.1,1.253249,5.904829
5824,269,2000,347,330,12.2,13.6,1.38,8,5.9,1.258711,8
5825,269,2000,348,1270,8.8,12.7,1.03,11.6,6.9,1.263437,7.078979
5826,269,2000,349,1970,5,9.5,0.9,5.8,1.1,1.267408,5.57502
5827,269,2000,350,1410,3.4,7.3,0.8,6.3,11.8,1.270606,6.824456
5828,269,2000,351,2210,3.1,6.4,0.77,4.4,6.5,1.273017,4.9859
5829,269,2000,352,1550,0.3,5.7,0.73,2.8,0,1.274631,6.541313
5830,269,2000,353,970,0,4,0.68,2.3,0,1.275439,7.631517
5831,269,2000,354,3750,-1,3.1,0.64,3.4,0,1.275439,0.1652053
5832,269,2000,355,3000,-0.7,2.5,0.54,5.8,0,1.274631,2.837418
5833,269,2000,356,3300,-3,1.7,0.41,4.2,0,1.273017,2.007755
5834,269,2000,357,4540,-6,1.7,0.42,2,0,1.270606,0
5835,269,2000,358,2270,-6.9,0.3,0.43,1.7,0,1.267408,5.018296
5836,269,2000,359,400,-0.2,0.6,0.58,3.9,11.5,1.263437,8
5837,269,2000,360,2580,-3.8,0.8,0.45,6.8,0,1.258711,4.255302
5838,269,2000,361,2340,-4.8,-1.5,0.4,5.8,0,1.253249,4.943349
5839,269,2000,362,1100,-1.6,-0.8,0.51,3.7,2.8,1.247076,7.490298
5840,269,2000,363,1890,-1.2,2.6,0.59,4.4,2.5,1.240217,5.982202
5841,269,2000,364,1830,-1.4,1.5,0.56,6.1,10.1,1.232701,6.151981
5842,269,2000,365,1950,-1.5,2.6,0.59,3.4,3.8,1.224556,5.92049
5843,269,2000,366,3170,-7.2,1.2,0.45,4,0,1.215816,2.957221
5844,269,2001,1,1010,0.9,4.5,0.68,7.8,5.5,1.215816,7.665778
5845,269,2001,2,2270,4,10.1,0.89,7.3,0,1.206514,5.184134
5846,269,2001,3,2880,3.7,9.8,0.9,5.9,3,1.196684,3.680156
5847,269,2001,4,950,5.4,8.8,0.95,7.6,3.2,1.186362,7.776519
5848,269,2001,5,260,6.3,10.3,1.05,7.3,13.4,1.175584,8
5849,269,2001,6,2310,4.2,7.2,0.86,4.7,2,1.164385,5.342388
5850,269,2001,7,1190,3.2,6.6,0.82,5.4,0,1.152804,7.490291
5851,269,2001,8,1050,1.5,5.5,0.75,4.7,2,1.198729,7.723299
5852,269,2001,9,3040,0.7,6.4,0.76,2.7,0,1.185096,3.917046
5853,269,2001,10,1920,0.4,3.6,0.67,5,0,1.17118,6.417239
5854,269,2001,11,4430,-1.8,2.9,0.56,5.3,0,1.157019,0.5508271
5855,269,2001,12,1780,-3.4,3.1,0.58,1.9,0,1.142652,6.775347
5856,269,2001,13,3610,-3.5,-0.4,0.5,4,0,1.128114,3.184017
5857,269,2001,14,740,-4.8,0.1,0.48,4.1,0,1.113442,8
5858,269,2001,15,5950,-4.3,0.2,0.47,4.9,0,1.098668,0
5859,269,2001,16,6450,-6.2,-0.6,0.44,2.6,0,1.083824,0
5860,269,2001,17,4340,-8.3,-2.1,0.38,1.5,0,1.06894,2.169741
5861,269,2001,18,560,-8.6,-0.1,0.42,1.5,0.2,1.054044,8
5862,269,2001,19,1390,-1.4,0.6,0.59,1,0,1.039163,7.587413
5863,269,2001,20,810,-0.5,0.5,0.59,2,0.7,1.024323,8
5864,269,2001,21,2880,-0.7,1.3,0.58,4,2.2,1.058999,5.569329
5865,269,2001,22,1620,-0.1,5.1,0.7,4.1,1.3,1.042677,7.40274
5866,269,2001,23,2250,4.5,9.9,0.99,6.7,2.6,1.026502,6.587236
5867,269,2001,24,3270,3.7,11.6,0.95,7,2.6,1.010491,5.091914
5868,269,2001,25,1630,2.8,8,0.86,5.1,1.7,0.994664,7.483251
5869,269,2001,26,1720,2.3,6,0.78,5.4,0.9,0.9790346,7.430305
5870,269,2001,27,880,2.9,5,0.76,3.9,5.9,0.963617,8
5871,269,2001,28,3130,2.3,6.7,0.81,3,5.9,0.948423,5.759759
5872,269,2001,29,4920,-1.3,6.2,0.66,1.3,0,0.933463,3.027227
5873,269,2001,30,4410,-2.2,5.1,0.65,1.7,0,0.9187459,4.091533
5874,269,2001,31,3960,-0.6,5.1,0.69,1.9,0,0.9468111,4.914795
5875,269,2001,32,4200,-1.2,4.9,0.66,2.1,0,0.9310723,4.70035
5876,269,2001,33,1280,-0.9,1,0.59,3.3,3.4,0.9156522,8
5877,269,2001,34,2590,-2,-0.3,0.54,4.8,8.7,0.9005538,6.924504
5878,269,2001,35,2350,-3.1,6.6,0.67,4.3,22.8,0.8857786,7.190424
5879,269,2001,36,1700,4.8,10,1.01,6.5,4.7,0.8713273,7.768669
5880,269,2001,37,1200,7.5,12.4,1.15,7.6,8.5,0.8571998,8
5881,269,2001,38,2740,8,11.1,1.08,6.1,3.2,0.843395,6.909738
5882,269,2001,39,1750,3.2,11,0.93,6.3,15.6,0.829911,7.822687
5883,269,2001,40,4960,-1.1,6.2,0.63,2.5,0,0.853331,4.733836
5884,269,2001,41,7650,-2.3,6.6,0.63,3.7,0.5,0.8391428,1.055031
5885,269,2001,42,1890,5,12.3,1.04,7.9,0.1,0.8253233,7.796541
5886,269,2001,43,1840,5.2,12.4,1.05,5.8,3.5,0.8118664,7.858689
5887,269,2001,44,7380,0.1,8.5,0.79,3.4,0,0.7987658,2.077244
5888,269,2001,45,5460,-0.2,6.7,0.75,1.8,0,0.7860145,4.741917
5889,269,2001,46,8580,-0.5,12.4,0.89,1.6,0,0.7736058,0.7225079
5890,269,2001,47,1880,0.2,5.2,0.73,3,1.4,0.7615323,7.956694
5891,269,2001,48,2620,2.5,5.1,0.75,3.9,0,0.7819394,7.51103
5892,269,2001,49,5020,1.5,7.6,0.78,2.9,0,0.7693533,5.631922
5893,269,2001,50,3700,2.1,6.2,0.78,4.4,0.4,0.7571323,6.824265
5894,269,2001,51,5900,3.4,7.8,0.84,4.3,0,0.7452664,4.98431
5895,269,2001,52,4770,4.6,9,0.92,4.5,1.2,0.7337458,6.081026
5896,269,2001,53,9220,3.2,8,0.8,6.3,3,0.7225609,1.661428
5897,269,2001,54,8600,-0.8,5.2,0.6,3.5,3.3,0.7117022,2.736968
5898,269,2001,55,12510,-5.4,1.4,0.44,3.4,1.6,0.7011604,0
5899,269,2001,56,7290,-3.1,4.6,0.61,3.8,1.2,0.7190148,4.380438
5900,269,2001,57,8270,-0.3,5.7,0.66,3.6,0,0.7080988,3.562627
5901,269,2001,58,7740,-0.6,5.4,0.56,4.6,0,0.6975169,4.261371
5902,269,2001,59,4270,1,6.3,0.68,2.5,0.4,0.6872585,6.937314
5903,269,2001,60,3190,0.2,2.7,0.65,2.7,0,0.677313,7.593628
5904,269,2001,61,8740,-2.4,3.8,0.58,4.1,0,0.6676702,3.777921
5905,269,2001,62,7060,-3.5,0.2,0.43,4.6,0,0.6583203,5.333006
5906,269,2001,63,4360,-1.6,3.2,0.57,4.5,0,0.674655,7.092232
5907,269,2001,64,5040,-0.8,4.6,0.55,2.2,0,0.6650076,6.761842
5908,269,2001,65,12550,-2.2,9.1,0.59,4.2,0,0.6556639,0.8682894
5909,269,2001,66,5220,1.7,12.1,0.91,3.8,2.5,0.6466133,6.696673
5910,269,2001,67,2460,5.8,10.6,1.07,4,2.1,0.6378454,8
5911,269,2001,68,2950,7.7,10.8,1.12,5.5,0,0.6293505,7.876257
5912,269,2001,69,3180,8.6,11.3,1.2,5.3,2,0.6211191,7.796388
5913,269,2001,70,5240,8.3,13.5,1.27,5.3,4,0.6361355,6.835553
5914,269,2001,71,12310,3.7,12.9,0.9,5.5,3,0.6276647,2.090187
5915,269,2001,72,3920,4.3,7.8,0.84,5.9,1.8,0.6194641,7.586565
5916,269,2001,73,7970,0.3,8.5,0.73,4.8,0,0.6115237,5.581983
5917,269,2001,74,8450,-0.5,11,0.79,1.6,0,0.6038343,5.355409
5918,269,2001,75,6820,3.5,8.4,0.83,4.3,0,0.5963868,6.337856
5919,269,2001,76,1510,1.8,3.5,0.69,7.7,10.2,0.5891726,8
5920,269,2001,77,2170,1.5,3.7,0.72,3.8,4.2,0.5821833,8
5921,269,2001,78,8450,-0.2,4.9,0.61,6.3,3.2,0.5956537,5.718364
5922,269,2001,79,9380,-1.8,6.1,0.56,2.8,0,0.5884819,5.300419
5923,269,2001,80,3140,-0.6,1.1,0.56,5.8,7.3,0.5815388,8
5924,269,2001,81,4570,0.2,3.9,0.69,2.5,0,0.5748159,7.583316
5925,269,2001,82,1360,3,7,0.86,4,19.5,0.5683055,8
5926,269,2001,83,8580,2.8,8.5,0.89,4.7,0,0.5619997,5.906468
5927,269,2001,84,3610,1.7,3.8,0.68,7.2,0,0.5558914,7.967172
5928,269,2001,85,7110,0.9,3.9,0.62,4,0,0.5684729,6.733684
5929,269,2001,86,7240,-0.3,5.1,0.57,6,0,0.5622141,6.731613
5930,269,2001,87,7680,1.7,11.7,0.81,6.5,0.8,0.5561551,6.544539
5931,269,2001,88,5070,3,9.7,0.92,2.7,3.6,0.5502887,7.552675
5932,269,2001,89,8070,1.9,10.2,0.86,2.9,0,0.5446078,6.461002
5933,269,2001,90,7010,2.2,12.9,0.88,5.7,0,0.5391059,6.919939
5934,269,2001,91,8630,5.5,14.6,1.12,3.2,0,0.5337767,6.269576
5935,269,2001,92,18300,4.9,21.5,1.09,3.9,0,0.5456155,0.9828127
5936,269,2001,93,12320,7.8,15.4,1.02,4.8,0,0.5401617,4.694959
5937,269,2001,94,6820,5.9,12.4,0.94,7.3,4,0.5348822,7.107515
5938,269,2001,95,11750,6.1,11.7,0.91,7,5.1,0.5297707,5.149859
5939,269,2001,96,8290,7.7,13.4,1.12,6.3,3.3,0.5248214,6.61602
5940,269,2001,97,12670,5.3,12.3,0.96,4,3.4,0.5200285,4.83966
5941,269,2001,98,9050,2,9.9,0.81,3.9,0.7,0.5153867,6.46001
5942,269,2001,99,8940,3.9,10.2,0.88,4,0,0.5108907,6.525181
5943,269,2001,100,11030,7.1,11,1.08,4.5,0.9,0.521868,5.713965
5944,269,2001,101,15070,5.7,12.1,0.95,5.4,0.3,0.5172753,3.985371
5945,269,2001,102,15020,3.4,8.4,0.68,5.8,0.4,0.5128295,4.199605
5946,269,2001,103,17190,-0.3,8.1,0.44,5.3,0,0.5085257,3.367216
5947,269,2001,104,9030,-3,5.5,0.52,4.3,7.8,0.5043589,6.7323
5948,269,2001,105,6990,4.9,9.6,0.93,6,4.3,0.5003246,7.326995
5949,269,2001,106,12690,5.1,9.8,0.91,5.5,5,0.4964183,5.385665
5950,269,2001,107,10040,4.7,8.3,0.76,4.7,0.6,0.5069366,6.442369
5951,269,2001,108,14360,2.2,8,0.75,7,9.1,0.5029512,4.860365
5952,269,2001,109,15610,1,7.1,0.72,4.5,8.3,0.4990948,4.403416
5953,269,2001,110,12260,1.7,8.9,0.79,2.3,3.6,0.4953631,5.765738
5954,269,2001,111,17400,1.3,10.5,0.78,4,0,0.4917521,3.72281
5955,269,2001,112,18700,-0.6,12.4,0.72,1.8,0,0.4882578,3.230658
5956,269,2001,113,15410,1.6,12.8,0.74,2,0,0.4848763,4.715046
5957,269,2001,114,14370,4.2,16.1,0.91,4,0.4,0.4816042,5.119871
5958,269,2001,115,6500,6.2,13.3,1.12,2.9,19,0.4915944,7.611532
5959,269,2001,116,12800,7.9,13.3,1.09,6.7,3.9,0.4882636,5.737766
5960,269,2001,117,9970,7.8,13.4,1.13,3.8,7.5,0.4850432,6.688997
5961,269,2001,118,10890,5.9,13.1,1.02,5.6,3.8,0.4819296,6.448903
5962,269,2001,119,20310,5.5,17.4,1.03,4.3,0,0.4789195,2.857843
5963,269,2001,120,15780,9,17.5,1.34,3.5,4.5,0.4760096,4.736255
5964,269,2001,121,12050,6.7,12.1,1.01,7.6,0,0.4731969,6.16822
5965,269,2001,122,22570,5.7,20.1,1.1,6.1,0,0.4704785,1.987761
5966,269,2001,123,7720,8.3,15.3,1.18,3.6,4.4,0.4678514,7.412083
5967,269,2001,124,8990,5.5,10.6,0.92,4.8,2.4,0.4773439,7.130562
5968,269,2001,125,19870,4.7,11.4,0.8,6.5,0,0.4746808,3.53278
5969,269,2001,126,17900,6.6,14.8,0.94,6.8,0,0.4721102,4.310505
5970,269,2001,127,26570,6.4,16.5,0.96,5.8,0,0.4696294,0.5080676
5971,269,2001,128,22800,6,15.2,0.97,4,0,0.4672358,2.369222
5972,269,2001,129,25700,9.5,23.3,1.31,4.5,0,0.4649269,0.8950207
5973,269,2001,130,26090,9.8,25.7,1.2,4.6,0,0.4627003,0.840005
5974,269,2001,131,27170,10.2,25.9,1.24,3.9,0,0.4605537,0.356503
5975,269,2001,132,27360,10.9,25,1.17,4,0,0.4584847,0.3816609
5976,269,2001,133,25510,10.6,25.1,1.17,3.3,0,0.4676989,1.347133
5977,269,2001,134,11400,12,21.5,1.53,2.5,7.9,0.4656148,6.571531
5978,269,2001,135,17350,10.2,17.9,1.35,4,3,0.46361,4.733618
5979,269,2001,136,11850,10.6,17.6,1.45,5.9,23.7,0.4616822,6.488667
5980,269,2001,137,15590,9.1,16.5,1.17,8.2,3.6,0.4598295,5.428538
5981,269,2001,138,11490,9.3,14,1.18,5.5,1.1,0.4580498,6.654077
5982,269,2001,139,24720,7.3,15.6,1.12,3.9,0,0.4563412,2.064321
5983,269,2001,140,25790,5.9,17.3,1.04,2.6,0,0.4547021,1.687262
5984,269,2001,141,22310,7.5,17.1,1.06,4.7,0,0.4531306,3.173309
5985,269,2001,142,28970,7.7,20,1.09,4.9,0,0.451625,0.3068817
5986,269,2001,143,28840,8.3,23.1,1.18,4,0,0.4607171,0.3669565
5987,269,2001,144,28160,10.2,20.9,1.25,4.9,0,0.4592205,0.6967372
5988,269,2001,145,29820,7.7,20.8,1.06,3.4,0,0.4577919,0.08458381
5989,269,2001,146,22680,8.4,22.7,1.18,3,0,0.4564298,3.149528
5990,269,2001,147,8640,11.7,17.6,1.43,4.9,0.7,0.4551327,7.412395
5991,269,2001,148,9420,15.8,20.3,1.8,6.2,0.1,0.453899,7.212784
5992,269,2001,149,27790,11.5,19.1,1.27,6.3,0,0.4527275,1.070613
5993,269,2001,150,25710,9,21.6,1.18,2.8,0,0.4516167,2.048952
5994,269,2001,151,23540,9.9,16.9,1.18,5.7,0.5,0.4505656,2.952538
5995,269,2001,152,16880,10.9,17.1,1.26,5,3.2,0.4495727,5.283621
5996,269,2001,153,8580,7.9,14.6,1.17,6.8,16,0.4486372,7.477776
5997,269,2001,154,11170,7.4,11.8,0.92,7.8,4.7,0.4477578,6.927928
5998,269,2001,155,15790,7.4,15.8,1.08,4.9,0,0.4469337,5.687053
5999,269,2001,156,20030,7.4,20,1.16,3,0,0.4461639,4.33612
6000,269,2001,157,20630,11.6,20.4,1.36,4.8,1.7,0.4454475,4.081516
6001,269,2001,158,22970,9,15.4,1,6.8,2.3,0.4447838,3.37897
6002,269,2001,159,28640,6.6,15.9,0.92,4.3,0,0.4441721,1.182137
6003,269,2001,160,27230,4.7,16.7,0.76,1.9,0,0.4533817,1.88647
6004,269,2001,161,22600,8.9,17.4,0.95,2.5,0,0.4528294,3.571773
6005,269,2001,162,22830,8.1,16,0.99,4.3,0,0.4523328,3.482583
6006,269,2001,163,23680,12.5,18,1.16,3.7,0,0.4518908,3.109492
6007,269,2001,164,21730,11.2,18.7,1.22,3.3,0,0.4515028,3.808693
6008,269,2001,165,29230,8.9,20.4,1.12,3.5,0,0.4511678,0.8938689
6009,269,2001,166,16960,13.2,21.9,1.55,2.7,9.4,0.4508853,5.314019
6010,269,2001,167,15530,12.6,19.8,1.64,3,18.3,0.4506548,5.729152
6011,269,2001,168,11220,13.7,18.5,1.68,3.8,6.3,0.4504759,6.878174
6012,269,2001,169,12400,11.1,15.8,1.23,5.3,0,0.4503484,6.640088
6013,269,2001,170,23850,8.4,18.5,1.13,2.3,0,0.4502719,3.090556
6014,269,2001,171,23780,9.7,22.2,1.31,3.9,0,0.4502464,3.046016
6015,269,2001,172,25090,12.2,17.7,1.26,4.4,0,0.4502719,2.55855
6016,269,2001,173,13250,11.8,16.6,1.28,5.5,0.6,0.4503484,6.415187
6017,269,2001,174,23720,9.9,19.8,1.3,1.9,0,0.4504759,3.063656
6018,269,2001,175,25070,9,23.5,1.42,2.3,0,0.4506548,2.486993
6019,269,2001,176,29300,10.1,23.5,1.45,3.3,0,0.4508853,0.6758092
6020,269,2001,177,28250,10.9,26.5,1.47,3.8,0,0.4511678,1.119049
6021,269,2001,178,11460,16.2,23.2,1.86,3.9,0,0.4515028,6.79052
6022,269,2001,179,21640,13.5,22.5,1.57,4.3,0,0.4518908,3.709083
6023,269,2001,180,20100,13.1,23.3,1.63,3.7,0.7,0.4523328,4.232008
6024,269,2001,181,16250,14.6,21.4,1.8,3.3,9.4,0.4528294,5.450306
6025,269,2001,182,26440,12.5,20.1,1.48,4.1,0,0.4533817,1.813916
6026,269,2001,183,20480,11.9,23.1,1.64,1.8,0,0.4441721,4.061098
6027,269,2001,184,28500,13.2,23.7,1.7,3.9,0,0.4447838,0.7699168
6028,269,2001,185,29510,13.9,26.7,1.57,4.8,0,0.4454475,0.3421823
6029,269,2001,186,28380,16.2,29.5,1.92,3.5,0,0.4461639,0.6721085
6030,269,2001,187,23120,17.4,29.6,2.06,3.4,0,0.4469337,2.872923
6031,269,2001,188,14000,17.5,24.6,2.12,4,16.3,0.4477578,6.013033
6032,269,2001,189,8240,17.2,20.4,2.11,4.8,3.6,0.4486372,7.480792
6033,269,2001,190,18310,13.4,20.1,1.58,4,0,0.4495727,4.721468
6034,269,2001,191,14030,14.2,23.5,1.89,5,5.7,0.4505656,6.001444
6035,269,2001,192,11720,13,18.2,1.47,8.6,19.1,0.4516167,6.680096
6036,269,2001,193,17430,12.1,19.2,1.48,5.8,7.9,0.4527275,4.984937
6037,269,2001,194,14670,11.8,18.6,1.52,5.1,7.6,0.453899,5.828158
6038,269,2001,195,8240,11.5,17.3,1.49,2.5,5.1,0.4551327,7.486193
6039,269,2001,196,15640,9.8,18.7,1.4,3,0.9,0.4564298,5.52123
6040,269,2001,197,23570,8.7,19.1,1.3,1.6,0,0.4577919,2.658751
6041,269,2001,198,18960,8.2,20.8,1.3,3.7,1.4,0.4592205,4.393081
6042,269,2001,199,12940,14.3,19.2,1.68,5,28.5,0.4607171,6.235268
6043,269,2001,200,15500,11.9,19.2,1.57,3.9,0.7,0.451625,5.45417
6044,269,2001,201,11730,9.8,18.3,1.41,4.1,3.2,0.4531306,6.579897
6045,269,2001,202,8920,9.8,17.7,1.42,5,1.8,0.4547021,7.281164
6046,269,2001,203,22700,13.3,23.3,1.73,3.5,0,0.4563412,2.613968
6047,269,2001,204,15610,12.8,22.8,1.81,1.9,1.2,0.4580498,5.280451
6048,269,2001,205,22130,13.6,23.7,1.91,2,0,0.4598295,2.706765
6049,269,2001,206,25920,12.8,24.1,1.76,2.4,0,0.4616822,0.9635144
6050,269,2001,207,25450,13.9,26.4,1.75,3,0,0.46361,1.130483
6051,269,2001,208,15090,15.8,27.7,2.16,3.1,4,0.4656148,5.289903
6052,269,2001,209,24650,14.6,23.6,1.95,3,0.2,0.4676989,1.301848
6053,269,2001,210,24840,12.4,26.2,1.77,2,0,0.4584847,1.21378
6054,269,2001,211,24570,16,24.1,1.85,3.1,0,0.4605537,1.241585
6055,269,2001,212,16300,15.8,23.7,1.91,4,0,0.4627003,4.766298
6056,269,2001,213,17970,12.5,20.6,1.39,3.1,0,0.4649269,4.211023
6057,269,2001,214,18690,11.2,25.6,1.65,3.4,3.6,0.4672358,3.800164
6058,269,2001,215,15140,14.2,22.1,1.77,5.2,0.1,0.4696294,5.114215
6059,269,2001,216,20880,12.4,20.8,1.51,5,2.5,0.4721102,2.783881
6060,269,2001,217,18730,11.5,19.5,1.48,5,12.8,0.4746808,3.67867
6061,269,2001,218,11380,11,21.1,1.62,4.8,7.1,0.4773439,6.327737
6062,269,2001,219,12950,15.5,21.4,1.91,4,25.7,0.4678514,5.735662
6063,269,2001,220,12910,13.3,19.3,1.61,7.6,18.3,0.4704785,5.764741
6064,269,2001,221,11850,12.7,19.1,1.66,2.6,2.2,0.4731969,6.086716
6065,269,2001,222,15250,12.5,17.8,1.46,3.3,19.4,0.4760096,4.851977
6066,269,2001,223,15650,8.7,20.8,1.33,3.9,1.6,0.4789195,4.678574
6067,269,2001,224,5340,14.2,17.9,1.61,6.7,8,0.4819296,7.881444
6068,269,2001,225,3240,16.3,19.6,1.89,4.8,0.3,0.4850432,8
6069,269,2001,226,20950,15.6,27.1,2.11,3.1,0,0.4882636,1.754097
6070,269,2001,227,20550,16.3,30.2,2.23,2.5,0,0.4915944,1.832014
6071,269,2001,228,14980,12.6,22.2,1.63,5.3,4.5,0.4816042,4.618758
6072,269,2001,229,20890,12,22.7,1.59,3.3,0,0.4848763,1.696682
6073,269,2001,230,14190,13.1,24.1,1.84,3.8,1.6,0.4882578,4.797337
6074,269,2001,231,15570,15.7,23.1,1.85,5,2,0.4917521,4.120695
6075,269,2001,232,14800,12.2,21.6,1.68,3.3,0.5,0.4953631,4.449141
6076,269,2001,233,18360,10.7,24.2,1.73,1.9,0,0.4990948,2.612505
6077,269,2001,234,17000,14.8,28.2,2.18,1.9,10.6,0.5029512,3.099993
6078,269,2001,235,16800,17.5,27.2,2.22,2,0,0.5069366,3.105675
6079,269,2001,236,16630,17.7,28.6,2.33,1.5,0,0.4964183,3.075895
6080,269,2001,237,19560,16.3,30.8,2.29,1.8,0,0.5003246,1.289194
6081,269,2001,238,12580,18.3,26.9,2.36,3.2,14.2,0.5043589,4.947969
6082,269,2001,239,19250,13,19.5,1.4,4.7,0.3,0.5085257,1.600545
6083,269,2001,240,14570,10.9,18.9,1.31,3.3,0,0.5128295,4.098003
6084,269,2001,241,19180,8.1,20.2,1.34,2.4,0,0.5172753,1.419406
6085,269,2001,242,11620,10.9,20.7,1.49,2.4,0,0.521868,5.311421
6086,269,2001,243,9380,12.1,19.4,1.63,2.5,1.2,0.5108907,6.193301
6087,269,2001,244,11000,10.8,19.2,1.45,3.4,0.7,0.5153867,5.482525
6088,269,2001,245,3350,11.4,18.4,1.61,4.6,15.1,0.5200285,8
6089,269,2001,246,5090,13.3,17.2,1.61,3.5,17.5,0.5248214,7.641304
6090,269,2001,247,10190,12,17.3,1.5,5.6,31,0.5297707,5.667431
6091,269,2001,248,13200,12.8,17.1,1.39,5.1,0.9,0.5348822,4.116034
6092,269,2001,249,13430,12.9,18.9,1.59,3.4,0,0.5401617,3.835009
6093,269,2001,250,8680,12.8,17.7,1.49,6,5.2,0.5456155,6.186912
6094,269,2001,251,14180,9.7,16.5,1.22,8.1,6.6,0.5337767,3.315593
6095,269,2001,252,14840,10.6,16,1.16,7.7,3.1,0.5391059,2.814241
6096,269,2001,253,9400,11.4,15.8,1.25,7.4,1.3,0.5446078,5.73562
6097,269,2001,254,6590,12,15.2,1.25,5.6,0.7,0.5502887,6.929365
6098,269,2001,255,6930,13.1,17.3,1.52,4.4,1.2,0.5561551,6.717751
6099,269,2001,256,9990,10.2,16.7,1.34,4.3,9.7,0.5622141,5.212578
6100,269,2001,257,11040,9.2,16.5,1.31,3.2,0.1,0.5684729,4.546612
6101,269,2001,258,11000,9.3,15.7,1.26,5.8,14.2,0.5558914,4.492791
6102,269,2001,259,10840,8.4,15,1.21,4,3.7,0.5619997,4.509962
6103,269,2001,260,6410,8.8,14.9,1.29,3.2,23.8,0.5683055,6.766711
6104,269,2001,261,7980,8.9,14.1,1.24,2.5,0,0.5748159,5.958077
6105,269,2001,262,2360,10.2,13,1.24,6.6,17.6,0.5815388,8
6106,269,2001,263,5120,10.8,14.6,1.35,2.9,0.1,0.5884819,7.215069
6107,269,2001,264,14930,10.9,16.3,1.32,5,0,0.5956537,0.7565538
6108,269,2001,265,6740,11.5,15.9,1.4,4.7,12.5,0.5821833,6.345723
6109,269,2001,266,11970,11.1,16.2,1.39,4.3,0.1,0.5891726,2.825863
6110,269,2001,267,5940,7.4,16.1,1.26,4.2,0.1,0.5963868,6.67666
6111,269,2001,268,8560,6.6,17.1,1.28,1.3,0,0.6038343,5.079259
6112,269,2001,269,9450,8,17.1,1.34,2.3,1.1,0.6115237,4.348929
6113,269,2001,270,6940,12.4,17.7,1.56,4,3.2,0.6194641,5.888048
6114,269,2001,271,12520,10.2,20.7,1.53,3.4,0,0.6276647,1.420582
6115,269,2001,272,9750,8.9,19.7,1.47,2.6,1.7,0.6361355,3.710909
6116,269,2001,273,9530,15,18.6,1.7,5.3,1.6,0.6211191,3.680964
6117,269,2001,274,5220,15.3,18.4,1.61,8.8,1.3,0.6293505,6.666131
6118,269,2001,275,2490,14,19.9,1.76,6.7,8.7,0.6378454,8
6119,269,2001,276,9940,12.6,18.7,1.53,6.2,0,0.6466133,2.925011
6120,269,2001,277,7470,11.5,17.6,1.47,5.3,0.1,0.6556639,4.925588
6121,269,2001,278,9840,10.6,18.2,1.43,3.6,0,0.6650076,2.721422
6122,269,2001,279,6670,10.7,19.5,1.55,4.1,14,0.674655,5.332404
6123,269,2001,280,7610,13.1,17.5,1.5,6.1,0.3,0.6583203,4.46134
6124,269,2001,281,7200,12.6,16.9,1.34,8.4,0.3,0.6676702,4.739873
6125,269,2001,282,6060,12.8,16.6,1.41,8.4,2.4,0.677313,5.560134
6126,269,2001,283,7300,11.1,16.4,1.35,7.2,0,0.6872585,4.403665
6127,269,2001,284,3580,13.2,16.7,1.6,5.8,2.5,0.6975169,7.176637
6128,269,2001,285,9790,9.6,19.8,1.46,3,0,0.7080988,1.35071
6129,269,2001,286,8380,11.4,22.7,1.75,2.5,0,0.7190148,2.687471
6130,269,2001,287,6720,11.7,20.8,1.68,3.5,0.1,0.7011604,4.345745
6131,269,2001,288,7200,14,21.3,1.74,4.2,0.8,0.7117022,3.672807
6132,269,2001,289,9170,8.2,17.7,1.28,2.3,0,0.7225609,1.286922
6133,269,2001,290,7850,8.5,18,1.36,3,0,0.7337458,2.705541
6134,269,2001,291,6740,10.4,18.9,1.52,2.6,3,0.7452664,3.788472
6135,269,2001,292,5390,12.7,19.1,1.7,2.4,2.1,0.7571323,5.084014
6136,269,2001,293,6560,11.7,19.5,1.47,3,0,0.7693533,3.701509
6137,269,2001,294,3040,12.4,15.4,1.41,3.4,0.6,0.7819394,7.112148
6138,269,2001,295,1030,8.5,14.3,1.21,4.6,0,0.7615323,8
6139,269,2001,296,1250,8.5,13.6,1.26,3.4,11.8,0.7736058,8
6140,269,2001,297,4240,10.3,14.1,1.35,4,1,0.7860145,5.834318
6141,269,2001,298,5830,8.5,16.1,1.33,3.9,0,0.7987658,3.857862
6142,269,2001,299,6130,10.5,15.4,1.33,6,0,0.8118664,3.280938
6143,269,2001,300,5410,9.7,16,1.35,5.4,1.5,0.8253233,4.096278
6144,269,2001,301,6520,7.7,15,1.22,3.6,0,0.8391428,2.360079
6145,269,2001,302,2880,6.8,14.4,1.14,5.9,0,0.853331,6.855754
6146,269,2001,303,6320,13.1,17.9,1.43,8.3,0,0.829911,2.13747
6147,269,2001,304,3950,8.6,15.2,1.12,8.6,5.8,0.843395,5.533177
6148,269,2001,305,5490,5.1,12.7,0.92,4.2,0,0.8571998,3.321584
6149,269,2001,306,5600,5.9,14.1,1.08,3.4,0,0.8713273,2.876298
6150,269,2001,307,2370,8.5,12.8,1.14,3.1,0,0.8857786,7.084708
6151,269,2001,308,2050,8.3,11.5,1.06,4.5,3,0.9005538,7.365397
6152,269,2001,309,4920,5.8,10.8,0.87,4,0,0.9156522,3.55885
6153,269,2001,310,3660,6.1,13.2,1.03,6.2,2.7,0.9310723,5.305008
6154,269,2001,311,1820,7.3,10.5,1.05,4,6,0.9468111,7.47296
6155,269,2001,312,2410,3,10.3,0.85,6.1,15.2,0.9187459,6.809277
6156,269,2001,313,4160,-1,7,0.69,2.6,6.7,0.933463,4.278227
6157,269,2001,314,3440,-1.2,6.2,0.62,5.2,0,0.948423,5.327499
6158,269,2001,315,1240,3.4,8.5,0.88,4.3,0.4,0.963617,7.929737
6159,269,2001,316,1510,7.3,11.2,1.14,3.9,4.3,0.9790346,7.609271
6160,269,2001,317,3950,4.2,8.1,0.77,4.1,1.2,0.994664,4.029648
6161,269,2001,318,5400,-0.2,7.8,0.67,3.5,0,1.010491,0.8277958
6162,269,2001,319,5910,-2.6,6.5,0.65,2.4,0,1.026502,0
6163,269,2001,320,1640,4.5,10.6,1.01,1.7,0.1,1.042677,7.326212
6164,269,2001,321,2440,6.9,11.3,1.12,1.2,0,1.058999,6.112157
6165,269,2001,322,2510,6.1,9.7,1.04,1.3,0,1.024323,5.937336
6166,269,2001,323,2730,6.6,10.3,1.05,1.4,0.1,1.039163,5.465398
6167,269,2001,324,1370,4.9,9.5,0.92,3,0,1.054044,7.532922
6168,269,2001,325,1780,7.6,11.4,1.09,8.8,8.8,1.06894,6.90508
6169,269,2001,326,1170,3.1,11.7,0.83,7.5,6.7,1.083824,7.735752
6170,269,2001,327,3260,2.8,7.2,0.72,3.6,4.8,1.098668,4.089112
6171,269,2001,328,740,4.6,10,1,3,3,1.113442,8
6172,269,2001,329,1140,8.3,11.8,1.21,3.9,4.4,1.128114,7.667368
6173,269,2001,330,2560,1.8,8.6,0.81,1.9,1.2,1.142652,5.251089
6174,269,2001,331,4190,1.2,7.5,0.78,4.4,3.2,1.157019,1.006048
6175,269,2001,332,3030,4.3,9,0.87,4.3,0.7,1.17118,3.966425
6176,269,2001,333,430,6,10.6,1.06,6.1,13,1.185096,8
6177,269,2001,334,760,10.2,12.5,1.34,3.5,9.4,1.198729,8
6178,269,2001,335,580,6.5,13.4,1.2,4.8,3.3,1.152804,8
6179,269,2001,336,1560,4.1,9,0.93,2.3,1.4,1.164385,6.825216
6180,269,2001,337,1080,7.4,9.4,1.09,1.8,1.3,1.175584,7.582113
6181,269,2001,338,790,8.2,10.4,1.05,6.8,6.4,1.186362,7.991764
6182,269,2001,339,1960,4.7,11.9,1,6.3,3.7,1.196684,5.897147
6183,269,2001,340,3370,0.4,9.8,0.79,4.1,0,1.206514,2.181092
6184,269,2001,341,3850,-1.1,8.3,0.78,1.5,0,1.215816,0.4856007
6185,269,2001,342,3380,0,5.4,0.72,2.7,0,1.224556,1.998718
6186,269,2001,343,2150,-0.5,1.4,0.61,2.7,0,1.232701,5.410906
6187,269,2001,344,2950,-1,4.5,0.66,1.3,0,1.240217,3.209425
6188,269,2001,345,1360,1.3,6.6,0.81,1.7,0,1.247076,6.981311
6189,269,2001,346,560,2,5.1,0.79,2.9,0,1.253249,8
6190,269,2001,347,1330,-2.7,4.7,0.58,4.6,0,1.258711,7.049163
6191,269,2001,348,2920,-5,-1.5,0.39,3.7,0,1.263437,3.29132
6192,269,2001,349,730,-4.8,1.3,0.5,2.2,0.1,1.267408,8
6193,269,2001,350,2820,-3.7,1.2,0.52,2.9,0,1.270606,3.430445
6194,269,2001,351,2720,-1.8,4.4,0.66,1.9,0.2,1.273017,3.619592
6195,269,2001,352,590,-1.1,5.2,0.69,1.9,0.3,1.274631,8
6196,269,2001,353,750,3.1,5.9,0.77,4.9,7.2,1.275439,7.967854
6197,269,2001,354,2340,-0.8,4.3,0.58,4.4,1.1,1.275439,4.712932
6198,269,2001,355,260,2,7.1,0.75,7.3,9.8,1.274631,8
6199,269,2001,356,1280,-3,3.3,0.57,3.8,5,1.273017,7.111456
6200,269,2001,357,5680,-6.9,0.1,0.42,4.3,0.4,1.270606,0
6201,269,2001,358,320,-0.1,8.5,0.77,9.8,4.5,1.267408,8
6202,269,2001,359,3130,1.7,8.1,0.75,6.3,6.8,1.263437,2.385675
6203,269,2001,360,2480,0.4,3.6,0.64,4,4.1,1.258711,4.420536
6204,269,2001,361,680,-0.1,6.5,0.73,7,12.4,1.253249,8
6205,269,2001,362,1240,3.7,8,0.76,10,6.6,1.247076,7.213656
6206,269,2001,363,1410,-3.4,4.1,0.6,2.1,6.6,1.240217,6.949183
6207,269,2001,364,2110,-7.8,2,0.47,3.3,6.5,1.232701,5.568126
6208,269,2001,365,5050,-9.2,2.3,0.44,2.8,0.3,1.224556,0
6209,269,2002,1,4820,-3.5,2,0.55,5.5,0,1.215816,0
6210,269,2002,2,1740,-3.4,0.4,0.54,3.8,0,1.206514,6.438715
6211,269,2002,3,3870,-5.9,0.1,0.41,4.5,0,1.196684,1.076238
6212,269,2002,4,4430,-10,-1.4,0.29,3,0,1.186362,0
6213,269,2002,5,3590,-9.6,0.6,0.36,3,0,1.175584,2.24604
6214,269,2002,6,830,-2.3,3,0.61,2.5,0,1.164385,7.997715
6215,269,2002,7,1360,0.7,3.4,0.69,1.2,0,1.152804,7.243295
6216,269,2002,8,820,-1.1,2.2,0.61,2,0,1.198729,8
6217,269,2002,9,4660,-3.5,1.9,0.56,1.3,0,1.185096,0
6218,269,2002,10,2600,-4,1.6,0.53,2.1,0,1.17118,5.134199
6219,269,2002,11,690,0,3.3,0.66,4.1,2.2,1.157019,8
6220,269,2002,12,380,1.8,3.7,0.72,4.1,0.7,1.142652,8
6221,269,2002,13,4290,0.8,5.9,0.68,3.5,0,1.128114,1.253448
6222,269,2002,14,1080,0.7,3.3,0.68,4,0,1.113442,7.82097
6223,269,2002,15,400,2.5,4,0.74,4.3,5.8,1.098668,8
6224,269,2002,16,3760,0.5,6.5,0.76,3.4,0,1.083824,3.102339
6225,269,2002,17,1060,3.9,6.5,0.84,6.1,2.8,1.06894,7.896928
6226,269,2002,18,4170,1.3,7.3,0.78,5,2.3,1.054044,2.448662
6227,269,2002,19,2660,4.4,8.7,0.86,7.1,1.2,1.039163,5.673001
6228,269,2002,20,550,3.4,10.6,0.93,9.5,11.9,1.024323,8
6229,269,2002,21,1720,7.4,12,1.1,7.9,0.2,1.058999,7.185955
6230,269,2002,22,1630,5.6,9.5,0.92,8.1,3,1.042677,7.362975
6231,269,2002,23,1050,5.2,9,0.9,8.3,2.9,1.026502,8
6232,269,2002,24,950,4.6,10.6,0.91,10,9.2,1.010491,8
6233,269,2002,25,3330,1.6,9.2,0.78,5.8,2.2,0.994664,5.158704
6234,269,2002,26,990,8.9,11.6,1.1,13,13.6,0.9790346,8
6235,269,2002,27,3570,7.9,11.6,1.06,6.9,6.7,0.963617,4.900139
6236,269,2002,28,3710,9.7,12.8,1.07,13.8,3.4,0.948423,4.789549
6237,269,2002,29,4260,8.4,11.6,1.06,9.5,0.5,0.933463,4.004503
6238,269,2002,30,2500,8.3,11.8,1.1,6.4,0,0.9187459,6.684432
6239,269,2002,31,4820,6.1,11.4,0.93,8.8,5.2,0.9468111,3.422421
6240,269,2002,32,1970,7.5,12.8,1.04,9.6,0.1,0.9310723,7.380391
6241,269,2002,33,6420,8.8,14.7,0.88,8.5,0,0.9156522,0.9169202
6242,269,2002,34,3940,5.5,14,0.81,6,0,0.9005538,5.251886
6243,269,2002,35,1760,6.4,10.9,0.93,10,12.2,0.8857786,7.694162
6244,269,2002,36,1360,8.2,12.5,1.12,7.8,12.7,0.8713273,8
6245,269,2002,37,2880,6.4,8.8,0.91,7.2,3.8,0.8571998,6.736648
6246,269,2002,38,2950,3.3,7.5,0.8,6.9,1.1,0.843395,6.74881
6247,269,2002,39,4640,6.7,11.8,1.06,7.1,0.8,0.829911,4.84883
6248,269,2002,40,2050,6.9,12.2,1,10.3,5,0.853331,7.616835
6249,269,2002,41,3820,6.6,9.9,0.93,8.4,6.4,0.8391428,6.052784
6250,269,2002,42,640,9.4,12.4,1.17,13,18.5,0.8253233,8
6251,269,2002,43,5570,9.3,12.6,1.06,9.9,0.9,0.8118664,4.212671
6252,269,2002,44,4850,3.6,9.8,0.86,3.1,0,0.7987658,5.25943
6253,269,2002,45,9190,-1.5,5,0.55,6.3,0,0.7860145,0
6254,269,2002,46,8960,-3.9,5.3,0.52,4.2,0,0.7736058,0.4835918
6255,269,2002,47,9900,-4,6.9,0.56,4,0,0.7615323,0
6256,269,2002,48,10110,-5,6.2,0.54,2.1,0,0.7819394,0
6257,269,2002,49,6210,1.7,8,0.75,5.6,1.2,0.7693533,4.44911
6258,269,2002,50,5820,2.9,8.3,0.78,8.1,8.6,0.7571323,4.966727
6259,269,2002,51,7210,2.1,9.6,0.76,8.6,16.6,0.7452664,3.653561
6260,269,2002,52,8940,1.1,5.9,0.51,6.5,0,0.7337458,2.004091
6261,269,2002,53,3400,1.9,11.3,0.8,11.2,12.7,0.7225609,7.187512
6262,269,2002,54,4550,0.4,6.7,0.58,10.4,4.1,0.7117022,6.48026
6263,269,2002,55,7990,0.5,6.4,0.66,6,4.9,0.7011604,3.524762
6264,269,2002,56,1840,2.7,10.3,0.93,5.3,10.6,0.7190148,8
6265,269,2002,57,6350,7.1,11.7,0.97,13.1,13,0.7080988,5.198772
6266,269,2002,58,7850,3.7,9,0.71,10.5,6.3,0.6975169,4.086616
6267,269,2002,59,5930,3.4,8.5,0.8,8.3,0.7,0.6872585,5.774069
6268,269,2002,60,10500,-1.7,7.7,0.62,4.1,1.5,0.677313,1.868558
6269,269,2002,61,10900,-4.2,7,0.57,3.5,0.2,0.6676702,1.700964
6270,269,2002,62,9810,-1.9,9.2,0.67,4.1,0,0.6583203,2.900179
6271,269,2002,63,4870,6,10.3,0.93,3.5,0,0.674655,6.737748
6272,269,2002,64,6900,2.6,10.3,0.81,3.4,0,0.6650076,5.498524
6273,269,2002,65,2420,4.8,10.5,0.93,9.1,1.5,0.6556639,8
6274,269,2002,66,10960,6.7,11.1,0.86,9.5,1.7,0.6466133,2.417765
6275,269,2002,67,10160,1.4,12.4,0.78,5.3,0,0.6378454,3.332592
6276,269,2002,68,12070,4.1,12,0.81,8.9,2.4,0.6293505,1.803538
6277,269,2002,69,12630,2,11.3,0.68,8,0,0.6211191,1.576005
6278,269,2002,70,11430,5,14.5,0.91,6.1,0,0.6361355,2.665615
6279,269,2002,71,7820,4.2,14.2,0.94,2.4,0.4,0.6276647,5.451117
6280,269,2002,72,1890,-0.4,7.8,0.71,4.3,3.4,0.6194641,8
6281,269,2002,73,11890,-1.7,8,0.6,7,0,0.6115237,2.951035
6282,269,2002,74,5550,0.5,5.2,0.64,6.6,1.7,0.6038343,6.954578
6283,269,2002,75,11540,4.3,15,0.97,3.3,0,0.5963868,3.307017
6284,269,2002,76,6600,5.6,15.3,1.13,3.4,2.6,0.5891726,6.452039
6285,269,2002,77,4230,6.2,12.8,1.06,6.8,12,0.5821833,7.575074
6286,269,2002,78,12330,6.6,11.7,1,7.4,1.7,0.5956537,3.127168
6287,269,2002,79,8430,7.8,11.4,1.09,4.5,8.8,0.5884819,5.672289
6288,269,2002,80,11090,7.5,13.3,1.1,5.5,0.1,0.5815388,4.173979
6289,269,2002,81,10960,5.2,8.8,0.82,4.5,3,0.5748159,4.461505
6290,269,2002,82,12440,1,10.2,0.68,3.9,0,0.5683055,3.715716
6291,269,2002,83,9250,-0.8,6.9,0.62,2.2,0,0.5619997,5.644157
6292,269,2002,84,12880,-1.9,7.8,0.58,1.9,0,0.5558914,3.720416
6293,269,2002,85,11230,-0.2,9.8,0.63,2.1,0,0.5684729,4.750277
6294,269,2002,86,17270,-1.1,9.9,0.61,3.3,0,0.5622141,1.052774
6295,269,2002,87,18350,-3.2,13.7,0.6,3.4,0,0.5561551,0.4535564
6296,269,2002,88,18340,-2.6,16.5,0.65,3,0,0.5502887,0.5986807
6297,269,2002,89,10180,1.5,16,0.78,2.7,0,0.5446078,5.536128
6298,269,2002,90,12910,4.4,16.8,0.91,3.3,0.1,0.5391059,4.167743
6299,269,2002,91,14170,5.9,17.2,1.01,3,0,0.5337767,3.512915
6300,269,2002,92,17490,6.5,21,0.8,4.1,0,0.5456155,1.707008
6301,269,2002,93,18810,9.1,19.3,0.79,6.4,0,0.5401617,0.9956333
6302,269,2002,94,18650,3.1,16.7,0.7,4.9,0,0.5348822,1.319453
6303,269,2002,95,19780,1.4,14.2,0.57,7.2,0,0.5297707,0.8476447
6304,269,2002,96,20630,-1.5,10.8,0.51,6.5,0,0.5248214,0.510501
6305,269,2002,97,19540,-1.6,12.6,0.69,3.4,0,0.5200285,1.201133
6306,269,2002,98,20100,-0.8,13.8,0.66,4,0,0.5153867,1.016882
6307,269,2002,99,8200,0.7,9.5,0.74,3.8,0.1,0.5108907,6.812261
6308,269,2002,100,16760,1.1,12.3,0.63,6.2,0,0.521868,3.187819
6309,269,2002,101,13160,1.4,12.6,0.7,4.6,0,0.5172753,4.968288
6310,269,2002,102,18060,0.9,12.6,0.81,5,0,0.5128295,2.596256
6311,269,2002,103,14500,1.1,10.3,0.7,5,0,0.5085257,4.503719
6312,269,2002,104,8730,1.8,10.2,0.82,3.5,7,0.5043589,6.775102
6313,269,2002,105,1700,6.6,7.9,0.96,5.1,11.3,0.5003246,8
6314,269,2002,106,4820,7.2,9.8,1.04,2.7,2.7,0.4964183,7.91808
6315,269,2002,107,6320,4.6,10.7,0.93,1,0,0.5069366,7.552579
6316,269,2002,108,9570,1.8,12.7,0.92,2.2,0.6,0.5029512,6.602027
6317,269,2002,109,19180,1.6,13.9,0.87,2.6,0,0.4990948,2.665656
6318,269,2002,110,6280,5.1,12,0.97,2.3,0.2,0.4953631,7.607449
6319,269,2002,111,21580,0.6,16.9,0.9,1.5,0,0.4917521,1.599652
6320,269,2002,112,17470,6.1,20.1,1.03,3.7,0,0.4882578,3.657203
6321,269,2002,113,19950,7.3,16,1.14,3.3,0,0.4848763,2.504996
6322,269,2002,114,20200,6.5,18.6,1.21,2.4,0,0.4816042,2.435797
6323,269,2002,115,13830,3.6,17.5,1.15,3.5,0,0.4915944,5.307278
6324,269,2002,116,5070,3.8,12.2,0.99,6.3,16.5,0.4882636,7.967299
6325,269,2002,117,15660,6.1,11.4,0.88,7.3,4.6,0.4850432,4.772727
6326,269,2002,118,5360,6.8,13.1,1.08,7.8,12,0.4819296,7.916649
6327,269,2002,119,12440,5.8,12.4,0.9,9.6,4.2,0.4789195,6.004286
6328,269,2002,120,6210,7.2,13.2,1.02,7.1,3.1,0.4760096,7.748792
6329,269,2002,121,16610,4.7,14.6,0.97,6,1.8,0.4731969,4.56748
6330,269,2002,122,10540,7.3,15.1,1.14,4.2,3,0.4704785,6.634404
6331,269,2002,123,19450,8.4,12.7,1.01,5,0,0.4678514,3.506159
6332,269,2002,124,6010,7.6,11,0.95,6.4,0,0.4773439,7.837387
6333,269,2002,125,3410,7.2,10.3,1.06,5.2,12.7,0.4746808,8
6334,269,2002,126,14000,4.5,14.3,1.03,3.7,0,0.4721102,5.678192
6335,269,2002,127,24510,9.6,18,1.28,3.3,0,0.4696294,1.342553
6336,269,2002,128,15390,8.4,17.6,1.38,5.8,0,0.4672358,5.189882
6337,269,2002,129,17040,11.4,24,1.72,4,0,0.4649269,4.544727
6338,269,2002,130,7610,11.6,16.5,1.49,2.9,1.8,0.4627003,7.498181
6339,269,2002,131,5190,10.4,15,1.35,3.3,0,0.4605537,8
6340,269,2002,132,16080,7.2,15.9,1.12,2.6,0,0.4584847,5.141477
6341,269,2002,133,25270,6.2,22.3,1.11,4.5,0,0.4676989,1.491403
6342,269,2002,134,14210,10.3,18.5,1.3,8.4,8.4,0.4656148,5.77025
6343,269,2002,135,19410,9.4,19.2,1.26,5.1,0,0.46361,4.000145
6344,269,2002,136,25900,8.2,21.5,1.32,2.9,0,0.4616822,1.273124
6345,269,2002,137,27190,7.2,21,1.24,4.7,0,0.4598295,0.7682524
6346,269,2002,138,8300,9.1,19.5,1.35,4.6,0.6,0.4580498,7.426547
6347,269,2002,139,16500,8.9,19.5,1.33,3.6,0,0.4563412,5.142759
6348,269,2002,140,24870,9.3,22.9,1.3,3.6,0,0.4547021,1.961257
6349,269,2002,141,23710,14.1,25.3,1.42,5.5,2.6,0.4531306,2.453774
6350,269,2002,142,5010,14.1,18.8,1.63,4,3.9,0.451625,8
6351,269,2002,143,20040,9.3,19.6,1.28,3.4,2.1,0.4607171,4.023721
6352,269,2002,144,12420,8.7,17,1.25,6.5,1.2,0.4592205,6.475718
6353,269,2002,145,15370,9,16.7,1.19,5.9,2.4,0.4577919,5.656267
6354,269,2002,146,13150,8.5,17.5,1.17,5.6,1.8,0.4564298,6.314829
6355,269,2002,147,21010,8.5,18.7,1.25,3.8,0,0.4551327,3.786206
6356,269,2002,148,24200,7.3,20.7,1.1,3.6,0,0.453899,2.642803
6357,269,2002,149,15260,9.4,15.9,1.14,6.6,1.3,0.4527275,5.759628
6358,269,2002,150,17970,8.6,18.4,1.16,4.8,0,0.4516167,4.93051
6359,269,2002,151,25180,5.8,17.5,1,5,0,0.4505656,2.382925
6360,269,2002,152,28380,3.3,18.2,0.96,2.9,0,0.4495727,1.090443
6361,269,2002,153,27370,6.9,23.4,1.02,4.3,0,0.4486372,1.520616
6362,269,2002,154,17800,12.5,25.9,1.54,3.8,4.6,0.4477578,4.95478
6363,269,2002,155,24070,10.4,23.1,1.43,3.4,0,0.4469337,2.737017
6364,269,2002,156,12740,15.7,24.8,1.85,3.9,1,0.4461639,6.429101
6365,269,2002,157,12910,13.7,21.1,1.67,2.8,3.1,0.4454475,6.411787
6366,269,2002,158,8900,13.3,18.2,1.61,3.3,0.5,0.4447838,7.395017
6367,269,2002,159,19670,11.8,21.2,1.45,2.5,0,0.4441721,4.412992
6368,269,2002,160,20170,11,22.7,1.5,3.2,5.2,0.4533817,4.238059
6369,269,2002,161,13840,10.6,16.6,1.36,5.2,3.7,0.4528294,6.227315
6370,269,2002,162,16240,10.1,16.9,1.27,4.6,3.3,0.4523328,5.569574
6371,269,2002,163,9930,10.7,18.3,1.49,3.8,7,0.4518908,7.189954
6372,269,2002,164,7700,11.4,16.6,1.42,4.3,3,0.4515028,7.671654
6373,269,2002,165,12320,13.8,22.6,1.8,3.4,3.8,0.4511678,6.585916
6374,269,2002,166,20530,14.6,20.4,1.58,5.4,0,0.4508853,4.134621
6375,269,2002,167,11460,12.1,21.5,1.68,3.6,1.1,0.4506548,6.818533
6376,269,2002,168,27890,14.9,30.2,2.02,2.7,0,0.4504759,1.074222
6377,269,2002,169,21780,12,30.9,2.12,4.2,0.7,0.4503484,3.550418
6378,269,2002,170,23760,12,23.7,1.6,3.2,0,0.4502719,2.950323
6379,269,2002,171,5600,13.8,17.3,1.66,4,27.6,0.4502464,8
6380,269,2002,172,18840,11.5,20.5,1.44,3.2,0,0.4502719,4.748022
6381,269,2002,173,14980,12.5,21.1,1.53,4.8,1.7,0.4503484,5.906343
6382,269,2002,174,25090,12.3,19.4,1.39,4.1,0,0.4504759,2.497138
6383,269,2002,175,29370,9.9,19.2,1.26,3.6,1,0.4506548,0.7561808
6384,269,2002,176,24080,9.9,21.3,1.35,3.3,0,0.4508853,2.894661
6385,269,2002,177,21360,9.4,22.1,1.34,4,0,0.4511678,3.896743
6386,269,2002,178,24440,12.8,17.8,1.23,5.5,0,0.4515028,2.784918
6387,269,2002,179,10600,11.6,15.6,1.22,7.3,7.1,0.4518908,7.058463
6388,269,2002,180,27050,11.4,18.8,1.17,5.3,0,0.4523328,1.737112
6389,269,2002,181,9250,11.7,17.8,1.34,6.2,0.3,0.4528294,7.343945
6390,269,2002,182,4910,12.2,14.5,1.41,7.8,4.7,0.4533817,8
6391,269,2002,183,13410,11.9,17.9,1.39,7,3.8,0.4441721,6.317937
6392,269,2002,184,6510,12.1,17.2,1.57,6.3,7.7,0.4447838,7.880648
6393,269,2002,185,26310,11.3,18.9,1.37,5.8,0,0.4454475,1.85463
6394,269,2002,186,10930,12.7,20,1.54,3.8,0.1,0.4461639,6.915927
6395,269,2002,187,12840,12.6,19.5,1.59,3.6,0.1,0.4469337,6.414259
6396,269,2002,188,8700,12.4,18.7,1.56,3.5,0,0.4477578,7.419469
6397,269,2002,189,22050,13.5,24.2,1.63,3.9,0,0.4486372,3.378634
6398,269,2002,190,13150,15.3,26,2.07,3,26.8,0.4495727,6.242759
6399,269,2002,191,7490,12,17.3,1.53,3.3,5.3,0.4505656,7.66477
6400,269,2002,192,18510,10.6,19.1,1.42,4.2,6,0.4516167,4.655492
6401,269,2002,193,17870,9.2,21.8,1.43,2.2,0,0.4527275,4.849812
6402,269,2002,194,13080,14.2,20.7,1.79,2.5,0.4,0.453899,6.250901
6403,269,2002,195,23460,16,21.5,1.93,4.9,0,0.4551327,2.547404
6404,269,2002,196,26260,15.2,23.9,1.87,4.2,0,0.4564298,1.29903
6405,269,2002,197,24680,14.3,24.7,1.77,4.8,0,0.4577919,2.003234
6406,269,2002,198,23080,14.9,22.8,1.74,5.3,0,0.4592205,2.659826
6407,269,2002,199,17090,14.7,18.5,1.34,6.5,0,0.4607171,5.002997
6408,269,2002,200,13250,8.7,18.8,1.18,3.2,0,0.451625,6.205819
6409,269,2002,201,21500,6.9,21.8,1.29,2.2,4.2,0.4531306,3.347018
6410,269,2002,202,12860,13.3,17.9,1.56,5.5,6.2,0.4547021,6.226456
6411,269,2002,203,16140,13.8,19.5,1.42,5.4,0,0.4563412,5.204851
6412,269,2002,204,9400,14.2,19.9,1.73,5.3,8.5,0.4580498,7.117277
6413,269,2002,205,16470,12.1,19.2,1.42,4.5,1,0.4598295,5.039514
6414,269,2002,206,14370,10.4,19.9,1.45,3.7,1.7,0.4616822,5.703632
6415,269,2002,207,20280,13.4,22.7,1.78,3.8,3.1,0.46361,3.436601
6416,269,2002,208,24270,13.1,26.8,1.94,2.6,0,0.4656148,1.555433
6417,269,2002,209,25080,16.1,30,2.14,2.1,0,0.4676989,1.014402
6418,269,2002,210,25030,16.4,30.3,2.18,2.8,0,0.4584847,0.9516293
6419,269,2002,211,19450,16.9,31.7,2.4,2.7,6.6,0.4605537,3.431859
6420,269,2002,212,14260,17.8,26.7,2.36,1.9,12.6,0.4627003,5.430349
6421,269,2002,213,3540,13.2,19.7,1.8,4,26.5,0.4649269,8
6422,269,2002,214,23830,11.5,25,1.53,2.6,0,0.4672358,1.523417
6423,269,2002,215,8600,14,19.5,1.7,2.5,7.3,0.4696294,7.180358
6424,269,2002,216,16240,14.9,22.4,1.89,2,4.2,0.4721102,4.635133
6425,269,2002,217,8520,15,20.7,1.88,1.9,13.4,0.4746808,7.156861
6426,269,2002,218,15070,13.6,22.2,1.87,2.2,3.8,0.4773439,5.006208
6427,269,2002,219,19330,12,23.6,1.75,1.5,0,0.4678514,3.214225
6428,269,2002,220,18330,14,23.4,1.88,1.9,0,0.4704785,3.562108
6429,269,2002,221,16090,12.8,24.8,1.87,2.3,9.1,0.4731969,4.467606
6430,269,2002,222,9020,15.4,19.8,1.83,2.2,1.3,0.4760096,6.930249
6431,269,2002,223,10810,13.9,20.9,1.79,3.3,0,0.4789195,6.355688
6432,269,2002,224,14960,13.2,22.2,1.7,4.3,0,0.4819296,4.818266
6433,269,2002,225,22560,13.9,22.7,1.68,3.6,0,0.4850432,1.152747
6434,269,2002,226,16470,13.8,25.6,1.91,2.3,0,0.4882636,4.018357
6435,269,2002,227,18600,13.1,26.9,1.85,1.8,0,0.4915944,2.964574
6436,269,2002,228,21840,14.3,28,1.93,2.4,0,0.4816042,1.130981
6437,269,2002,229,22130,13.7,28.5,1.83,3.1,0,0.4848763,0.8979986
6438,269,2002,230,21050,15.7,28.8,1.96,3.3,0,0.4882578,1.349412
6439,269,2002,231,12340,17.5,27,2.2,2.2,0.1,0.4917521,5.451366
6440,269,2002,232,9520,15.6,25.3,2.14,2.7,43.7,0.4953631,6.485027
6441,269,2002,233,4090,16.9,19.7,1.96,3.3,8.9,0.4990948,8
6442,269,2002,234,7720,14.3,18.8,1.64,2.8,0.3,0.5029512,7.076653
6443,269,2002,235,13430,14.3,20.9,1.73,2.2,0,0.5069366,4.866859
6444,269,2002,236,4070,14.2,19.5,1.82,2.9,11.8,0.4964183,8
6445,269,2002,237,18330,13,21.5,1.69,2.5,0.2,0.5003246,2.242434
6446,269,2002,238,17550,11.7,22.2,1.68,3,0,0.5043589,2.580096
6447,269,2002,239,13840,18.3,23.8,2.27,4.4,0,0.5085257,4.292389
6448,269,2002,240,16140,15.2,23.6,1.98,4.2,0,0.5128295,3.066874
6449,269,2002,241,15590,14,23.4,1.86,1.6,0,0.5172753,3.311157
6450,269,2002,242,11110,14,22.5,1.89,4,0,0.521868,5.464864
6451,269,2002,243,11320,14.9,21,1.63,4.7,0.2,0.5108907,5.360529
6452,269,2002,244,17670,10.6,19.6,1.25,2.8,0,0.5153867,2.009231
6453,269,2002,245,19640,9.5,22,1.41,4,0,0.5200285,0.5089026
6454,269,2002,246,20050,9.3,22.8,1.31,4.4,3.7,0.5248214,0.1191228
6455,269,2002,247,17590,9.6,22.9,1.48,1.7,0,0.5297707,1.548928
6456,269,2002,248,17330,8.5,23.2,1.42,2.4,0,0.5348822,1.607612
6457,269,2002,249,10270,14.5,21.4,1.75,6,0,0.5401617,5.465322
6458,269,2002,250,10900,15,21.9,1.81,5.3,13.6,0.5456155,5.073046
6459,269,2002,251,13040,13.7,23.6,1.74,3.1,0,0.5337767,3.82243
6460,269,2002,252,13350,13.1,26,1.84,3.4,0.5,0.5391059,3.501317
6461,269,2002,253,4150,12.5,17.5,1.59,1.8,6.4,0.5446078,7.810464
6462,269,2002,254,6190,14.2,19,1.74,2.8,1.4,0.5502887,7.038411
6463,269,2002,255,18240,10.7,21.7,1.53,4.7,0,0.5561551,0
6464,269,2002,256,17100,9.7,22,1.53,3.7,0,0.5622141,0.4014108
6465,269,2002,257,6970,14.4,19.7,1.61,4.2,0,0.5684729,6.604275
6466,269,2002,258,13240,9.2,20.2,1.34,2.4,0,0.5558914,3.03125
6467,269,2002,259,8180,8.4,19,1.33,2.3,0.6,0.5619997,5.961558
6468,269,2002,260,6440,13.4,18.3,1.55,2.2,1,0.5683055,6.720641
6469,269,2002,261,5610,13,16.8,1.47,1.3,0,0.5748159,7.061145
6470,269,2002,262,6120,12.8,17.8,1.51,1.8,0,0.5815388,6.786633
6471,269,2002,263,9770,11.7,18.6,1.4,2.3,1.6,0.5884819,4.735565
6472,269,2002,264,7370,12,17.2,1.45,2.4,1.6,0.5956537,6.058894
6473,269,2002,265,10780,11,16.3,1.31,4.9,5,0.5821833,3.875461
6474,269,2002,266,13830,7.4,16.2,1.07,6.8,0,0.5891726,1.464208
6475,269,2002,267,14640,5.8,16.6,1.02,3.9,0.4,0.5963868,0.582774
6476,269,2002,268,11200,8.4,17.3,1.23,4,4.8,0.6038343,3.199963
6477,269,2002,269,9020,9.5,16.3,1.32,3.2,1.1,0.6115237,4.659824
6478,269,2002,270,10010,7.6,17.7,1.26,1.7,0.4,0.6194641,3.83855
6479,269,2002,271,8770,7.1,18.7,1.31,1.8,0.2,0.6276647,4.629444
6480,269,2002,272,7380,6.3,18.2,1.24,1.5,0,0.6361355,5.515975
6481,269,2002,273,13960,5,19.6,1.13,2.1,0,0.6211191,0
6482,269,2002,274,12010,5.3,20,1.23,1.3,0,0.6293505,1.459413
6483,269,2002,275,10130,6.6,20.8,1.36,1.7,0,0.6378454,2.981465
6484,269,2002,276,3890,10,18.1,1.51,3.2,8.7,0.6466133,7.325665
6485,269,2002,277,12300,6.9,17.2,1.2,3.5,0,0.6556639,0.5060368
6486,269,2002,278,1990,7.8,15.6,1.29,5.1,19.5,0.6650076,8
6487,269,2002,279,9410,4,13.9,0.95,5.4,0.5,0.674655,3.177661
6488,269,2002,280,6270,3.2,14,1.03,3.2,1.2,0.6583203,5.663416
6489,269,2002,281,12650,-0.4,10.6,0.69,3.6,0,0.6676702,0
6490,269,2002,282,12090,3.1,13.8,0.87,6.3,0,0.677313,0
6491,269,2002,283,11520,4.2,12.3,0.85,6.3,0,0.6872585,0.1343012
6492,269,2002,284,11820,2.2,10.8,0.69,6.1,0,0.6975169,0
6493,269,2002,285,3760,1.1,6.9,0.66,4.3,0,0.7080988,7.130869
6494,269,2002,286,3420,5.2,8.4,0.87,3.8,0,0.7190148,7.269491
6495,269,2002,287,1960,6.1,10.6,1.05,3.6,10.1,0.7011604,8
6496,269,2002,288,5250,4.2,11.1,0.98,3,0.6,0.7117022,5.784923
6497,269,2002,289,2950,10.5,14.2,1.23,7.5,0.2,0.7225609,7.41005
6498,269,2002,290,8680,6.6,12.2,1,4.8,4.8,0.7337458,1.853195
6499,269,2002,291,3110,3.2,8.7,0.87,3.8,7.5,0.7452664,7.260097
6500,269,2002,292,6910,1.2,10.3,0.82,4.1,3,0.7571323,3.710773
6501,269,2002,293,5430,4.1,10.8,0.9,2.6,3.4,0.7693533,5.139634
6502,269,2002,294,1280,6,13.4,1.14,3.8,3.2,0.7819394,8
6503,269,2002,295,3270,10.7,15.4,1.4,5.8,1.7,0.7615323,6.875065
6504,269,2002,296,4290,4.9,13.8,0.96,6.9,4.9,0.7736058,5.958471
6505,269,2002,297,6530,4.6,11.7,0.89,4.7,1.9,0.7860145,3.294376
6506,269,2002,298,1890,6.6,13.8,1.11,7.5,14.8,0.7987658,7.833833
6507,269,2002,299,5300,6.5,12.8,0.96,8.3,5.4,0.8118664,4.517169
6508,269,2002,300,2080,9,15.6,1.16,13.6,10.2,0.8253233,7.631421
6509,269,2002,301,8220,5.5,11.9,0.9,6.2,0.2,0.8391428,0
6510,269,2002,302,2260,5.9,9.8,0.95,3.5,0.5,0.853331,7.434366
6511,269,2002,303,6920,2.5,11.5,0.93,2.1,0,0.829911,1.407873
6512,269,2002,304,7410,0.1,11.9,0.85,1.9,0,0.843395,0.3229092
6513,269,2002,305,1250,-0.4,12.5,0.92,3.1,4.3,0.8571998,8
6514,269,2002,306,4590,9.6,14.8,1.34,4.1,1,0.8713273,4.360701
6515,269,2002,307,3860,6.8,14,1.17,4.7,8.6,0.8857786,5.317261
6516,269,2002,308,4670,5.3,11.4,1.07,2.2,0.2,0.9005538,4.036637
6517,269,2002,309,5750,2.3,7.8,0.81,2.3,0,0.9156522,2.142926
6518,269,2002,310,4330,2.7,11.9,0.92,5.5,8.9,0.9310723,4.335
6519,269,2002,311,3320,3.1,10.1,0.86,3.7,7.9,0.9468111,5.72619
6520,269,2002,312,2180,1.8,10.7,0.89,6.9,10.5,0.9187459,7.066262
6521,269,2002,313,6250,1.1,10.5,0.78,4.5,0.2,0.933463,0.1196736
6522,269,2002,314,3120,-0.7,8.3,0.75,3.5,4.3,0.948423,5.755808
6523,269,2002,315,5220,5.3,12.7,1.06,4.5,0,0.963617,1.675084
6524,269,2002,316,3060,7.9,10.9,1.06,6.8,0.3,0.9790346,5.572204
6525,269,2002,317,1480,7.2,11.1,1.08,5.8,3.5,0.994664,7.614718
6526,269,2002,318,3840,7.1,13,1,5.5,0.2,1.010491,3.989993
6527,269,2002,319,3740,1.3,10.4,0.86,2,0,1.026502,4.098586
6528,269,2002,320,1880,1.8,8.3,0.87,2.7,0,1.042677,7.037088
6529,269,2002,321,3180,6.3,12.1,1.13,3.1,0.2,1.058999,4.811431
6530,269,2002,322,2720,5.1,9.4,0.99,3.1,0,1.024323,5.590035
6531,269,2002,323,1870,3,8.1,0.83,2.5,0,1.039163,6.909647
6532,269,2002,324,3400,0.4,6.9,0.75,3.6,0,1.054044,4.149817
6533,269,2002,325,1920,3.5,11.9,0.93,3.9,0.2,1.06894,6.716276
6534,269,2002,326,1830,5.5,9.7,0.95,3.5,0,1.083824,6.802756
6535,269,2002,327,4600,4,10.6,0.91,3.7,1.6,1.098668,0.5352477
6536,269,2002,328,4630,1.7,11,0.89,3,2.2,1.113442,0.231488
6537,269,2002,329,610,1.7,5.9,0.79,3.9,5.1,1.128114,8
6538,269,2002,330,2070,3.3,10.7,0.97,2.6,0,1.142652,6.17001
6539,269,2002,331,3670,1.6,8.1,0.81,3.3,0,1.157019,2.471272
6540,269,2002,332,680,4.4,8,0.9,3.3,5,1.17118,8
6541,269,2002,333,1380,2.3,9.7,0.9,2.3,0.6,1.185096,7.233484
6542,269,2002,334,2360,1.2,7.9,0.85,1.8,0,1.198729,5.351374
6543,269,2002,335,2360,6.2,8.5,0.95,6.3,4.4,1.152804,5.249388
6544,269,2002,336,740,5.3,7.6,0.91,5.2,0.2,1.164385,8
6545,269,2002,337,1830,2.8,8.9,0.9,2.2,0,1.175584,6.279448
6546,269,2002,338,1790,3,6.3,0.83,3.1,0,1.186362,6.333061
6547,269,2002,339,1490,3.3,6.6,0.82,4.4,0,1.196684,6.875
6548,269,2002,340,400,0.6,3.9,0.63,6.8,0,1.206514,8
6549,269,2002,341,800,-2.9,1.5,0.49,7,0.3,1.215816,7.984591
6550,269,2002,342,2510,-5,-0.7,0.35,7.3,0,1.224556,4.71012
6551,269,2002,343,3780,-8.3,-3.4,0.29,8.3,0,1.232701,1.0153
6552,269,2002,344,3820,-9,-3.9,0.28,6.1,0,1.240217,0.7994628
6553,269,2002,345,3550,-8.9,-3.1,0.27,6,0,1.247076,1.622445
6554,269,2002,346,1970,-7.9,-1.6,0.29,3.8,0,1.253249,5.855692
6555,269,2002,347,1140,-3.5,-2.4,0.38,3.2,0,1.258711,7.420932
6556,269,2002,348,610,-2.9,-0.3,0.49,4.3,0,1.263437,8
6557,269,2002,349,1020,-0.4,2,0.59,5.6,1.2,1.267408,7.572398
6558,269,2002,350,260,0,2.5,0.66,3.7,0.4,1.270606,8
6559,269,2002,351,290,-1.3,1.6,0.6,2.3,0,1.273017,8
6560,269,2002,352,1750,-4.9,2.1,0.53,1.5,0.3,1.274631,6.164909
6561,269,2002,353,1620,-1,2.2,0.63,2.3,0,1.275439,6.415025
6562,269,2002,354,2150,-4.5,0.4,0.51,1.9,0,1.275439,5.233478
6563,269,2002,355,1020,-1.7,0.6,0.59,2.1,0,1.274631,7.561425
6564,269,2002,356,180,-1.4,4.1,0.67,4.5,20.7,1.273017,8
6565,269,2002,357,620,0.5,4.1,0.71,3.6,0,1.270606,8
6566,269,2002,358,1420,3.9,10.6,1,3.5,4,1.267408,6.781606
6567,269,2002,359,930,6.5,10.5,1.09,3.1,0.1,1.263437,7.67755
6568,269,2002,360,570,8.3,10.2,1.1,5.3,5.6,1.258711,8
6569,269,2002,361,490,7.7,11.7,1.16,4.8,7.3,1.253249,8
6570,269,2002,362,840,6.5,10.3,1.05,4.1,4,1.247076,7.846821
6571,269,2002,363,950,5.4,8.1,0.96,3.8,9.4,1.240217,7.692365
6572,269,2002,364,350,1.2,6.5,0.78,6.3,16.2,1.232701,8
6573,269,2002,365,3860,-2.7,1.4,0.44,6.5,0,1.224556,0.6995928
6574,269,2003,1,270,-2.4,10,0.75,5.1,17.3,1.215816,8
6575,269,2003,2,610,4.2,9.6,0.98,4.4,22.4,1.206514,8
6576,269,2003,3,1240,0.5,4.8,0.69,3.3,1.4,1.196684,7.335722
6577,269,2003,4,1900,-5.4,0.5,0.4,5.3,0,1.186362,6.245281
6578,269,2003,5,2120,-7.5,0.2,0.43,3.5,0.5,1.175584,5.840799
6579,269,2003,6,2980,-4.4,0.9,0.43,5.4,0,1.164385,3.947581
6580,269,2003,7,3790,-8.8,-3.9,0.32,2.8,0,1.152804,1.985216
6581,269,2003,8,2650,-9,-4.1,0.31,3.4,0.2,1.198729,4.975399
6582,269,2003,9,5180,-11.4,-5.7,0.24,3.4,0,1.185096,0
6583,269,2003,10,3400,-9.2,-1.5,0.31,2.8,0,1.17118,3.442256
6584,269,2003,11,5080,-10.4,0.1,0.35,2.1,0,1.157019,0
6585,269,2003,12,3620,-3.4,3,0.54,5.7,0,1.142652,2.983561
6586,269,2003,13,770,2.4,7.7,0.83,7.2,4.3,1.128114,8
6587,269,2003,14,1540,6,9,0.94,7.3,0,1.113442,7.169689
6588,269,2003,15,1560,4,7.4,0.81,9.1,0.2,1.098668,7.197537
6589,269,2003,16,4120,1.5,8.2,0.8,6,0,1.083824,2.19228
6590,269,2003,17,2770,1.3,5.4,0.69,7.5,0.5,1.06894,5.350264
6591,269,2003,18,1310,2.3,5.7,0.77,6,0.4,1.054044,7.633079
6592,269,2003,19,1310,2,7.4,0.75,7.3,1.1,1.039163,7.664162
6593,269,2003,20,1270,6,8.8,0.93,8.3,2.2,1.024323,7.722262
6594,269,2003,21,3810,6,9.6,0.95,5.5,2.3,1.058999,3.67071
6595,269,2003,22,880,6,7.8,0.94,5.9,7.6,1.042677,8
6596,269,2003,23,810,1.7,6.8,0.76,4.7,0.3,1.026502,8
6597,269,2003,24,5190,-2.4,6.5,0.64,3,0,1.010491,1.431995
6598,269,2003,25,1880,0.7,6.1,0.73,6.2,2.9,0.994664,7.213849
6599,269,2003,26,1780,0.3,9.3,0.84,5.1,3.5,0.9790346,7.356354
6600,269,2003,27,3660,6.6,10.7,1.07,5.6,1.3,0.963617,4.746979
6601,269,2003,28,1860,4,8.4,0.79,9.1,4.8,0.948423,7.356612
6602,269,2003,29,3300,1.9,5.7,0.71,5.5,6.7,0.933463,5.642906
6603,269,2003,30,3850,-2.3,2.8,0.5,5.6,1.6,0.9187459,5.038174
6604,269,2003,31,6160,-6.9,-0.2,0.32,3.5,0,0.9468111,1.429056
6605,269,2003,32,2400,-6,0.2,0.41,6,3.8,0.9310723,7.039594
6606,269,2003,33,1580,0.2,4.1,0.67,7.5,3.6,0.9156522,7.810615
6607,269,2003,34,4150,0.7,5,0.62,6.1,2.1,0.9005538,5.03687
6608,269,2003,35,3210,-1.2,3.9,0.6,6.1,4.8,0.8857786,6.310166
6609,269,2003,36,5270,-0.2,5.1,0.62,4.7,1.4,0.8713273,3.719491
6610,269,2003,37,7850,-4,3.8,0.5,3.2,0,0.8571998,0
6611,269,2003,38,1390,2,6.1,0.78,4.5,0.5,0.843395,8
6612,269,2003,39,1530,5.9,8.3,0.98,4.3,1.2,0.829911,7.981152
6613,269,2003,40,1090,3.3,6.8,0.8,3.6,0.1,0.853331,8
6614,269,2003,41,7680,-2.4,6,0.57,2,0,0.8391428,1.060986
6615,269,2003,42,1270,-4.2,-0.6,0.49,1.9,0,0.8253233,8
6616,269,2003,43,1020,-5.1,-1.9,0.44,3.1,0,0.8118664,8
6617,269,2003,44,8140,-7.8,0.9,0.38,4.1,0,0.7987658,1.318672
6618,269,2003,45,8260,-8,3.1,0.35,4.1,0,0.7860145,1.430354
6619,269,2003,46,1300,-1.9,0.2,0.49,4.9,0,0.7736058,8
6620,269,2003,47,9550,-7.5,0.9,0.34,4.7,0,0.7615323,0.09994221
6621,269,2003,48,9930,-8.8,2.4,0.36,3.9,0,0.7819394,0
6622,269,2003,49,9900,-9,1.3,0.35,5,0,0.7693533,0.1586136
6623,269,2003,50,9480,-5.9,4.4,0.44,4.8,0,0.7571323,0.904017
6624,269,2003,51,10800,-5.7,5.8,0.48,4.3,0,0.7452664,0
6625,269,2003,52,10590,-6.5,8.9,0.53,2.9,0,0.7337458,0
6626,269,2003,53,10560,-6.2,9.2,0.53,3.5,0,0.7225609,0.1821398
6627,269,2003,54,9810,-5.8,11.1,0.53,3.1,0,0.7117022,1.387862
6628,269,2003,55,9910,-3.1,13.5,0.63,2.6,0,0.7011604,1.413042
6629,269,2003,56,11200,-4.3,10.9,0.54,3.3,0,0.7190148,0.1727189
6630,269,2003,57,10930,-5.6,13.1,0.52,2.4,0,0.7080988,0.7844006
6631,269,2003,58,8610,-0.9,15.1,0.73,2.2,0,0.6975169,3.350137
6632,269,2003,59,8940,2.7,14.5,0.83,3.3,0.9,0.6872585,3.13686
6633,269,2003,60,8970,5.1,12.5,0.92,4.2,1.2,0.677313,3.229495
6634,269,2003,61,4580,5.1,10,0.96,3.4,1.3,0.6676702,6.8036
6635,269,2003,62,8640,3.5,10.6,0.8,2.1,0,0.6583203,3.896376
6636,269,2003,63,7650,1.2,10.3,0.71,4.8,0.3,0.674655,4.875366
6637,269,2003,64,4280,8.1,13.2,1.12,3.7,0,0.6650076,7.101795
6638,269,2003,65,2640,-0.2,11,0.8,4.4,0.7,0.6556639,7.964851
6639,269,2003,66,7060,0.2,9.5,0.73,5.4,0.3,0.6466133,5.586782
6640,269,2003,67,4430,4.7,9.2,0.83,10.7,12.4,0.6378454,7.183815
6641,269,2003,68,7230,6.6,11.2,0.95,8,2,0.6293505,5.581057
6642,269,2003,69,7900,7.1,13.1,0.98,7.4,0,0.6211191,5.211031
6643,269,2003,70,2660,6.9,10.4,0.99,6.6,2.9,0.6361355,8
6644,269,2003,71,5110,1.5,8.5,0.74,6.2,0,0.6276647,7.021195
6645,269,2003,72,14020,0.3,8.8,0.68,3.5,0,0.6194641,0.9267504
6646,269,2003,73,15040,-2.7,10.9,0.57,4.5,0,0.6115237,0.3191698
6647,269,2003,74,14800,-1.9,10.5,0.6,4.3,0,0.6038343,0.7271194
6648,269,2003,75,15220,-3.8,13.5,0.64,2,0,0.5963868,0.5357895
6649,269,2003,76,7630,-3.9,7,0.59,2.9,0,0.5891726,6.02933
6650,269,2003,77,15470,-2.8,12.8,0.69,2.3,0,0.5821833,0.6933437
6651,269,2003,78,5860,-2.1,7.1,0.63,2.7,0,0.5956537,6.979371
6652,269,2003,79,8230,-0.8,7.3,0.62,2.4,0,0.5884819,5.899579
6653,269,2003,80,12750,-2.8,10.9,0.57,4.4,0,0.5815388,3.32889
6654,269,2003,81,16980,-5.3,13.2,0.41,3.3,0,0.5748159,0.542625
6655,269,2003,82,17310,-5.1,16.8,0.44,2,0,0.5683055,0.4486358
6656,269,2003,83,14940,0.7,20.6,0.76,4.1,0,0.5619997,2.123453
6657,269,2003,84,11170,1.5,15.6,0.88,2.2,0,0.5558914,4.600357
6658,269,2003,85,16610,1.4,16.6,0.8,2.9,0,0.5684729,1.213279
6659,269,2003,86,15880,-1.1,16,0.82,2.3,0,0.5622141,1.882753
6660,269,2003,87,15450,3,18.7,0.9,4.4,0,0.5561551,2.275196
6661,269,2003,88,5760,3.4,15,0.87,2,0,0.5502887,7.318477
6662,269,2003,89,15220,5.2,12.1,0.94,3.4,0,0.5446078,2.674457
6663,269,2003,90,15290,0.8,11.3,0.68,3,0,0.5391059,2.899407
6664,269,2003,91,7820,-0.1,13.3,0.77,6.8,10.1,0.5337767,6.662492
6665,269,2003,92,11620,4.5,9.8,0.78,8.1,2.4,0.5456155,5.045455
6666,269,2003,93,14170,0.1,8.5,0.56,6.7,1.2,0.5401617,3.921311
6667,269,2003,94,7340,-1.9,10.8,0.72,4.3,0.1,0.5348822,6.956027
6668,269,2003,95,10690,4.9,9.1,0.75,7.1,0,0.5297707,5.672721
6669,269,2003,96,14880,-0.5,10,0.51,5,0,0.5248214,3.856179
6670,269,2003,97,18510,-3.8,7.7,0.37,3.9,0,0.5200285,2.083585
6671,269,2003,98,14550,-5.4,6.9,0.41,3.5,0,0.5153867,4.246065
6672,269,2003,99,16170,-6.4,6.6,0.4,3.5,0,0.5108907,3.538958
6673,269,2003,100,14610,-3.1,7,0.53,2.8,0,0.521868,4.309911
6674,269,2003,101,15660,-0.5,11.6,0.64,3.2,0.2,0.5172753,3.830873
6675,269,2003,102,19790,-3.6,14,0.55,2.3,0,0.5128295,1.811496
6676,269,2003,103,19810,-0.8,17.6,0.56,4.1,0,0.5085257,1.910908
6677,269,2003,104,20810,6.9,20.4,0.63,5.9,0,0.5043589,1.416054
6678,269,2003,105,21680,4.9,23.7,0.77,4.2,0,0.5003246,0.9355095
6679,269,2003,106,21580,6,23.8,0.8,4.5,0,0.4964183,1.096694
6680,269,2003,107,22020,6.3,21.8,0.72,6,0,0.5069366,1.025771
6681,269,2003,108,22770,4,17.7,0.74,6.7,0,0.5029512,0.7061222
6682,269,2003,109,12620,3.2,13.2,0.78,7,0.3,0.4990948,5.591386
6683,269,2003,110,20450,3.7,16.9,0.79,4.1,0,0.4953631,2.157809
6684,269,2003,111,15590,4.1,23.5,1.04,3.5,5.2,0.4917521,4.420337
6685,269,2003,112,18030,7.4,16.1,1.02,3,0.5,0.4882578,3.402783
6686,269,2003,113,21020,4.1,14.5,0.97,3.8,0,0.4848763,2.050834
6687,269,2003,114,21150,3,21.7,0.8,2.8,0,0.4816042,2.17399
6688,269,2003,115,11720,8.8,23.2,1.13,3,0.4,0.4915944,6.069514
6689,269,2003,116,4260,7.4,15,1.21,3.8,12.4,0.4882636,8
6690,269,2003,117,12090,8.1,15.6,1.11,7.9,1.2,0.4850432,6.013908
6691,269,2003,118,11590,9.4,21.8,1.4,5.5,0.8,0.4819296,6.162524
6692,269,2003,119,17120,8.9,17.2,1.11,6.4,0.9,0.4789195,4.215827
6693,269,2003,120,6430,7.7,16.1,1.14,3.5,6,0.4760096,7.689304
6694,269,2003,121,13940,7.5,15,1,8.1,3.2,0.4731969,5.541243
6695,269,2003,122,12740,7.3,20.4,1.24,4.8,3.4,0.4704785,5.93068
6696,269,2003,123,15130,8.7,14.2,1.01,8.8,6.7,0.4678514,5.193362
6697,269,2003,124,25230,8.5,22.6,1.02,4.5,0,0.4773439,0.8871157
6698,269,2003,125,4540,10.8,17.9,1.39,2.8,5.3,0.4746808,8
6699,269,2003,126,13890,5.5,15.7,1.02,3,3.7,0.4721102,5.716641
6700,269,2003,127,22890,3.7,17.3,0.94,2.1,0,0.4696294,2.279865
6701,269,2003,128,21420,4.6,18.6,1.08,2.8,0.4,0.4672358,2.922609
6702,269,2003,129,12310,7.2,15.5,1.02,1.4,0.2,0.4649269,6.286972
6703,269,2003,130,22480,6.3,16.7,0.96,3.3,0,0.4627003,2.635652
6704,269,2003,131,19070,9.5,19.9,1.15,3.7,4.2,0.4605537,4.005858
6705,269,2003,132,10950,8.7,14.6,1.17,4.9,13,0.4584847,6.708387
6706,269,2003,133,21490,6.5,13.4,0.91,5.4,2.6,0.4676989,3.231066
6707,269,2003,134,18130,6.2,13.4,0.95,5.7,1.1,0.4656148,4.537614
6708,269,2003,135,26290,5.2,14.4,0.82,3,0,0.46361,1.319248
6709,269,2003,136,22080,2.9,16.6,0.74,2.5,0,0.4616822,3.210538
6710,269,2003,137,11480,10.8,18,1.18,4.4,8.8,0.4598295,6.642238
6711,269,2003,138,13660,10.9,17.3,1.3,5.6,2.6,0.4580498,6.02283
6712,269,2003,139,7860,10.3,15.4,1.29,5.3,9.3,0.4563412,7.538001
6713,269,2003,140,14070,8.7,14.8,1.13,7.9,8.3,0.4547021,5.968927
6714,269,2003,141,17360,10.1,16,1.22,5,1.2,0.4531306,4.930676
6715,269,2003,142,6230,10.7,15.8,1.36,5.5,1.1,0.451625,7.891838
6716,269,2003,143,8680,11.5,16,1.4,6.3,7.9,0.4607171,7.3775
6717,269,2003,144,6840,10.5,15.7,1.33,1.6,2.2,0.4592205,7.782377
6718,269,2003,145,10400,6.9,15.7,1.15,3.5,0.9,0.4577919,7.015589
6719,269,2003,146,26380,6.6,19.1,1.17,2.5,0,0.4564298,1.629162
6720,269,2003,147,23990,6.6,20.3,1.13,2.5,0,0.4551327,2.683308
6721,269,2003,148,25030,9.1,22.8,1.29,3.8,0,0.453899,2.219593
6722,269,2003,149,26530,9.6,25.3,1.42,3.4,0,0.4527275,1.553748
6723,269,2003,150,26310,11.7,27,1.62,3.9,0,0.4516167,1.596343
6724,269,2003,151,27040,10.9,24,1.5,3.7,0,0.4505656,1.360181
6725,269,2003,152,24730,12.1,27.7,1.56,2.7,0,0.4495727,2.350572
6726,269,2003,153,20580,13.9,28.8,1.91,3.8,1.6,0.4486372,3.886118
6727,269,2003,154,20930,11.3,25.3,1.62,2,2.7,0.4477578,3.852599
6728,269,2003,155,22720,14.8,28.3,2.11,3.7,4.5,0.4469337,3.051792
6729,269,2003,156,20790,9.8,20,1.32,3.1,0,0.4461639,4.022946
6730,269,2003,157,27520,9.3,24.5,1.27,3.1,0,0.4454475,1.424464
6731,269,2003,158,24230,14,26.3,1.7,2.8,0,0.4447838,2.631292
6732,269,2003,159,12330,12.4,25.5,1.77,4.1,7.7,0.4441721,6.564397
6733,269,2003,160,24090,11.1,19.7,1.26,4.5,0,0.4533817,2.879572
6734,269,2003,161,12890,10.6,24.2,1.57,3.3,27.6,0.4528294,6.451274
6735,269,2003,162,21380,10.6,21.5,1.33,4.6,0,0.4523328,3.881628
6736,269,2003,163,15710,9.7,21.4,1.41,2.2,0.7,0.4518908,5.703202
6737,269,2003,164,24190,8.6,22.5,1.31,2.6,0,0.4515028,2.864677
6738,269,2003,165,19600,8.5,20.5,1.27,3.7,0,0.4511678,4.531281
6739,269,2003,166,26280,7.5,21.2,1.23,2.3,0,0.4508853,2.086189
6740,269,2003,167,25490,8.6,22,1.34,2.1,0,0.4506548,2.361448
6741,269,2003,168,20010,9.9,23.8,1.44,2.4,1.5,0.4504759,4.357662
6742,269,2003,169,20340,16.4,22.6,1.77,4.3,0.6,0.4503484,4.160316
6743,269,2003,170,9390,14.9,21.1,1.69,6.7,0.9,0.4502719,7.302663
6744,269,2003,171,22440,9.1,18.2,1.05,6.2,0,0.4502464,3.637734
6745,269,2003,172,23890,9,19,1.18,3.6,0,0.4502719,3.053241
6746,269,2003,173,17600,10.3,24,1.37,2.5,0,0.4503484,5.15748
6747,269,2003,174,19220,13.2,26.5,1.81,4.6,0,0.4504759,4.530512
6748,269,2003,175,23020,11.1,20,1.27,4.2,0,0.4506548,3.331726
6749,269,2003,176,21870,9.2,20,1.25,3,0,0.4508853,3.751213
6750,269,2003,177,30390,8,23.4,1.28,4.1,0,0.4511678,0.2648675
6751,269,2003,178,27010,11.2,26.9,1.39,3.7,0,0.4515028,1.676534
6752,269,2003,179,12970,9.9,20.6,1.44,2.8,1.2,0.4518908,6.448892
6753,269,2003,180,22040,9,22.3,1.32,1.8,0,0.4523328,3.631314
6754,269,2003,181,9190,10.3,21.5,1.52,2.7,6.1,0.4528294,7.342669
6755,269,2003,182,13550,13.6,19.4,1.61,4.5,23,0.4533817,6.255499
6756,269,2003,183,13110,13.6,18.6,1.57,6.2,10.4,0.4441721,6.373485
6757,269,2003,184,14590,13.1,19.3,1.57,6,9.1,0.4447838,5.956572
6758,269,2003,185,8480,14.2,17.8,1.51,5.8,0,0.4454475,7.483347
6759,269,2003,186,10780,13.8,18.5,1.49,4.5,0.3,0.4461639,6.95734
6760,269,2003,187,7350,12.2,17.8,1.4,1.7,0,0.4469337,7.716846
6761,269,2003,188,22370,9.6,21.6,1.35,1.5,0,0.4477578,3.370152
6762,269,2003,189,18250,9.6,23,1.46,2.8,0,0.4486372,4.786398
6763,269,2003,190,24790,11.3,20.9,1.43,2.9,0,0.4495727,2.333048
6764,269,2003,191,27260,9.5,24.9,1.39,1.8,0,0.4505656,1.260532
6765,269,2003,192,20630,14.6,25.2,1.63,4.6,0,0.4516167,3.845947
6766,269,2003,193,25050,10.2,21.6,1.32,3.3,0,0.4527275,2.177747
6767,269,2003,194,27460,9.1,22.9,1.36,2.8,0,0.453899,1.070813
6768,269,2003,195,28390,11.4,26.6,1.43,4.5,0,0.4551327,0.5609738
6769,269,2003,196,27560,12.3,29.9,1.45,4.5,0,0.4564298,0.8902974
6770,269,2003,197,25150,15.9,32.8,1.92,4.7,6.3,0.4577919,1.738455
6771,269,2003,198,7700,16.6,21.2,1.92,5.8,2.6,0.4592205,7.558111
6772,269,2003,199,14380,13.8,23.7,1.71,4.9,0.1,0.4607171,5.802062
6773,269,2003,200,26810,12.5,30.1,1.62,2.8,0,0.451625,0.9553959
6774,269,2003,201,20750,14.7,30.8,1.94,3.6,0,0.4531306,3.442283
6775,269,2003,202,23460,12.9,27.5,1.61,2.5,0.2,0.4547021,2.375179
6776,269,2003,203,18760,13.3,23.3,1.51,3.8,0,0.4563412,4.259126
6777,269,2003,204,21130,12.6,24.9,1.54,2.9,0.8,0.4580498,3.291231
6778,269,2003,205,11560,13.6,21.7,1.64,2.9,2.5,0.4598295,6.538166
6779,269,2003,206,18150,13.6,23.4,1.66,4.3,2.2,0.4616822,4.34735
6780,269,2003,207,14540,15.5,23.2,1.73,3.8,0.5,0.46361,5.575131
6781,269,2003,208,17370,12.2,23.6,1.68,5.2,0.5,0.4656148,4.563062
6782,269,2003,209,18740,12.5,23.1,1.51,2.7,0,0.4676989,4.046331
6783,269,2003,210,19360,11,25.6,1.33,3,0,0.4584847,3.812991
6784,269,2003,211,12370,14.2,23.5,1.81,2.7,14.4,0.4605537,6.160639
6785,269,2003,212,23000,11.9,25.6,1.71,1.6,0,0.4627003,1.986646
6786,269,2003,213,19700,12.6,26.4,1.7,2.4,0,0.4649269,3.412086
6787,269,2003,214,21970,15,25,1.87,2.3,0,0.4672358,2.280585
6788,269,2003,215,24060,13.1,24.9,1.78,3.1,0,0.4696294,1.223169
6789,269,2003,216,24700,11.8,26.5,1.69,3.3,0,0.4721102,0.8529134
6790,269,2003,217,21710,12.5,28.2,1.77,3.8,0,0.4746808,2.234614
6791,269,2003,218,21430,15.4,31.1,1.77,4.1,0,0.4773439,2.296575
6792,269,2003,219,22230,15,33.5,1.97,2.4,0,0.4678514,1.750503
6793,269,2003,220,20020,17.2,29.3,2.4,2.7,0,0.4704785,2.630269
6794,269,2003,221,19730,18.3,25.6,2.29,3.3,0,0.4731969,2.730527
6795,269,2003,222,21980,17.2,27.9,2.16,1.8,0,0.4760096,1.554128
6796,269,2003,223,19310,14.6,30.9,2.13,1.9,0,0.4789195,2.835337
6797,269,2003,224,20830,17,34.1,2.39,3.5,0,0.4819296,1.905094
6798,269,2003,225,18810,15.9,24.9,1.77,4.3,0,0.4850432,3.040006
6799,269,2003,226,20840,16.6,22.1,1.42,4.9,0,0.4882636,2.081872
6800,269,2003,227,20250,10.9,22.1,1.22,3.8,0,0.4915944,2.38174
6801,269,2003,228,16580,9.3,22.1,1.27,2.3,0.1,0.4816042,4.023555
6802,269,2003,229,12150,9.2,22.3,1.31,3.5,0.6,0.4848763,5.763304
6803,269,2003,230,14790,13.8,26.6,1.82,3.3,0.5,0.4882578,4.541802
6804,269,2003,231,15030,13.3,22.7,1.47,4.4,0.1,0.4917521,4.462038
6805,269,2003,232,15550,10.1,22.5,1.32,2.5,0,0.4953631,4.208241
6806,269,2003,233,15600,8.7,23.9,1.32,4.2,0,0.4990948,4.11787
6807,269,2003,234,5160,13.6,20.4,1.73,4.7,1.4,0.5029512,7.80533
6808,269,2003,235,16850,11.2,23.3,1.6,3.5,1.9,0.5069366,3.267019
6809,269,2003,236,8390,11.8,21,1.44,2.7,0,0.4964183,6.828646
6810,269,2003,237,17740,14.4,22.8,1.59,3,0,0.5003246,2.610201
6811,269,2003,238,16480,13,22,1.5,3.6,0,0.5043589,3.226157
6812,269,2003,239,7480,13.8,19.8,1.34,3.1,0.1,0.5085257,7.058132
6813,269,2003,240,7950,13.6,19.5,1.39,2,0,0.5128295,6.866933
6814,269,2003,241,5180,11.1,16.4,1.35,3.2,2.8,0.5172753,7.718339
6815,269,2003,242,17640,7.4,19.9,1.17,3.8,0,0.521868,2.304172
6816,269,2003,243,14560,9.1,19.4,1.19,4.5,0,0.5108907,3.896412
6817,269,2003,244,16700,10.3,18.4,1.18,4.1,0.6,0.5153867,2.621567
6818,269,2003,245,16270,7.1,19.9,1.08,1.9,0,0.5200285,2.804293
6819,269,2003,246,14780,5.2,20.6,1.18,1.8,0,0.5248214,3.503996
6820,269,2003,247,18730,5.4,22.4,1.21,1.6,0,0.5297707,0.9279469
6821,269,2003,248,17460,7.6,25.1,1.25,3,0,0.5348822,1.606012
6822,269,2003,249,6980,13.7,21.3,1.6,3.4,1.8,0.5401617,6.911231
6823,269,2003,250,10710,11.3,20.1,1.55,2,0,0.5456155,5.222766
6824,269,2003,251,7040,11.2,19.1,1.46,1.8,0,0.5337767,6.833914
6825,269,2003,252,12310,9.8,19.7,1.31,3.3,2.7,0.5391059,4.274286
6826,269,2003,253,3670,9.4,13.5,1.24,2.7,10.1,0.5446078,7.977875
6827,269,2003,254,10370,12.1,19,1.41,4.2,0.5,0.5502887,5.142678
6828,269,2003,255,6480,8.4,18.1,1.34,2.6,1.3,0.5561551,6.9272
6829,269,2003,256,16760,5.7,19.7,1.18,1.5,0,0.5622141,0.8660934
6830,269,2003,257,16920,4.7,21.5,1.1,1.8,0,0.5684729,0.6102642
6831,269,2003,258,12580,6.1,22.9,1.3,1.4,0,0.5558914,3.488594
6832,269,2003,259,13450,8.7,23.5,1.46,1.7,0,0.5619997,2.702363
6833,269,2003,260,14950,9.9,25.5,1.44,2.2,0,0.5683055,1.425908
6834,269,2003,261,14780,11.7,28.3,1.54,3.9,0,0.5748159,1.335785
6835,269,2003,262,11860,12.1,23.7,1.68,3.8,0,0.5815388,3.356045
6836,269,2003,263,14080,11.1,26.7,1.75,2.4,0,0.5884819,1.455915
6837,269,2003,264,14110,13.8,24.3,1.54,2.8,0,0.5956537,1.344738
6838,269,2003,265,13540,11.7,26.1,1.49,6.4,11.3,0.5821833,1.669908
6839,269,2003,266,8210,8.9,14.5,0.98,4.5,5.4,0.5891726,5.542454
6840,269,2003,267,14560,5.9,16.2,0.95,1.7,0,0.5963868,0.7042931
6841,269,2003,268,14570,3.2,18.6,0.94,2.2,0,0.6038343,0.4859006
6842,269,2003,269,10350,4.6,18.2,1,3.3,1.3,0.6115237,3.807923
6843,269,2003,270,12910,6,17.5,1.08,1.8,0,0.6194641,1.49645
6844,269,2003,271,3250,5.4,13.1,1.05,3.2,5,0.6276647,7.805531
6845,269,2003,272,9650,6.6,16.5,1.12,3,0.5,0.6361355,3.91182
6846,269,2003,273,10340,3.8,17.5,1.04,2.5,0,0.6211191,3.249221
6847,269,2003,274,9970,5.2,16.3,1.1,3.3,0,0.6293505,3.384784
6848,269,2003,275,10510,8.3,17.9,1.27,1.6,0.1,0.6378454,2.674125
6849,269,2003,276,5620,10.8,17.7,1.43,2.3,2.1,0.6466133,6.329514
6850,269,2003,277,8470,6.1,14.3,1.03,3,6.1,0.6556639,4.254328
6851,269,2003,278,9280,3.4,13.2,0.89,3.4,2.2,0.6650076,3.480486
6852,269,2003,279,5580,5.9,14.9,1.02,7.4,4.3,0.674655,6.22858
6853,269,2003,280,6310,6.1,12.4,0.96,7.4,22,0.6583203,5.651235
6854,269,2003,281,2680,9.8,14.2,1.16,6.1,12.8,0.6676702,7.817996
6855,269,2003,282,3670,8.9,14.6,1.15,4.4,0.2,0.677313,7.250791
6856,269,2003,283,8050,8.2,16.5,1.19,5.9,0.9,0.6872585,3.748335
6857,269,2003,284,4860,5.3,14.4,0.97,3.2,0,0.6975169,6.397213
6858,269,2003,285,9970,2.2,14.1,0.9,2.1,0,0.7080988,1.461864
6859,269,2003,286,8600,2,12.9,0.83,4.2,0,0.7190148,2.853537
6860,269,2003,287,11030,3,12,0.8,5,0,0.7011604,0
6861,269,2003,288,10950,0.4,12.3,0.77,4.7,0,0.7117022,0
6862,269,2003,289,10810,0.2,11.1,0.74,4.3,0,0.7225609,0
6863,269,2003,290,10540,0.1,11.1,0.71,4.6,0,0.7337458,0
6864,269,2003,291,10100,-1.7,11.9,0.72,4.2,0,0.7452664,0
6865,269,2003,292,9410,-2.4,12,0.71,2.7,0,0.7571323,0.593181
6866,269,2003,293,4100,2.6,8.7,0.79,3.9,0,0.7693533,6.403676
6867,269,2003,294,5240,1.1,8.8,0.75,3.3,0,0.7819394,5.270971
6868,269,2003,295,5850,0.6,8.2,0.71,4.2,0,0.7615323,4.518241
6869,269,2003,296,9260,-4.1,7.1,0.53,4.8,0,0.7736058,0
6870,269,2003,297,6870,-4.8,5.9,0.57,3.8,1.1,0.7860145,3.035196
6871,269,2003,298,5030,-2.4,10.5,0.73,4.3,5.2,0.7987658,5.0478
6872,269,2003,299,6180,-2.2,9.8,0.71,3.6,0,0.8118664,3.500471
6873,269,2003,300,9260,-4.6,7.6,0.54,1.5,0,0.8253233,0
6874,269,2003,301,8280,-3,7.2,0.63,2.7,0,0.8391428,0
6875,269,2003,302,5610,-1.1,9,0.66,4.1,0,0.853331,3.798381
6876,269,2003,303,2180,4.5,10.3,0.94,4.2,0.9,0.829911,7.46287
6877,269,2003,304,3300,4.5,11.1,0.96,3.8,4.5,0.843395,6.322852
6878,269,2003,305,2980,7,11.8,1.09,4.1,1,0.8571998,6.572289
6879,269,2003,306,2950,6.3,11.8,1.01,7.8,1.6,0.8713273,6.550723
6880,269,2003,307,3690,8.7,13.3,1.06,8.5,5,0.8857786,5.570964
6881,269,2003,308,6450,3.2,13.5,0.95,4.3,0,0.9005538,0.9594452
6882,269,2003,309,5940,7.2,13.6,1.03,3.7,0,0.9156522,1.64681
6883,269,2003,310,6600,2.3,13.9,0.91,2.4,0,0.9310723,0.126062
6884,269,2003,311,6410,1.2,8.8,0.72,5.1,0,0.9468111,0.405637
6885,269,2003,312,6200,2,9.7,0.75,5.9,0,0.9187459,0.5431835
6886,269,2003,313,5560,-0.6,10.5,0.72,2.9,0,0.933463,1.656649
6887,269,2003,314,3820,2.8,12.2,0.9,3.2,0,0.948423,4.617959
6888,269,2003,315,890,1,4.1,0.68,3.4,0,0.963617,8
6889,269,2003,316,4260,-0.1,7.8,0.68,2.9,0,0.9790346,3.64976
6890,269,2003,317,4770,5.1,13.2,1.06,3.6,0.1,0.994664,2.222323
6891,269,2003,318,1930,6.1,9,0.89,5.8,0,1.010491,7.066562
6892,269,2003,319,2070,5.3,11.2,0.96,6.5,0,1.026502,6.820419
6893,269,2003,320,960,4,7.7,0.88,2.3,4,1.042677,8
6894,269,2003,321,2570,6.7,9.6,0.98,6.5,0.3,1.058999,5.932387
6895,269,2003,322,640,8.9,13,1.23,6.2,0.1,1.024323,8
6896,269,2003,323,1560,11,13.7,1.31,7,0,1.039163,7.279315
6897,269,2003,324,530,8.5,11.8,1.15,5.5,0.3,1.054044,8
6898,269,2003,325,1550,7.7,10,1.03,4.4,1.4,1.06894,7.246496
6899,269,2003,326,1860,9,13.6,1.19,4.6,1.2,1.083824,6.717064
6900,269,2003,327,920,9.8,13.3,1.25,2.3,4.8,1.098668,7.987223
6901,269,2003,328,540,6.5,9.9,1.04,3.8,16.2,1.113442,8
6902,269,2003,329,3780,3.9,9.4,0.91,3.2,0,1.128114,2.43035
6903,269,2003,330,2430,6.6,10.3,0.95,6.7,2.2,1.142652,5.474725
6904,269,2003,331,1750,1.2,7.2,0.81,1.5,0,1.157019,6.717625
6905,269,2003,332,4110,-1.2,8.9,0.76,2.3,0,1.17118,1.072703
6906,269,2003,333,1860,2.4,6.3,0.73,5.1,0,1.185096,6.445515
6907,269,2003,334,710,3.9,7.9,0.88,4,1.9,1.198729,8
6908,269,2003,335,1730,5.5,12.4,1.03,3.7,7,1.152804,6.533827
6909,269,2003,336,1960,2.5,7.9,0.81,3.2,0,1.164385,6.085317
6910,269,2003,337,900,1.9,6.3,0.78,3.3,0,1.175584,7.871559
6911,269,2003,338,380,4.4,6.3,0.8,6.1,0,1.186362,8
6912,269,2003,339,950,4.4,6.1,0.81,2.7,0,1.196684,7.767825
6913,269,2003,340,2910,-2.7,9.4,0.61,4.7,0.6,1.206514,3.640809
6914,269,2003,341,4230,-5.4,1.8,0.43,2.8,0,1.215816,0
6915,269,2003,342,4200,-7.6,1.8,0.39,2.3,0,1.224556,0
6916,269,2003,343,3840,-6.9,2.5,0.44,2.3,0,1.232701,0.6274667
6917,269,2003,344,3500,-6.8,3.3,0.45,2.2,0,1.240217,1.668254
6918,269,2003,345,750,-1.1,6.4,0.7,6.7,2.6,1.247076,8
6919,269,2003,346,1550,-2,8.7,0.73,3.4,1.7,1.253249,6.60724
6920,269,2003,347,170,8.6,12.2,1.17,9.2,21.1,1.258711,8
6921,269,2003,348,2650,2.6,9.4,0.76,8.1,5.5,1.263437,3.84192
6922,269,2003,349,1990,1.7,5.4,0.62,6.6,1.3,1.267408,5.616013
6923,269,2003,350,2200,1.6,7.9,0.74,3.5,0.1,1.270606,5.036202
6924,269,2003,351,2930,-0.1,6.8,0.65,4.3,0,1.273017,2.988658
6925,269,2003,352,3350,-1.7,5.9,0.6,2.6,0,1.274631,1.640992
6926,269,2003,353,500,-0.1,5.2,0.69,3.4,0,1.275439,8
6927,269,2003,354,410,3.8,10.4,0.93,7,5.1,1.275439,8
6928,269,2003,355,1390,1.2,7.5,0.68,9.6,11.7,1.274631,6.8769
6929,269,2003,356,2350,-2.9,4.4,0.5,4.9,0.3,1.273017,4.742529
6930,269,2003,357,420,-2,2.1,0.58,5.1,5.4,1.270606,8
6931,269,2003,358,430,1.5,6.3,0.79,6,0.3,1.267408,8
6932,269,2003,359,920,6.3,9.1,0.95,7,0,1.263437,7.705629
6933,269,2003,360,420,6.1,8.8,0.9,7.8,0.1,1.258711,8
6934,269,2003,361,3100,4.9,9.2,0.8,8.3,0.1,1.253249,2.553324
6935,269,2003,362,340,3.3,8.6,0.83,5.7,27.4,1.247076,8
6936,269,2003,363,2490,0.6,6,0.67,4.6,0.2,1.240217,4.505923
6937,269,2003,364,620,0,3.6,0.65,1.9,0,1.232701,8
6938,269,2003,365,1840,-0.9,2.6,0.61,3.1,0,1.224556,6.149123
6939,269,2004,1,830,-0.6,0.8,0.53,4.4,0,1.215816,7.942653
6940,269,2004,2,3610,-6.3,-0.1,0.41,4.8,0,1.206514,1.773228
6941,269,2004,3,1810,-6.7,-1,0.39,2.7,0.3,1.196684,6.383154
6942,269,2004,4,1400,-3.5,5,0.57,4.6,2.3,1.186362,7.11328
6943,269,2004,5,1410,2,5.5,0.75,3,0.5,1.175584,7.093871
6944,269,2004,6,320,2.8,8.7,0.87,5.9,4.9,1.164385,8
6945,269,2004,7,1040,1,7.7,0.81,3.8,0.2,1.152804,7.711447
6946,269,2004,8,1280,4.4,7.1,0.81,6.7,2.8,1.198729,7.380174
6947,269,2004,9,1570,4.3,8.1,0.87,4.8,3,1.185096,6.938999
6948,269,2004,10,2550,2.7,8.4,0.84,4.3,0,1.17118,5.119204
6949,269,2004,11,870,4.3,11.4,0.93,7.7,12.7,1.157019,8
6950,269,2004,12,1160,3.9,6.3,0.78,5.8,2.6,1.142652,7.661371
6951,269,2004,13,1380,4.6,9.4,0.83,9.8,5.6,1.128114,7.380644
6952,269,2004,14,910,1.2,6.8,0.69,5.7,14.2,1.113442,8
6953,269,2004,15,1510,3.7,6.1,0.75,6,2.7,1.098668,7.27707
6954,269,2004,16,1480,4.6,7.2,0.82,10.1,15,1.083824,7.344152
6955,269,2004,17,820,3.2,5.6,0.74,8.7,6.2,1.06894,8
6956,269,2004,18,4540,-0.5,3.7,0.56,4.7,0,1.054044,1.707988
6957,269,2004,19,590,3.2,8.4,0.87,6.9,25,1.039163,8
6958,269,2004,20,3660,-0.1,6.4,0.67,2.5,0.1,1.024323,3.969798
6959,269,2004,21,4320,-2.2,2.9,0.51,2,0,1.058999,2.847817
6960,269,2004,22,900,0,2.6,0.52,4.8,0.1,1.042677,8
6961,269,2004,23,2630,0.5,4.6,0.62,3.8,0,1.026502,6.121199
6962,269,2004,24,1030,0.7,6.3,0.68,4,3.9,1.010491,8
6963,269,2004,25,3320,-1.2,7.3,0.7,2.5,0.8,0.994664,5.20373
6964,269,2004,26,1670,-3.4,1.7,0.56,2.5,0,0.9790346,7.512461
6965,269,2004,27,3440,-1.4,3.6,0.63,2.3,1,0.963617,5.257134
6966,269,2004,28,3640,-1.6,3.4,0.6,4.6,4.2,0.948423,5.073409
6967,269,2004,29,3550,-1.6,4.2,0.58,5.9,3.4,0.933463,5.329286
6968,269,2004,30,2400,0.8,4.8,0.58,7.5,0,0.9187459,6.89501
6969,269,2004,31,460,1.9,10.7,0.82,12.2,20.1,0.9468111,8
6970,269,2004,32,4310,7.6,11,0.98,9.7,12.5,0.9310723,4.401324
6971,269,2004,33,800,9.3,11.7,1.12,8.8,6.8,0.9156522,8
6972,269,2004,34,2970,10.4,15.3,1.14,9.8,0.1,0.9005538,6.394127
6973,269,2004,35,1860,11,15.1,1.17,9.3,2.8,0.8857786,7.5864
6974,269,2004,36,2010,10.4,14.7,1.31,7.8,7.7,0.8713273,7.476537
6975,269,2004,37,700,8.1,11.9,1.12,7.6,11,0.8571998,8
6976,269,2004,38,2570,3.7,9,0.78,9.9,9.3,0.843395,7.114927
6977,269,2004,39,4260,2.6,6,0.66,10,6.3,0.829911,5.450886
6978,269,2004,40,4520,1.8,5.6,0.65,6.1,0.9,0.853331,5.257813
6979,269,2004,41,2150,0.6,7.8,0.72,6.8,9.5,0.8391428,7.601009
6980,269,2004,42,1510,1.5,7.8,0.77,4.5,0.7,0.8253233,8
6981,269,2004,43,2120,1,7.2,0.77,2.5,0.1,0.8118664,7.684592
6982,269,2004,44,2110,6.2,9,0.99,3,0.2,0.7987658,7.703721
6983,269,2004,45,3890,4.8,9.3,0.91,2.8,0,0.7860145,6.309285
6984,269,2004,46,1930,0.6,7.8,0.78,1.1,0,0.7736058,7.897495
6985,269,2004,47,3700,-0.2,3.9,0.68,2.2,0,0.7615323,6.663236
6986,269,2004,48,2650,2.3,6.5,0.77,3.3,0.7,0.7819394,7.488416
6987,269,2004,49,4490,1.4,7.8,0.73,5.5,1.9,0.7693533,6.124048
6988,269,2004,50,8210,-1.2,4.3,0.55,6.4,0,0.7571323,2.434748
6989,269,2004,51,9880,-2.9,3.5,0.44,6.5,0,0.7452664,0.6333512
6990,269,2004,52,4640,-5.1,2.4,0.44,4,0,0.7337458,6.311519
6991,269,2004,53,6980,-0.4,6.2,0.57,5,0.7,0.7225609,4.294117
6992,269,2004,54,9490,-1.7,5.4,0.55,3.8,1,0.7117022,1.753682
6993,269,2004,55,4380,-2.2,6,0.63,5.1,9.5,0.7011604,6.653503
6994,269,2004,56,6850,-1.7,3.1,0.57,4.2,2,0.7190148,4.797818
6995,269,2004,57,7150,-1.9,4.5,0.59,5,0.9,0.7080988,4.644091
6996,269,2004,58,5680,-3.9,1.2,0.47,3.7,0,0.6975169,5.976281
6997,269,2004,59,11680,-6.4,4.2,0.46,1.6,0,0.6872585,0.4827831
6998,269,2004,60,9670,-5.8,4.1,0.49,3.5,0,0.677313,2.809299
6999,269,2004,61,9240,-5.5,5,0.49,3,0,0.6676702,3.381983
7000,269,2004,62,7900,-1,7.4,0.62,4.3,0,0.6583203,4.601352
7001,269,2004,63,9850,-3.5,8.1,0.6,2.8,0,0.674655,3.074404
7002,269,2004,64,6510,-0.6,9.5,0.6,3.8,0,0.6650076,5.831913
7003,269,2004,65,7590,-0.3,8,0.56,3.8,0,0.6556639,5.185815
7004,269,2004,66,4730,0.2,3.9,0.6,2.5,0.7,0.6466133,7.020956
7005,269,2004,67,8870,-2.4,8.3,0.64,3.5,0.9,0.6378454,4.428626
7006,269,2004,68,8180,-4.4,7.2,0.55,3.4,0,0.6293505,5.072009
7007,269,2004,69,7760,-1.3,4.9,0.53,6.2,0,0.6211191,5.449849
7008,269,2004,70,3050,-1.8,2.7,0.56,5.3,0,0.6361355,7.917932
7009,269,2004,71,6980,0.4,5.4,0.61,3.7,0.1,0.6276647,6.051851
7010,269,2004,72,8700,0.1,7.7,0.61,4.9,0,0.6194641,5.08341
7011,269,2004,73,2470,5,9.8,0.85,6.1,1.7,0.6115237,8
7012,269,2004,74,7260,4.9,13.7,0.87,8.8,0.1,0.6038343,6.028825
7013,269,2004,75,6200,10,13.9,1.06,9.5,0,0.5963868,6.614334
7014,269,2004,76,5220,9.7,16,1.25,6.9,0,0.5891726,7.103929
7015,269,2004,77,12770,4.3,18.6,1.1,3.5,0,0.5821833,2.608532
7016,269,2004,78,4810,2.6,15.4,1.02,3.8,4.9,0.5956537,7.37316
7017,269,2004,79,4160,6.4,11.3,0.97,9,13.4,0.5884819,7.659458
7018,269,2004,80,2210,6.6,12.6,1,12.2,8.8,0.5815388,8
7019,269,2004,81,8290,5.2,10.8,0.82,10.6,4.6,0.5748159,5.943808
7020,269,2004,82,10590,0,9.5,0.72,6,1.1,0.5683055,4.811724
7021,269,2004,83,15880,-0.8,9.5,0.71,2.3,0,0.5619997,1.477122
7022,269,2004,84,7830,-1.4,8.4,0.68,2.8,0.5,0.5558914,6.364442
7023,269,2004,85,13480,-1.9,7.9,0.6,2.4,0,0.5684729,3.454746
7024,269,2004,86,9360,-3,8.1,0.61,2.5,0.2,0.5622141,5.786229
7025,269,2004,87,16350,-3.1,9.6,0.61,2.3,0,0.5561551,1.858218
7026,269,2004,88,9510,1,12.4,0.72,3.8,0,0.5502887,5.805828
7027,269,2004,89,15400,2.1,14.2,0.85,2.7,0,0.5446078,2.608476
7028,269,2004,90,17590,1.2,15.7,0.76,5.5,0,0.5391059,1.371922
7029,269,2004,91,16620,0.7,16.8,0.72,3.7,0,0.5337767,2.177706
7030,269,2004,92,16130,6.8,19.5,0.88,4.4,0,0.5456155,2.517791
7031,269,2004,93,10320,7.6,18.4,1.05,4,0,0.5401617,5.64595
7032,269,2004,94,8530,9.3,15.2,1.11,6.2,0.1,0.5348822,6.445356
7033,269,2004,95,11320,7.6,12.3,0.93,8.7,4.6,0.5297707,5.342654
7034,269,2004,96,10020,4.4,11,0.85,7.6,8.2,0.5248214,5.983302
7035,269,2004,97,9490,4.2,8.8,0.81,6.6,7.7,0.5200285,6.251378
7036,269,2004,98,11540,4.6,9.6,0.83,6,4.7,0.5153867,5.453263
7037,269,2004,99,8180,3.4,8.9,0.79,4.3,10.7,0.5108907,6.810844
7038,269,2004,100,8970,-0.3,8.9,0.66,3.1,0,0.521868,6.591943
7039,269,2004,101,8020,0.5,9.1,0.68,4.2,2,0.5172753,6.943068
7040,269,2004,102,10090,1.1,9.4,0.68,2.1,0,0.5128295,6.260033
7041,269,2004,103,17820,1,12.2,0.81,2.3,0,0.5085257,2.827095
7042,269,2004,104,13490,1.5,12.2,0.85,2.8,0.6,0.5043589,4.959829
7043,269,2004,105,21720,0.5,15.2,0.84,1.8,0,0.5003246,0.8609421
7044,269,2004,106,18490,1.1,17.6,0.75,2.7,0,0.4964183,2.803131
7045,269,2004,107,19830,4.2,20.2,0.85,2.6,0,0.5069366,2.145336
7046,269,2004,108,18420,7,21.4,1,4.3,0.1,0.5029512,2.894094
7047,269,2004,109,12070,6.9,13.8,0.93,7.3,1,0.4990948,5.759401
7048,269,2004,110,11540,4.7,11.3,0.77,5,0,0.4953631,6.028787
7049,269,2004,111,17380,1.4,14.6,0.78,1.7,0,0.4917521,3.731849
7050,269,2004,112,13990,2.8,17.9,0.96,4,0,0.4882578,5.155996
7051,269,2004,113,16860,7.5,16.5,1.15,2.7,1,0.4848763,3.956061
7052,269,2004,114,22820,3.6,15.9,0.91,3.1,0,0.4816042,1.248524
7053,269,2004,115,17820,4.4,15.8,0.9,2.3,0,0.4915944,3.757918
7054,269,2004,116,19920,3,17.6,0.93,2.5,0,0.4882636,2.863179
7055,269,2004,117,19770,4.9,20.5,0.97,2.3,0,0.4850432,2.988768
7056,269,2004,118,20480,6.5,21.3,1.06,4,0,0.4819296,2.691086
7057,269,2004,119,14430,9.6,20.7,1.33,4.5,9.6,0.4789195,5.210387
7058,269,2004,120,10000,11.8,18.1,1.36,4.3,3.1,0.4760096,6.719755
7059,269,2004,121,21220,10.3,22.9,1.32,5,0.3,0.4731969,2.452179
7060,269,2004,122,12490,9.2,18.8,1.33,3.8,0,0.4704785,5.997019
7061,269,2004,123,5920,8,13.3,1.1,4.3,0,0.4678514,7.838541
7062,269,2004,124,17620,8.3,20,1.24,4.3,0.2,0.4773439,4.229562
7063,269,2004,125,13000,5.2,13.5,0.94,6.5,0.6,0.4746808,5.992346
7064,269,2004,126,19080,5.3,15.6,0.87,5.3,0,0.4721102,3.874977
7065,269,2004,127,20590,2.6,15.6,0.88,2.6,0,0.4696294,3.307276
7066,269,2004,128,2540,9,12.8,1.21,5.6,18,0.4672358,8
7067,269,2004,129,10250,7.9,13.9,1.1,4.3,0,0.4649269,6.856787
7068,269,2004,130,18230,8,15.9,1.16,2.3,0,0.4627003,4.283037
7069,269,2004,131,11670,10.3,15.8,1.35,2.8,0,0.4605537,6.463602
7070,269,2004,132,14660,9.2,14.2,1.1,4.5,0,0.4584847,5.61759
7071,269,2004,133,11630,8.7,12.4,0.92,4.8,0,0.4676989,6.576865
7072,269,2004,134,14300,9.1,13.8,1.08,4.4,0,0.4656148,5.785609
7073,269,2004,135,20960,8.5,16.3,1.05,2.4,0,0.46361,3.47252
7074,269,2004,136,23080,9.6,19.3,1.28,3.9,0,0.4616822,2.55182
7075,269,2004,137,26200,8.5,19.2,1.22,2.9,0,0.4598295,1.244298
7076,269,2004,138,27010,6.9,21.9,1.18,1.9,0,0.4580498,0.9474544
7077,269,2004,139,26900,6.1,19.8,1.03,2.5,0,0.4563412,1.142234
7078,269,2004,140,26740,6.4,21.8,1.09,4.7,0,0.4547021,1.234445
7079,269,2004,141,22640,8.1,19,1.1,3.8,0,0.4531306,3.025452
7080,269,2004,142,17850,5.3,15.4,0.83,5.4,0.1,0.451625,4.90309
7081,269,2004,143,19950,5.5,14,0.8,5.7,2.7,0.4607171,4.22326
7082,269,2004,144,27730,7.1,13.5,0.83,4.7,5.8,0.4592205,1.14968
7083,269,2004,145,25340,6.8,17.6,1.01,4.3,0,0.4577919,2.116282
7084,269,2004,146,11090,5.4,14.5,0.91,3.4,0.1,0.4564298,6.887367
7085,269,2004,147,14450,7.2,13.3,0.81,3.1,0,0.4551327,6.035372
7086,269,2004,148,17980,5.8,15,0.96,2.8,0.4,0.453899,4.947434
7087,269,2004,149,28500,3.3,19.2,0.99,2.6,0,0.4527275,0.9139769
7088,269,2004,150,28010,5.5,23.4,0.94,2.9,0,0.4516167,1.197506
7089,269,2004,151,13630,11.4,23.5,1.42,2.5,11.2,0.4505656,6.200311
7090,269,2004,152,12960,8.1,17.2,1.29,2,3,0.4495727,6.411229
7091,269,2004,153,22090,5.7,21,1.24,2.3,0,0.4486372,3.526179
7092,269,2004,154,4670,11.1,15.7,1.4,4.3,9.1,0.4477578,8
7093,269,2004,155,21690,11.8,17,1.36,3.6,0.3,0.4469337,3.670077
7094,269,2004,156,8180,11.3,17.5,1.44,4.4,5.3,0.4461639,7.553697
7095,269,2004,157,7010,10.8,14.3,1.21,3.8,0.1,0.4454475,7.805436
7096,269,2004,158,19890,7.8,20.1,1.26,1.3,0,0.4447838,4.379382
7097,269,2004,159,25000,10.1,25.2,1.51,2.8,0,0.4441721,2.406981
7098,269,2004,160,24940,11.7,27.9,1.66,1.9,0,0.4533817,2.39006
7099,269,2004,161,20820,14.3,23.7,1.71,3.8,0,0.4528294,3.962609
7100,269,2004,162,14390,13.6,23.3,1.78,3.2,0.3,0.4523328,6.018352
7101,269,2004,163,23230,11.9,20.2,1.39,5.1,0,0.4518908,3.192648
7102,269,2004,164,17000,11.6,17.9,1.34,5.5,7.8,0.4515028,5.337154
7103,269,2004,165,16490,8.4,16.9,1.14,3.5,0.4,0.4511678,5.53719
7104,269,2004,166,21150,7.9,22.7,1.44,4,0,0.4508853,3.956132
7105,269,2004,167,15090,12.9,21.4,1.57,4.6,0,0.4506548,5.867836
7106,269,2004,168,20040,11.8,18.4,1.17,4.3,0,0.4504759,4.423961
7107,269,2004,169,13870,13.4,18.7,1.39,6.5,0.2,0.4503484,6.236709
7108,269,2004,170,14780,10.2,18.2,1.31,3.6,4.2,0.4502719,6.001461
7109,269,2004,171,27020,9.1,15.9,1.01,4.8,1.7,0.4502464,1.907962
7110,269,2004,172,16830,7.6,16.2,1.06,4.7,2.1,0.4502719,5.463434
7111,269,2004,173,17950,7.9,17.3,1.15,3.5,5.6,0.4503484,5.100813
7112,269,2004,174,22990,7.4,20.1,1.18,2.9,0,0.4504759,3.381234
7113,269,2004,175,10990,13.1,21,1.71,8.5,42,0.4506548,6.927392
7114,269,2004,176,7480,11.7,16.4,1.24,9.8,20,0.4508853,7.726672
7115,269,2004,177,17700,7.8,17.8,1.23,5.9,7.6,0.4511678,5.143667
7116,269,2004,178,19930,6.1,20.5,1.15,2,0.1,0.4515028,4.440019
7117,269,2004,179,16050,13.5,21.5,1.64,4.4,5,0.4518908,5.552574
7118,269,2004,180,26300,9.5,19,1.22,4.8,0,0.4523328,2.022751
7119,269,2004,181,21460,9.6,20.1,1.37,4.3,0,0.4528294,3.813428
7120,269,2004,182,17360,13.3,23,1.52,3.8,1.6,0.4533817,5.14916
7121,269,2004,183,23650,11.8,18.7,1.35,5.1,8.2,0.4441721,2.975467
7122,269,2004,184,13410,11,18.5,1.38,5.8,5.8,0.4447838,6.312638
7123,269,2004,185,19000,11.4,18.6,1.38,6.7,39.5,0.4454475,4.614371
7124,269,2004,186,13640,12.7,19.1,1.54,4.8,8,0.4461639,6.211524
7125,269,2004,187,26890,9.5,19.3,1.33,3,0,0.4469337,1.576246
7126,269,2004,188,28360,7.8,20.4,1.22,2,0,0.4477578,0.960209
7127,269,2004,189,21620,7.8,21.1,1.25,5.8,2.3,0.4486372,3.663534
7128,269,2004,190,16800,13.3,22.2,1.69,3.2,7.5,0.4495727,5.19658
7129,269,2004,191,14710,12.4,18.8,1.52,3.8,1.4,0.4505656,5.857295
7130,269,2004,192,24850,11.2,18.2,1.22,5.5,0.3,0.4516167,2.337513
7131,269,2004,193,15450,11.2,18,1.41,5.6,6.9,0.4527275,5.627332
7132,269,2004,194,9740,12.1,16.6,1.32,5,0.6,0.453899,7.167017
7133,269,2004,195,16660,11.7,17.7,1.27,4,0.6,0.4551327,5.245026
7134,269,2004,196,8640,11.7,20.6,1.58,5.5,2.7,0.4564298,7.383806
7135,269,2004,197,11840,15.3,20.2,1.75,4.2,0.2,0.4577919,6.56202
7136,269,2004,198,7400,13.4,19.7,1.71,2.2,3.3,0.4592205,7.635354
7137,269,2004,199,19610,11.4,27.6,1.88,2.7,11.6,0.4607171,3.970855
7138,269,2004,200,14390,14.7,21.4,1.82,2.8,1.4,0.451625,5.763148
7139,269,2004,201,17710,10.5,20.9,1.5,3.3,0,0.4531306,4.700983
7140,269,2004,202,7970,9.6,19.9,1.56,2.6,4.6,0.4547021,7.490246
7141,269,2004,203,13960,10.7,24.1,1.79,1.6,3,0.4563412,5.842535
7142,269,2004,204,22760,13.2,25.6,1.87,1.6,0,0.4580498,2.493262
7143,269,2004,205,16490,13.9,23.6,1.88,3.4,1.6,0.4598295,4.935745
7144,269,2004,206,18260,10.2,22.7,1.48,2.4,0,0.4616822,4.351832
7145,269,2004,207,6870,12.7,16.9,1.45,3.6,3.2,0.46361,7.700897
7146,269,2004,208,24810,9.7,19.3,1.35,3.8,2.1,0.4656148,1.553141
7147,269,2004,209,21560,9,21.6,1.41,2,0,0.4676989,2.924725
7148,269,2004,210,23500,10.6,22.3,1.48,2.6,0,0.4584847,1.975918
7149,269,2004,211,24680,10.7,25.9,1.51,3.1,0,0.4605537,1.336898
7150,269,2004,212,22670,11.5,27,1.65,1.8,0,0.4627003,2.164369
7151,269,2004,213,21190,12.2,24.7,1.72,2.1,0,0.4649269,2.753553
7152,269,2004,214,20270,12.6,21.7,1.68,2.6,0,0.4672358,3.117349
7153,269,2004,215,22420,12.1,25.4,1.8,2.6,0,0.4696294,2.023948
7154,269,2004,216,23900,13.2,26.7,1.82,3.1,0,0.4721102,1.207093
7155,269,2004,217,21260,14.9,26.5,1.95,3.3,0,0.4746808,2.386407
7156,269,2004,218,18100,16.2,30.1,2.21,2.8,0,0.4773439,3.694143
7157,269,2004,219,22190,15.7,29.8,2.02,2.7,0,0.4678514,1.752256
7158,269,2004,220,13400,16.6,25.1,2.14,2.1,0,0.4704785,5.504824
7159,269,2004,221,22950,15.8,31.4,1.78,4.1,0,0.4731969,1.282543
7160,269,2004,222,21920,18.3,32.2,1.58,4.9,0,0.4760096,1.811569
7161,269,2004,223,13220,18.5,29.3,1.96,4.2,2.7,0.4789195,5.487599
7162,269,2004,224,15530,16.1,26.2,2.06,2.8,7.7,0.4819296,4.505913
7163,269,2004,225,9300,15.4,26,2.08,3.1,7.1,0.4850432,6.756642
7164,269,2004,226,6710,15.9,19.2,1.85,5.6,14.6,0.4882636,7.503929
7165,269,2004,227,18640,15.2,23.2,1.87,3.7,0,0.4915944,2.938491
7166,269,2004,228,14810,16.4,24.8,1.97,3,0.1,0.4816042,4.614801
7167,269,2004,229,10430,14.9,22.2,1.88,3.3,16,0.4848763,6.292494
7168,269,2004,230,17850,14.8,24.1,1.79,3.3,0,0.4882578,3.11553
7169,269,2004,231,14820,17.3,26.4,2.04,5.2,1.1,0.4917521,4.41909
7170,269,2004,232,12470,15.7,23.2,1.79,8,1.7,0.4953631,5.420259
7171,269,2004,233,7450,13.1,19.2,1.6,5.1,17.7,0.4990948,7.1858
7172,269,2004,234,9850,8,18.2,1.24,3.9,5.4,0.5029512,6.417997
7173,269,2004,235,14210,8.4,21.1,1.36,2.4,0,0.5069366,4.607611
7174,269,2004,236,10800,9.7,21.7,1.5,2.8,14.4,0.4964183,5.951963
7175,269,2004,237,8780,14.1,22.3,1.86,4.5,16.9,0.5003246,6.616854
7176,269,2004,238,11210,13.7,19.9,1.7,5.8,17.7,0.5043589,5.662447
7177,269,2004,239,12780,12,19.4,1.52,5.4,6.2,0.5085257,4.961732
7178,269,2004,240,2860,13.5,16.5,1.6,6,8,0.5128295,8
7179,269,2004,241,20060,9,19.3,1.31,2.5,0,0.5172753,0.8841039
7180,269,2004,242,9730,8.2,20.7,1.33,4.3,1.4,0.521868,6.142117
7181,269,2004,243,10670,12.3,18.4,1.54,6,15.5,0.5108907,5.666491
7182,269,2004,244,15370,9,18.3,1.3,5.6,2.2,0.5153867,3.329445
7183,269,2004,245,17400,7.6,20.4,1.3,1.7,0,0.5200285,2.024155
7184,269,2004,246,18540,7.4,23.3,1.36,2.2,0,0.5248214,1.124103
7185,269,2004,247,17550,9.7,24.9,1.54,1.6,0,0.5297707,1.54748
7186,269,2004,248,17910,13,25.1,1.79,2,0,0.5348822,1.041945
7187,269,2004,249,15600,12.2,26.9,2,2.1,0,0.5401617,2.377279
7188,269,2004,250,18360,13.2,25.5,1.86,4.7,0,0.5456155,0.3580617
7189,269,2004,251,17850,11.1,23,1.63,5.2,0,0.5337767,0.6765036
7190,269,2004,252,17300,8.9,21.3,1.42,3.8,0,0.5391059,1.017346
7191,269,2004,253,18040,9.3,22,1.26,3.7,0,0.5446078,0.3867377
7192,269,2004,254,16840,7.8,24.9,1.26,4,0,0.5502887,1.105608
7193,269,2004,255,12130,16.2,22.7,1.85,5.4,0,0.5561551,3.934476
7194,269,2004,256,14180,13.9,18.5,1.27,8.6,0,0.5622141,2.68184
7195,269,2004,257,6640,12.3,18.2,1.4,8,1.9,0.5684729,6.775941
7196,269,2004,258,13270,11.4,19.5,1.42,8.5,5.4,0.5558914,2.980432
7197,269,2004,259,12180,9.7,16.6,1.26,4.7,3.8,0.5619997,3.649119
7198,269,2004,260,13500,5.3,18,1.08,2.8,0.2,0.5683055,2.691516
7199,269,2004,261,13840,9.1,19.7,1.13,4.8,0,0.5748159,2.269715
7200,269,2004,262,9270,12.7,21.1,1.44,5.7,1,0.5815388,5.121562
7201,269,2004,263,13820,10.1,18.3,1.26,4.6,0,0.5884819,1.896685
7202,269,2004,264,1960,11.7,15.6,1.31,8.8,5.9,0.5956537,8
7203,269,2004,265,10850,10.4,16.8,1.18,9.3,7.6,0.5821833,3.871591
7204,269,2004,266,3370,10.7,13.7,1.21,5.7,3.8,0.5891726,7.855514
7205,269,2004,267,5910,11.7,14.6,1.3,5.5,4.8,0.5963868,6.686445
7206,269,2004,268,8490,10.3,15,1.23,5.2,5.5,0.6038343,5.137688
7207,269,2004,269,7100,10.8,14.8,1.21,4.6,1.3,0.6115237,5.926615
7208,269,2004,270,11350,11.1,17.1,1.37,3.7,0,0.6194641,2.717141
7209,269,2004,271,11400,11.1,17.7,1.41,4,0.1,0.6276647,2.493503
7210,269,2004,272,4520,12.6,17.9,1.54,5.1,6.8,0.6361355,7.149381
7211,269,2004,273,11090,9.6,15.2,1.2,4.1,0.5,0.6211191,2.52539
7212,269,2004,274,6900,10.2,15.5,1.28,2.4,0.7,0.6293505,5.663222
7213,269,2004,275,3780,11.8,16.5,1.49,2.7,8.6,0.6378454,7.419053
7214,269,2004,276,8170,11.8,16.7,1.33,5.5,3.9,0.6466133,4.520381
7215,269,2004,277,6820,10.6,16.7,1.3,5,0.8,0.6556639,5.457942
7216,269,2004,278,5490,13,18.1,1.47,5.6,1.6,0.6650076,6.277758
7217,269,2004,279,5730,10.9,16.4,1.36,4.2,0.4,0.674655,6.062466
7218,269,2004,280,8820,9.5,15.9,1.19,7,0.8,0.6583203,3.469889
7219,269,2004,281,9080,6.3,15.6,1.09,5.4,0.9,0.6676702,3.101462
7220,269,2004,282,7900,4.8,15.2,1.07,1.9,0,0.677313,4.079488
7221,269,2004,283,11040,3.2,15.1,0.99,2.5,0,0.6872585,0.6067686
7222,269,2004,284,11360,2.9,12.3,0.86,5.1,0,0.6975169,0.05236333
7223,269,2004,285,11850,3,12.2,0.77,6.6,0,0.7080988,0
7224,269,2004,286,8970,4.1,11.4,0.74,5.6,0,0.7190148,2.500985
7225,269,2004,287,9640,6.3,16,1.07,4.1,0,0.7011604,1.291864
7226,269,2004,288,5870,10.4,15.1,1.19,5,0.4,0.7117022,5.181144
7227,269,2004,289,7570,8,13.3,1.06,3.8,0.4,0.7225609,3.348524
7228,269,2004,290,2640,6.4,9.5,0.96,3.6,6.5,0.7337458,7.596614
7229,269,2004,291,2680,5.3,10.4,0.99,3.7,1.1,0.7452664,7.534242
7230,269,2004,292,3360,5.5,12,1.03,3.9,8.8,0.7571323,7.012388
7231,269,2004,293,9120,4,14.3,1.01,3.1,0,0.7693533,0.5004452
7232,269,2004,294,1370,7.1,17,1.3,4.9,4.8,0.7819394,8
7233,269,2004,295,8790,10.5,16.3,1.14,9.1,4.4,0.7615323,0.3524093
7234,269,2004,296,8370,10.3,16.6,1.2,7.7,0,0.7736058,0.6874376
7235,269,2004,297,760,13.1,17.1,1.51,7.9,12.5,0.7860145,8
7236,269,2004,298,2590,14.3,16.8,1.5,6,3.4,0.7987658,7.275227
7237,269,2004,299,4350,9.6,16,1.18,9.3,1.4,0.8118664,5.562494
7238,269,2004,300,5990,4.2,13.5,0.99,3.4,0,0.8253233,3.444793
7239,269,2004,301,5370,0.5,11.6,0.81,3.7,0,0.8391428,4.203757
7240,269,2004,302,2240,9.3,13.8,1.24,3.1,2.7,0.853331,7.422097
7241,269,2004,303,7280,8.6,16.9,1.34,2.3,3.5,0.829911,0.4974028
7242,269,2004,304,3840,4.1,12.7,1.05,1.5,0,0.843395,5.684499
7243,269,2004,305,2640,8.4,12.3,1.07,2.5,0,0.8571998,6.928124
7244,269,2004,306,3070,5.1,10.2,0.89,3.7,0,0.8713273,6.44131
7245,269,2004,307,1270,7.2,9.3,0.97,4,1,0.8857786,8
7246,269,2004,308,1780,6.5,11.6,1.11,2.1,3.4,0.9005538,7.614212
7247,269,2004,309,3370,5.1,12.8,1.06,3.8,1,0.9156522,5.796787
7248,269,2004,310,4820,5.4,11.9,0.93,4.6,1,0.9310723,3.527001
7249,269,2004,311,3720,5.9,11.5,0.99,2.8,1.5,0.9468111,5.115892
7250,269,2004,312,4890,5.4,11.2,0.92,2.1,0,0.9187459,3.045093
7251,269,2004,313,2350,4.3,9.2,0.85,2.4,0,0.933463,6.821624
7252,269,2004,314,4290,-0.3,4.7,0.64,2.7,0,0.948423,3.932531
7253,269,2004,315,1580,4.3,8.5,0.89,3.6,11.8,0.963617,7.590622
7254,269,2004,316,3860,-0.4,5.7,0.67,2.1,0,0.9790346,4.380343
7255,269,2004,317,2110,0,10,0.8,5.7,2.8,0.994664,6.903113
7256,269,2004,318,4510,0.9,8.8,0.7,4.5,2.9,1.010491,2.799385
7257,269,2004,319,5010,1.7,9.4,0.79,2.4,0,1.026502,1.410934
7258,269,2004,320,470,3.3,9.5,0.87,4.1,0.1,1.042677,8
7259,269,2004,321,840,9.1,11.2,1.17,4.4,3.1,1.058999,8
7260,269,2004,322,1450,10.1,12.5,1.23,8.2,5.5,1.024323,7.467547
7261,269,2004,323,1110,2.6,12.1,0.86,6.1,19.7,1.039163,7.875871
7262,269,2004,324,3320,2,6.2,0.66,6.3,2,1.054044,4.35886
7263,269,2004,325,2600,-0.7,5.5,0.62,4,4.9,1.06894,5.656054
7264,269,2004,326,4570,-1.7,5.6,0.64,4,1.1,1.083824,1.064543
7265,269,2004,327,1690,5.6,12.3,1.02,8.3,2.8,1.098668,6.960551
7266,269,2004,328,3120,-0.4,10.3,0.76,3.5,2.6,1.113442,4.26369
7267,269,2004,329,3900,-2,6.6,0.66,1.5,0,1.128114,2.279122
7268,269,2004,330,1560,-3,0.5,0.54,2.2,0,1.142652,7.11513
7269,269,2004,331,1050,-2.4,7.9,0.71,5.8,4.1,1.157019,7.783865
7270,269,2004,332,1780,3.5,9.2,0.89,3,0.1,1.17118,6.603668
7271,269,2004,333,760,5.9,8.9,0.98,3.1,2.5,1.185096,8
7272,269,2004,334,1220,4.9,8,0.95,1.5,0,1.198729,7.447763
7273,269,2004,335,1580,2.2,6.9,0.81,3,0,1.152804,6.845706
7274,269,2004,336,250,1.4,3.7,0.68,2.8,0.6,1.164385,8
7275,269,2004,337,3360,-1.5,5.6,0.67,1.7,0,1.175584,2.620061
7276,269,2004,338,1900,-1.7,4.5,0.66,2.1,0,1.186362,6.153428
7277,269,2004,339,960,0.6,5.3,0.74,3.9,0.4,1.196684,7.75946
7278,269,2004,340,1020,1.4,9.3,0.87,3.8,0,1.206514,7.641599
7279,269,2004,341,1110,1.4,8.5,0.84,4.1,0,1.215816,7.485291
7280,269,2004,342,1300,5.6,7.7,0.94,3.4,0,1.224556,7.128197
7281,269,2004,343,1370,-0.3,6.5,0.7,1.5,0,1.232701,7.018396
7282,269,2004,344,1060,-1.9,1.3,0.58,3.6,0,1.240217,7.554241
7283,269,2004,345,500,-3.5,1.6,0.55,3,0,1.247076,8
7284,269,2004,346,660,1.6,4.3,0.73,1.5,0,1.253249,8
7285,269,2004,347,1010,2,4.8,0.73,2.7,0,1.258711,7.586069
7286,269,2004,348,430,-1.8,3.5,0.58,3.1,0,1.263437,8
7287,269,2004,349,420,-2,3.9,0.62,4.1,0,1.267408,8
7288,269,2004,350,950,1.8,6,0.73,6.3,0.2,1.270606,7.665728
7289,269,2004,351,560,3.1,7,0.82,7.1,3.5,1.273017,8
7290,269,2004,352,830,4.4,7.8,0.84,5.5,6.4,1.274631,7.841367
7291,269,2004,353,1110,-0.3,6.5,0.63,5.5,3,1.275439,7.400976
7292,269,2004,354,3410,-2.8,5,0.58,2.5,0,1.275439,1.446002
7293,269,2004,355,3800,-3.5,3.2,0.52,2.8,0,1.274631,0.1225087
7294,269,2004,356,2930,-5.2,0,0.44,3.2,0,1.273017,3.145336
7295,269,2004,357,250,-1,6.7,0.72,8.3,2,1.270606,8
7296,269,2004,358,1500,6.6,11,1,8.3,0.8,1.267408,6.617348
7297,269,2004,359,1880,7,10.2,0.91,8.8,4.2,1.263437,5.810227
7298,269,2004,360,2210,0.3,7.1,0.71,5.4,0.5,1.258711,5.094876
7299,269,2004,361,2960,-4.2,1.4,0.53,1.3,0,1.253249,3.167028
7300,269,2004,362,3650,-6,2.3,0.51,2.6,0,1.247076,1.045033
7301,269,2004,363,850,-1.9,4.5,0.61,6.6,7.4,1.240217,7.876597
7302,269,2004,364,3210,0,5.8,0.67,3.4,1.1,1.232701,2.507349
7303,269,2004,365,380,4.3,7.9,0.89,7.3,0.1,1.224556,8
7304,269,2004,366,490,4,9.1,0.92,5,2.4,1.215816,8
7305,269,2005,1,1400,3.4,10.6,0.91,6.7,2.1,1.215816,6.979724
7306,269,2005,2,2350,5,8.1,0.71,9.3,0,1.206514,5.055184
7307,269,2005,3,1900,5.5,8.8,0.86,7.4,0,1.196684,6.073094
7308,269,2005,4,930,6.7,9,0.9,9.3,1.4,1.186362,7.808867
7309,269,2005,5,1220,1.9,7.4,0.77,6,3.5,1.175584,7.40254
7310,269,2005,6,3580,5,8.9,0.87,7.4,0.2,1.164385,1.997592
7311,269,2005,7,880,8.8,12,1.07,12.3,0,1.152804,7.913435
7312,269,2005,8,1950,4.6,11.6,0.79,12.6,0.9,1.198729,6.227272
7313,269,2005,9,2820,4.3,10.3,0.88,8.2,0.1,1.185096,4.397951
7314,269,2005,10,3320,9.1,13,1.12,9.5,1.1,1.17118,3.144316
7315,269,2005,11,2750,7.5,11.4,1.07,7.4,0.4,1.157019,4.686323
7316,269,2005,12,3460,4.7,10.4,0.83,7.3,0.6,1.142652,3.203568
7317,269,2005,13,3750,0.9,8,0.68,5.8,0,1.128114,2.706966
7318,269,2005,14,4270,-0.7,7.6,0.7,2.4,0,1.113442,1.49197
7319,269,2005,15,4790,-1.8,4.3,0.57,2.8,0,1.098668,0.3683172
7320,269,2005,16,4440,-2.4,4.1,0.55,4,0,1.083824,1.561012
7321,269,2005,17,1490,3.3,7.5,0.83,8.5,3.6,1.06894,7.364791
7322,269,2005,18,2160,1.3,7.9,0.77,5.2,8.2,1.054044,6.44976
7323,269,2005,19,3560,2.7,7,0.74,6.5,1.8,1.039163,3.999356
7324,269,2005,20,1460,5.5,10.4,0.91,10.7,0,1.024323,7.498336
7325,269,2005,21,2940,3.3,7.5,0.73,8.5,4.6,1.058999,5.414229
7326,269,2005,22,4130,0.7,7.4,0.69,4.3,0.5,1.042677,3.304371
7327,269,2005,23,3240,0,5.5,0.66,4.8,3.2,1.026502,5.135755
7328,269,2005,24,4450,-2.4,3.4,0.56,4.3,1.2,1.010491,3.079385
7329,269,2005,25,5360,-2.2,1.7,0.5,4.3,0,0.994664,1.412905
7330,269,2005,26,5390,-3,1.5,0.49,3.3,0,0.9790346,1.593291
7331,269,2005,27,2070,-0.6,3,0.64,1.7,0.2,0.963617,7.100195
7332,269,2005,28,1680,0.7,3.1,0.68,2.2,0,0.948423,7.558008
7333,269,2005,29,2290,-0.8,3.5,0.64,2.9,0,0.933463,6.951701
7334,269,2005,30,2100,3.5,7.6,0.87,3.5,0.2,0.9187459,7.176496
7335,269,2005,31,1090,4.3,7.2,0.87,5.9,5.3,0.9468111,8
7336,269,2005,32,3620,3.7,6.1,0.74,5.2,0.1,0.9310723,5.4939
7337,269,2005,33,3160,4.4,7.5,0.85,5,1.4,0.9156522,6.148549
7338,269,2005,34,3980,4.9,7.8,0.86,3.5,0.2,0.9005538,5.181097
7339,269,2005,35,4170,2.1,8.2,0.8,2.4,0,0.8857786,5.060666
7340,269,2005,36,6370,0.1,4.7,0.54,3.6,0,0.8713273,2.023131
7341,269,2005,37,6980,-2.4,7.8,0.56,3,0,0.8571998,1.201465
7342,269,2005,38,8190,-5.5,4,0.48,2.3,0,0.843395,0
7343,269,2005,39,6800,-5.4,5,0.52,1.9,0,0.829911,2.029595
7344,269,2005,40,3150,0.3,8.4,0.77,5.3,0.5,0.853331,6.686461
7345,269,2005,41,540,3.9,9.4,0.9,7.5,10.8,0.8391428,8
7346,269,2005,42,4420,3.2,7.8,0.84,1.8,1.4,0.8253233,5.523224
7347,269,2005,43,1110,4.8,11.2,0.96,10,17,0.8118664,8
7348,269,2005,44,5110,1,5.9,0.63,7.9,7.1,0.7987658,5.056325
7349,269,2005,45,3530,0.2,6.3,0.65,6.8,4.8,0.7860145,6.685444
7350,269,2005,46,2180,0.1,3.1,0.58,6.2,0.3,0.7736058,7.755863
7351,269,2005,47,6020,-1.9,2.3,0.48,4.5,0,0.7615323,4.51128
7352,269,2005,48,3880,-1.4,2.6,0.51,1.3,0,0.7819394,6.618219
7353,269,2005,49,1590,0.4,4,0.62,5.3,3.5,0.7693533,8
7354,269,2005,50,6410,0.4,5.9,0.67,4.4,1.8,0.7571323,4.409519
7355,269,2005,51,5550,0.7,4.3,0.65,4,2.3,0.7452664,5.382699
7356,269,2005,52,5290,0.2,4.4,0.61,5.5,0.5,0.7337458,5.725619
7357,269,2005,53,5390,-1.5,2.3,0.52,7.7,0.6,0.7225609,5.763382
7358,269,2005,54,2250,-2,1.3,0.53,4.6,0.3,0.7117022,7.929933
7359,269,2005,55,4730,-1.7,2.4,0.55,2.4,1.4,0.7011604,6.422666
7360,269,2005,56,3740,-2,1.8,0.55,2.2,0,0.7190148,7.143798
7361,269,2005,57,2410,-1.5,3.2,0.57,4.5,0,0.7080988,7.914546
7362,269,2005,58,9660,-6.7,-0.8,0.32,5.8,0.1,0.6975169,2.593109
7363,269,2005,59,11480,-9.1,1.5,0.3,4,0,0.6872585,0.8993053
7364,269,2005,60,1870,-3.3,0.5,0.45,7.7,0,0.677313,8
7365,269,2005,61,4120,-2.1,1.4,0.54,3.3,17.7,0.6676702,7.144127
7366,269,2005,62,6950,-14.8,-1.2,0.29,4.1,0.9,0.6583203,5.47753
7367,269,2005,63,6820,-17.8,-0.9,0.26,3,1.1,0.674655,5.670715
7368,269,2005,64,7970,-7.5,0.2,0.39,4.8,0.8,0.6650076,4.883135
7369,269,2005,65,10230,-9.9,2.6,0.39,4,2.9,0.6556639,3.208697
7370,269,2005,66,7830,1.4,4.2,0.67,4,0.9,0.6466133,5.070934
7371,269,2005,67,5780,2.1,5.5,0.73,4.9,0.9,0.6378454,6.463794
7372,269,2005,68,9760,-0.7,7,0.67,4.2,0.4,0.6293505,3.857623
7373,269,2005,69,8240,-2.3,6,0.63,2.6,0,0.6211191,5.09541
7374,269,2005,70,1330,1.8,6.3,0.71,8.5,3.7,0.6361355,8
7375,269,2005,71,7350,0.7,5.2,0.66,7.2,4.7,0.6276647,5.820449
7376,269,2005,72,5990,0.1,7.5,0.69,4.5,2.8,0.6194641,6.633638
7377,269,2005,73,8020,-0.2,7.5,0.68,3.9,0,0.6115237,5.567449
7378,269,2005,74,7780,0.3,11.8,0.71,7.2,0,0.6038343,5.775599
7379,269,2005,75,11130,9.1,17.6,1.15,8.4,0.6,0.5963868,3.532851
7380,269,2005,76,3450,9.2,13,1.15,8.9,0.2,0.5891726,7.845718
7381,269,2005,77,3660,6.8,11.5,1.04,6,0,0.5821833,7.795371
7382,269,2005,78,4620,4.3,11.7,0.99,3.4,0.1,0.5956537,7.453264
7383,269,2005,79,13670,0.8,10.7,0.7,3.5,0,0.5884819,2.461766
7384,269,2005,80,15290,0.5,15.1,0.65,4.5,0,0.5815388,1.445026
7385,269,2005,81,10070,6,17.9,0.94,4.5,0.7,0.5748159,4.945761
7386,269,2005,82,13930,7.5,17,1.13,3.4,0,0.5683055,2.487324
7387,269,2005,83,12280,6.5,19.9,1.2,3.8,12.3,0.5619997,3.709386
7388,269,2005,84,9780,7.5,14.2,1.18,3,0,0.5558914,5.283638
7389,269,2005,85,8810,7.3,14,1.17,2.8,8.3,0.5684729,5.853202
7390,269,2005,86,10940,6.4,13.9,1.1,4,2.4,0.5622141,4.832327
7391,269,2005,87,3400,7.9,13.3,1.21,2.9,8.5,0.5561551,8
7392,269,2005,88,5690,7,13,1.12,3,0,0.5502887,7.316908
7393,269,2005,89,13400,5.5,15.3,0.97,4.8,0,0.5446078,3.767058
7394,269,2005,90,17180,4.3,15.4,0.79,4.3,0,0.5391059,1.626727
7395,269,2005,91,17930,1.4,17.3,0.68,2.9,0,0.5337767,1.355428
7396,269,2005,92,19380,0,17,0.59,3.4,0,0.5456155,0.6112209
7397,269,2005,93,17770,5.8,20.7,0.9,3,0,0.5401617,1.605095
7398,269,2005,94,13550,6.8,19.2,1.14,4.3,5,0.5348822,4.099227
7399,269,2005,95,15810,3.3,12,0.74,4.8,0.1,0.5297707,3.130869
7400,269,2005,96,8750,3.3,12.4,0.82,6.4,2.1,0.5248214,6.492432
7401,269,2005,97,13880,5.5,11.7,0.84,9.2,9.1,0.5200285,4.294394
7402,269,2005,98,12480,3.1,9.7,0.79,4.9,5.3,0.5153867,5.049486
7403,269,2005,99,10320,1.7,6.9,0.66,5.7,5.7,0.5108907,6.050768
7404,269,2005,100,10580,3.4,10.8,0.88,4.2,2,0.521868,5.941233
7405,269,2005,101,20750,3.5,15,0.91,3.2,0,0.5172753,0.8533426
7406,269,2005,102,17360,2.9,15.2,0.85,2.8,0,0.5128295,2.949758
7407,269,2005,103,5910,8,13,1.12,3.9,9.6,0.5085257,7.580954
7408,269,2005,104,8490,8,15.8,1.1,4,1.4,0.5043589,6.81306
7409,269,2005,105,14980,6.8,19.3,1.13,4.5,1.6,0.5003246,4.269123
7410,269,2005,106,4140,6.5,10.7,1.01,3.6,4.1,0.4964183,8
7411,269,2005,107,10400,8.7,13.9,1.22,3.3,3.9,0.5069366,6.233523
7412,269,2005,108,10380,5.2,16.3,1.12,3.3,1.1,0.5029512,6.293196
7413,269,2005,109,6440,4.6,11.8,1.01,2.6,16,0.4990948,7.546293
7414,269,2005,110,15600,3.6,13.6,0.83,4.7,1.9,0.4953631,4.427817
7415,269,2005,111,23670,0.3,12.6,0.67,2.9,0,0.4917521,0.6223706
7416,269,2005,112,23680,0.5,14,0.7,2.4,0,0.4882578,0.7114193
7417,269,2005,113,23330,1.2,17.9,0.76,3.5,0,0.4848763,0.9706522
7418,269,2005,114,21890,3.7,19.4,0.86,4.3,0,0.4816042,1.764218
7419,269,2005,115,21250,6,17.5,0.86,5.5,0,0.4915944,2.177667
7420,269,2005,116,12450,4.5,15.5,0.98,2.5,7.7,0.4882636,5.883601
7421,269,2005,117,16190,6.9,14,1.03,5.2,5.2,0.4850432,4.513902
7422,269,2005,118,16510,4.7,17.7,0.93,3.8,0,0.4819296,4.470619
7423,269,2005,119,17670,8.8,16.8,1.27,2.5,9.7,0.4789195,3.933523
7424,269,2005,120,7930,7.4,18.5,1.31,1.9,0,0.4760096,7.303241
7425,269,2005,121,20980,9,27.1,1.55,2.8,0,0.4731969,2.473238
7426,269,2005,122,9850,9.8,18.6,1.36,1.8,0.2,0.4704785,6.806523
7427,269,2005,123,9310,8.5,17.7,1.34,2.5,0.7,0.4678514,6.980211
7428,269,2005,124,6230,7.5,14.1,1.13,4.7,0,0.4773439,7.777485
7429,269,2005,125,14720,6.2,12.9,0.91,5,3.8,0.4746808,5.43389
7430,269,2005,126,17650,7.5,12.7,0.96,6,0.4,0.4721102,4.399269
7431,269,2005,127,8970,6.7,10.8,0.91,5,6,0.4696294,7.182356
7432,269,2005,128,17140,3.9,11.8,0.82,5,1.5,0.4672358,4.718729
7433,269,2005,129,19800,5.3,11.5,0.84,5.8,1.7,0.4649269,3.747392
7434,269,2005,130,21000,6.1,12.2,0.86,5.3,1.9,0.4627003,3.305504
7435,269,2005,131,18760,3.4,11.5,0.79,4.2,3.3,0.4605537,4.25422
7436,269,2005,132,21830,1.7,14.1,0.8,3.9,0,0.4584847,3.096306
7437,269,2005,133,23130,5.1,17.2,0.93,6.2,0,0.4676989,2.538865
7438,269,2005,134,26110,6.7,16.1,1,6.3,0,0.4656148,1.227189
7439,269,2005,135,17290,5.6,14.5,1.06,4.2,9.7,0.46361,4.832671
7440,269,2005,136,8970,3.5,14.2,0.97,3.8,2.7,0.4616822,7.286767
7441,269,2005,137,14440,2.3,10.1,0.72,2.5,2.5,0.4598295,5.890977
7442,269,2005,138,26820,0.8,14.4,0.69,1.9,0,0.4580498,1.34455
7443,269,2005,139,19730,6.8,18.6,0.9,5,3.8,0.4563412,4.144143
7444,269,2005,140,13520,12.9,20.4,1.55,5,0.9,0.4547021,6.0604
7445,269,2005,141,18850,11.1,19.2,1.36,4,2.6,0.4531306,4.37492
7446,269,2005,142,23230,9.7,20.4,1.23,4.6,1.1,0.451625,2.771101
7447,269,2005,143,22330,7.3,16.9,1.03,5.3,0,0.4607171,3.249131
7448,269,2005,144,8910,7.1,17.4,1.06,5.4,0,0.4592205,7.362846
7449,269,2005,145,22430,12.3,21.2,1.35,4.8,0,0.4577919,3.151683
7450,269,2005,146,22730,12.7,28.8,1.57,4.2,0,0.4564298,2.98669
7451,269,2005,147,27140,11.1,30.5,1.43,2.5,0,0.4551327,1.20374
7452,269,2005,148,26870,11.4,25.3,1.31,5.6,0,0.453899,1.421858
7453,269,2005,149,19070,8.5,19.1,1.15,3.2,3.5,0.4527275,4.549501
7454,269,2005,150,5180,7.1,12.6,1.06,3.1,10.8,0.4516167,8
7455,269,2005,151,22600,7,15.9,1.04,4.4,0.1,0.4505656,3.368671
7456,269,2005,152,25320,4.4,18.3,0.85,2.1,0,0.4495727,2.431077
7457,269,2005,153,7660,12.9,17.7,1.51,4.9,0.7,0.4486372,7.646016
7458,269,2005,154,14490,12.9,25,1.82,4,12.7,0.4477578,5.926813
7459,269,2005,155,14430,12,17.7,1.35,7.5,0.4,0.4469337,6.025822
7460,269,2005,156,12510,12.3,17,1.43,4.9,2.5,0.4461639,6.540974
7461,269,2005,157,15270,8.6,13.9,0.92,4.6,0,0.4454475,5.888417
7462,269,2005,158,16340,6.9,13.7,0.83,5,0.4,0.4447838,5.613016
7463,269,2005,159,24850,4.8,15.8,0.94,2.6,0,0.4441721,2.712147
7464,269,2005,160,27560,4.9,18.2,0.94,2,0,0.4533817,1.64287
7465,269,2005,161,12400,5.8,17,1.07,3.3,0,0.4528294,6.644159
7466,269,2005,162,14850,8.4,13.9,0.89,4.3,0,0.4523328,6.042363
7467,269,2005,163,11940,8.5,15,1.09,3.5,13.4,0.4518908,6.761461
7468,269,2005,164,19600,7.3,15.9,1,4.5,3.5,0.4515028,4.60537
7469,269,2005,165,26980,7,20.3,1.09,3.4,0,0.4511678,1.86174
7470,269,2005,166,22800,6.8,24.2,1.27,3.6,0.6,0.4508853,3.416322
7471,269,2005,167,15750,13.9,21.7,1.57,5.3,0,0.4506548,5.676564
7472,269,2005,168,13070,13.6,21.9,1.73,4.5,0,0.4504759,6.403217
7473,269,2005,169,28790,12.7,23.8,1.45,2.9,0,0.4503484,0.9319329
7474,269,2005,170,29880,11.7,29.4,1.26,2.7,0,0.4502719,0.5512341
7475,269,2005,171,27370,14.5,32.4,1.73,2.9,0,0.4502464,1.424061
7476,269,2005,172,23140,13,23.5,1.57,3.2,0,0.4502719,3.195473
7477,269,2005,173,28700,11.6,23.8,1.44,2.2,0,0.4503484,0.9706581
7478,269,2005,174,28200,13.1,30,1.65,1.9,0,0.4504759,1.085091
7479,269,2005,175,26570,17.2,31.4,2.01,2,3.1,0.4506548,1.640739
7480,269,2005,176,12940,11.9,22.6,1.69,4,8.5,0.4508853,6.435392
7481,269,2005,177,28340,10.7,21.4,1.4,3.4,0,0.4511678,1.113983
7482,269,2005,178,29880,9.3,20.8,1.28,3,0,0.4515028,0.4817523
7483,269,2005,179,27300,8.1,23.3,1.32,3,0,0.4518908,1.573423
7484,269,2005,180,13900,12.3,23.1,1.48,3.7,2.8,0.4523328,6.18984
7485,269,2005,181,11740,12.2,22.6,1.75,2.5,24.8,0.4528294,6.719722
7486,269,2005,182,16980,12,20.2,1.57,3.5,0.7,0.4533817,5.258366
7487,269,2005,183,9580,11.8,21.6,1.69,2.2,0.8,0.4441721,7.235278
7488,269,2005,184,20570,16.3,24.5,1.99,2.8,0,0.4447838,3.92576
7489,269,2005,185,10980,12.3,25.6,1.88,4.7,18.9,0.4454475,6.876836
7490,269,2005,186,17200,11.4,18.3,1.37,4.3,0.6,0.4461639,5.189407
7491,269,2005,187,13040,11,19.5,1.47,4.1,6.9,0.4469337,6.37641
7492,269,2005,188,22310,10.3,19.9,1.34,1.8,0,0.4477578,3.396297
7493,269,2005,189,10000,10.8,18.8,1.52,1.7,2.4,0.4486372,7.12217
7494,269,2005,190,11930,12.2,20.2,1.68,2.5,1.8,0.4495727,6.619341
7495,269,2005,191,26450,13.9,26.2,1.81,3.7,0,0.4505656,1.435672
7496,269,2005,192,20890,16.1,23.8,1.91,4.2,0,0.4516167,3.671656
7497,269,2005,193,25870,15.4,23.9,1.92,3.5,0,0.4527275,1.5784
7498,269,2005,194,24660,14.7,23,1.83,2.5,0,0.453899,2.106188
7499,269,2005,195,25220,14,27.5,1.79,1.5,0,0.4551327,1.83961
7500,269,2005,196,20980,14.3,23,1.63,4,0,0.4564298,3.607009
7501,269,2005,197,20610,10.4,20.5,1.33,2.4,0,0.4577919,3.81013
7502,269,2005,198,20450,9.3,22.9,1.39,2.4,0,0.4592205,3.820872
7503,269,2005,199,18610,13.1,26,1.66,2.9,0.1,0.4607171,4.396249
7504,269,2005,200,20240,15.3,20.1,1.46,6,10.5,0.451625,3.815158
7505,269,2005,201,15820,13.1,18.9,1.36,7.3,1.7,0.4531306,5.3707
7506,269,2005,202,5410,12.8,16.6,1.42,6.9,2.6,0.4547021,8
7507,269,2005,203,7470,12.9,16.4,1.37,4.5,13.8,0.4563412,7.606178
7508,269,2005,204,9530,8.7,17.2,1.27,3.8,0.3,0.4580498,7.126948
7509,269,2005,205,12980,8.6,22.4,1.5,1.8,4.1,0.4598295,6.145481
7510,269,2005,206,7420,15,18.6,1.76,2.8,14,0.4616822,7.568568
7511,269,2005,207,8420,13.5,17,1.37,2.4,0.4,0.46361,7.353493
7512,269,2005,208,5340,13.1,20.3,1.77,2.6,6.5,0.4656148,7.999004
7513,269,2005,209,16680,16,27.9,2.27,1.6,0,0.4676989,4.661616
7514,269,2005,210,13220,17.8,25.4,2.22,2.8,14.5,0.4584847,5.858779
7515,269,2005,211,17490,14.1,21,1.65,4.8,45.6,0.4605537,4.41172
7516,269,2005,212,6580,13.9,16.4,1.46,6.2,16.1,0.4627003,7.721757
7517,269,2005,213,20570,9.8,19.1,1.19,3.8,0,0.4649269,3.216791
7518,269,2005,214,21500,7.7,19.1,1.17,2.1,0,0.4672358,2.764798
7519,269,2005,215,15290,8.3,21.6,1.39,3.6,0.8,0.4696294,5.139033
7520,269,2005,216,21950,12.3,20,1.4,4.6,0,0.4721102,2.334665
7521,269,2005,217,5330,13.1,16.7,1.51,4.5,8.5,0.4746808,7.950275
7522,269,2005,218,14150,10.2,17.7,1.31,3.3,7.1,0.4773439,5.456338
7523,269,2005,219,19730,9,17.6,1.24,4.5,8.5,0.4678514,3.21131
7524,269,2005,220,14710,13,18.7,1.44,5,2.8,0.4704785,5.149472
7525,269,2005,221,13100,13.2,17.3,1.23,4.7,0,0.4731969,5.734829
7526,269,2005,222,14600,13,18.3,1.46,5,0.6,0.4760096,5.103123
7527,269,2005,223,10060,9.8,18.4,1.37,3.4,0.1,0.4789195,6.64606
7528,269,2005,224,6810,9.2,16.5,1.32,2.6,21,0.4819296,7.541893
7529,269,2005,225,16430,8.7,20.6,1.35,3.5,0.8,0.4850432,4.245172
7530,269,2005,226,14060,13.4,19.4,1.66,6.1,11.2,0.4882636,5.092478
7531,269,2005,227,7880,11.7,17.9,1.4,4.3,0,0.4915944,7.199831
7532,269,2005,228,21460,8.5,20.9,1.37,1.4,0,0.4816042,1.590445
7533,269,2005,229,22940,9.3,23.5,1.46,2.9,0,0.4848763,0.611051
7534,269,2005,230,21700,10.8,27.2,1.67,3,0,0.4882578,1.103597
7535,269,2005,231,13570,14.1,27.3,2.08,2.8,0,0.4917521,4.960375
7536,269,2005,232,12490,15.2,21.9,1.86,2.6,0,0.4953631,5.399769
7537,269,2005,233,16080,13.4,21.7,1.65,2.1,0,0.4990948,3.79339
7538,269,2005,234,11750,10.8,21.4,1.59,1.7,0,0.5029512,5.651674
7539,269,2005,235,12410,8.9,20.1,1.47,2.5,2.3,0.5069366,5.359206
7540,269,2005,236,15880,8.6,21.2,1.32,5,1.8,0.4964183,3.764393
7541,269,2005,237,13930,10.1,19.1,1.4,5.6,11.4,0.5003246,4.594582
7542,269,2005,238,17610,10.3,17.6,1.23,5.7,3.1,0.5043589,2.724679
7543,269,2005,239,13630,11.1,19.7,1.49,3.8,0.3,0.5085257,4.575678
7544,269,2005,240,18600,11.3,22.6,1.49,3.4,0,0.5128295,1.825889
7545,269,2005,241,20280,11.7,24.4,1.57,3.3,0,0.5172753,0.6041909
7546,269,2005,242,19910,9.6,25.5,1.59,2.3,0,0.521868,0.6904915
7547,269,2005,243,19630,12.7,29.3,1.79,3.5,0,0.5108907,0.6311682
7548,269,2005,244,10520,15.6,23,1.86,3.7,0.4,0.5153867,5.622649
7549,269,2005,245,15110,13.7,22.7,1.84,2.5,0,0.5200285,3.191413
7550,269,2005,246,15670,11.3,23.7,1.66,3.8,0,0.5248214,2.811953
7551,269,2005,247,18930,9.8,25,1.49,3.5,0,0.5297707,0.6351109
7552,269,2005,248,19200,13.8,27,1.63,3.4,0,0.5348822,0.2018723
7553,269,2005,249,14790,10.6,26,1.73,1.4,0,0.5401617,2.982421
7554,269,2005,250,14380,15,24.5,1.87,2.5,0,0.5456155,3.077464
7555,269,2005,251,16480,14.4,26.9,1.85,3.4,0,0.5337767,1.56062
7556,269,2005,252,12980,16,26.4,1.99,2.7,2.9,0.5391059,3.686209
7557,269,2005,253,12130,17.1,24.5,2.26,2.1,0.7,0.5446078,4.034186
7558,269,2005,254,4360,16.5,19,1.91,3.2,0,0.5502887,7.705084
7559,269,2005,255,13720,10.6,21.5,1.44,4.2,0,0.5561551,3.049704
7560,269,2005,256,15690,9.8,21.1,1.44,1.5,0,0.5622141,1.531079
7561,269,2005,257,4560,11.4,19.8,1.61,4.6,0.8,0.5684729,7.586784
7562,269,2005,258,4680,10.6,17.9,1.54,3.5,23,0.5558914,7.523194
7563,269,2005,259,13380,9.4,15.7,1.09,6,3.5,0.5619997,2.910337
7564,269,2005,260,16120,5.3,15.6,0.96,2.8,4.6,0.5683055,0.7744581
7565,269,2005,261,13420,4.7,17.9,1.09,1.6,0,0.5748159,2.599671
7566,269,2005,262,16130,5.4,19.8,1.17,1.1,0,0.5815388,0.2211967
7567,269,2005,263,15030,4.8,19.7,1.17,1,0,0.5884819,0.9562221
7568,269,2005,264,14370,6,20.3,1.26,1.3,0,0.5956537,1.26926
7569,269,2005,265,14520,6.4,21.3,1.25,1.8,0,0.5821833,0.9548452
7570,269,2005,266,13760,5.8,21.4,1.25,2.8,0,0.5891726,1.420829
7571,269,2005,267,12000,11.7,19.1,1.44,2.4,0,0.5963868,2.626768
7572,269,2005,268,9570,12,20.4,1.51,4,0,0.6038343,4.325383
7573,269,2005,269,5240,12.1,18.7,1.51,4,0.3,0.6115237,6.909589
7574,269,2005,270,3320,12.9,16.1,1.49,5.4,1.1,0.6194641,7.77159
7575,269,2005,271,10990,8.6,16.2,1.15,4.9,2.7,0.6276647,2.957233
7576,269,2005,272,12410,6.8,15.7,1.08,6.3,8,0.6361355,1.564188
7577,269,2005,273,3710,6.5,14.2,1.14,5.4,7.1,0.6211191,7.54552
7578,269,2005,274,11050,7.3,16.5,1.2,4.6,2.2,0.6293505,2.385832
7579,269,2005,275,10600,7.1,16,1.17,3,0,0.6378454,2.637631
7580,269,2005,276,11150,5.1,16.6,1.14,1.9,0,0.6466133,1.948331
7581,269,2005,277,11470,6,16.8,1.16,4.8,0,0.6556639,1.41159
7582,269,2005,278,11020,9.5,18.9,1.44,4.5,0,0.6650076,1.519028
7583,269,2005,279,6150,8.7,18.4,1.51,3,0,0.674655,5.734196
7584,269,2005,280,9980,7.3,18.9,1.39,2.3,0,0.6583203,2.232864
7585,269,2005,281,6960,6.7,18,1.34,3,0,0.6676702,4.943004
7586,269,2005,282,6540,11.1,16.5,1.37,2.2,0,0.677313,5.179101
7587,269,2005,283,10620,10.7,22.3,1.52,3.3,0,0.6872585,0.7846256
7588,269,2005,284,10560,10.4,21.2,1.47,3.4,0,0.6975169,0.6363125
7589,269,2005,285,10120,11.6,20.9,1.48,3.8,0,0.7080988,0.9322461
7590,269,2005,286,10200,10.3,21.9,1.45,2.2,0.4,0.7190148,0.5983741
7591,269,2005,287,6980,10.3,19,1.55,2.1,0,0.7011604,4.117139
7592,269,2005,288,9310,8.5,18,1.32,4.2,0,0.7117022,1.323271
7593,269,2005,289,10530,5.9,16.4,0.95,5.3,0,0.7225609,0
7594,269,2005,290,10510,4.3,13.4,0.84,4.8,0,0.7337458,0
7595,269,2005,291,9800,5.6,14.1,0.88,5.5,0,0.7452664,0.1715034
7596,269,2005,292,1740,5.7,11.2,0.97,4.2,2.3,0.7571323,8
7597,269,2005,293,5760,6.6,15.4,1.16,5.9,2.9,0.7693533,4.713301
7598,269,2005,294,2090,7.8,15.9,1.29,4.8,5.1,0.7819394,7.799262
7599,269,2005,295,3790,11,14.2,1.31,6.8,6.9,0.7615323,6.437056
7600,269,2005,296,3630,7.9,12.9,1.19,2.4,3,0.7736058,6.53063
7601,269,2005,297,1010,10,15.6,1.42,6.4,15.8,0.7860145,8
7602,269,2005,298,1600,13,15.3,1.42,9.4,6.4,0.7987658,8
7603,269,2005,299,5860,11.2,17.5,1.44,4.8,0,0.8118664,3.61485
7604,269,2005,300,7660,10.7,20.8,1.49,3.5,0,0.8253233,0.5811002
7605,269,2005,301,5780,14,19.4,1.48,4.5,0,0.8391428,3.367973
7606,269,2005,302,5550,13.8,19,1.55,3.5,0,0.853331,3.504336
7607,269,2005,303,7120,14,20.6,1.52,4.5,0,0.829911,0.6847094
7608,269,2005,304,4160,11.5,18.6,1.39,3.8,0,0.843395,5.200286
7609,269,2005,305,5240,6.7,15.6,1.13,6,0.3,0.8571998,3.61254
7610,269,2005,306,990,7.2,15.7,1.24,6,3.4,0.8713273,8
7611,269,2005,307,5360,13.5,18,1.4,8.5,0,0.8857786,2.942658
7612,269,2005,308,2470,8.5,15,1.19,5.2,1.2,0.9005538,6.920806
7613,269,2005,309,4760,7.2,11.8,1.03,5.3,0,0.9156522,3.751227
7614,269,2005,310,6120,8,14.3,1.09,7.2,0.4,0.9310723,0.9961244
7615,269,2005,311,1320,8.7,12.8,1.2,5,4.3,0.9468111,7.932882
7616,269,2005,312,5080,8.2,15.9,1.2,5.1,0,0.9187459,2.540892
7617,269,2005,313,1970,2.9,11.3,0.89,3.4,0.3,0.933463,7.250724
7618,269,2005,314,2900,3,11.1,0.93,6.3,2.1,0.948423,6.020909
7619,269,2005,315,1480,11,13.8,1.3,8.4,0.4,0.963617,7.660601
7620,269,2005,316,2770,6.1,11.2,1.02,4.8,1.9,0.9790346,6.021895
7621,269,2005,317,5170,3.9,12.5,0.99,1.8,0,0.994664,1.367762
7622,269,2005,318,4970,0,10.1,0.79,3.5,0,1.010491,1.733305
7623,269,2005,319,1140,5.3,10.7,0.99,4.2,4.7,1.026502,7.927293
7624,269,2005,320,2680,2.1,7.9,0.76,4.1,8.9,1.042677,5.895117
7625,269,2005,321,2920,0.5,7.5,0.72,2.4,4,1.058999,5.418291
7626,269,2005,322,4570,-1.1,8.5,0.72,2.3,0.1,1.024323,1.849803
7627,269,2005,323,4390,-2.2,9.2,0.73,2,0.3,1.039163,2.076243
7628,269,2005,324,1320,1.4,8.3,0.82,2.6,0,1.054044,7.605768
7629,269,2005,325,2100,2.6,11.2,0.93,3.6,0.3,1.06894,6.430381
7630,269,2005,326,1560,-0.3,4.2,0.66,1.3,0,1.083824,7.244283
7631,269,2005,327,750,2.7,4.4,0.76,1.9,0.2,1.098668,8
7632,269,2005,328,560,1.1,5.4,0.74,6.2,6.4,1.113442,8
7633,269,2005,329,750,-0.1,2.9,0.66,4,24.1,1.128114,8
7634,269,2005,330,1280,0.2,2.5,0.66,2.8,2.4,1.142652,7.503085
7635,269,2005,331,1060,-1.2,2.6,0.63,2.5,1,1.157019,7.778622
7636,269,2005,332,1680,-2.9,3.3,0.61,2.5,0,1.17118,6.831439
7637,269,2005,333,2610,-0.1,5.8,0.73,3.3,0.5,1.185096,4.917971
7638,269,2005,334,3830,-0.6,5,0.66,5,0,1.198729,1.652212
7639,269,2005,335,3620,0.4,3.2,0.58,5.3,0,1.152804,2.186446
7640,269,2005,336,1930,-0.3,5.6,0.59,5.9,0,1.164385,6.204012
7641,269,2005,337,950,4.6,9,0.84,6.3,0,1.175584,7.796123
7642,269,2005,338,1600,6.3,8.8,0.96,4.9,3.6,1.186362,6.678641
7643,269,2005,339,2640,4.3,8.5,0.92,4.7,6,1.196684,4.292854
7644,269,2005,340,1370,3.3,6.8,0.85,4,1.3,1.206514,7.061047
7645,269,2005,341,1530,3.4,7.9,0.85,4.4,5.1,1.215816,6.738574
7646,269,2005,342,3200,-0.2,7.6,0.76,2.8,0,1.224556,2.536676
7647,269,2005,343,1090,-0.9,3,0.65,1.6,0,1.232701,7.509805
7648,269,2005,344,2210,-2.1,1.7,0.6,2.3,0,1.240217,5.231849
7649,269,2005,345,360,1.3,5.8,0.73,4.5,0,1.247076,8
7650,269,2005,346,2880,5.6,8.5,0.89,3.6,0,1.253249,3.171784
7651,269,2005,347,970,5.3,7.5,0.83,2.8,0,1.258711,7.640885
7652,269,2005,348,2590,4.8,8.5,0.89,3.6,1.6,1.263437,3.952791
7653,269,2005,349,1290,6,9.2,0.91,6.5,0.2,1.267408,7.048398
7654,269,2005,350,2420,2.5,9.5,0.78,8.4,8.7,1.270606,4.432953
7655,269,2005,351,1870,-0.2,3.6,0.58,5.6,3.7,1.273017,5.885624
7656,269,2005,352,3410,0.6,5.2,0.67,4.3,1.1,1.274631,1.373647
7657,269,2005,353,2340,1.5,7.9,0.79,5,1.1,1.275439,4.618907
7658,269,2005,354,380,3.9,6.7,0.79,3.7,0,1.275439,8
7659,269,2005,355,660,2.5,7.3,0.84,4.9,2.2,1.274631,8
7660,269,2005,356,1240,2.6,8.1,0.87,3,2.4,1.273017,7.137405
7661,269,2005,357,1270,6.5,9.1,1,4.1,1.1,1.270606,7.068475
7662,269,2005,358,1540,3.8,8.6,0.88,3.7,0.2,1.267408,6.556149
7663,269,2005,359,3560,2.2,7.4,0.76,2.9,0.7,1.263437,0.913342
7664,269,2005,360,1950,-1.2,5.9,0.64,3.5,1.5,1.258711,5.748438
7665,269,2005,361,2350,-3.1,-0.3,0.47,5.7,0.2,1.253249,4.88096
7666,269,2005,362,3550,-4.4,-0.4,0.44,4.4,0,1.247076,1.4553
7667,269,2005,363,3390,-6.9,1.1,0.46,3.3,0,1.240217,2.034626
7668,269,2005,364,2140,-2.7,-0.2,0.48,6.5,7.3,1.232701,5.495452
7669,269,2005,365,1250,-0.3,5.1,0.7,6.2,1.8,1.224556,7.256494
7670,269,2006,1,630,1,4.6,0.71,2.9,0,1.215816,8
7671,269,2006,2,2850,-2.4,5.5,0.64,1.8,0,1.206514,3.810232
7672,269,2006,3,3610,-3.2,4.2,0.59,2.2,0,1.196684,1.72414
7673,269,2006,4,1080,-0.3,2.2,0.6,3.4,0,1.186362,7.618009
7674,269,2006,5,500,-1.6,1.5,0.55,4.8,0,1.175584,8
7675,269,2006,6,280,0.7,1.6,0.61,4.4,0,1.164385,8
7676,269,2006,7,900,0.5,2,0.61,3.8,0,1.152804,7.921127
7677,269,2006,8,600,-0.9,1.9,0.58,4,0,1.198729,8
7678,269,2006,9,1200,-3,-0.7,0.52,3,0,1.185096,7.562359
7679,269,2006,10,1630,-1.5,4.4,0.64,5.7,0,1.17118,6.920103
7680,269,2006,11,390,-0.4,5.2,0.7,6.7,2.9,1.157019,8
7681,269,2006,12,910,-1.7,3.9,0.64,2.9,0,1.142652,7.99024
7682,269,2006,13,3870,-1,3.9,0.62,3.4,0,1.128114,2.440488
7683,269,2006,14,4250,-1.4,4,0.56,3.8,0,1.113442,1.661786
7684,269,2006,15,4630,-3.6,2.6,0.48,3,0,1.098668,0.9108841
7685,269,2006,16,3770,-3.7,3.6,0.51,4.9,0.4,1.083824,3.23872
7686,269,2006,17,650,3.3,6.3,0.8,5.5,3.7,1.06894,8
7687,269,2006,18,2510,-1.9,6.9,0.68,2.9,0.6,1.054044,5.90115
7688,269,2006,19,640,-1.5,8.4,0.78,4.2,3.7,1.039163,8
7689,269,2006,20,790,4.3,9,0.85,7.3,1.7,1.024323,8
7690,269,2006,21,3490,2.4,7.3,0.74,6,0,1.058999,4.408828
7691,269,2006,22,1590,-4.3,2.7,0.48,4.2,0,1.042677,7.46953
7692,269,2006,23,5270,-5.7,-0.8,0.34,3.8,0,1.026502,1.312058
7693,269,2006,24,4520,-5.2,2.4,0.35,2.3,0,1.010491,3.101282
7694,269,2006,25,2260,-7.5,4.7,0.48,5.3,0.2,0.994664,6.797629
7695,269,2006,26,2010,-0.3,1.8,0.54,7.3,0,0.9790346,7.139086
7696,269,2006,27,1380,-6.3,0.4,0.4,4.1,0,0.963617,7.851444
7697,269,2006,28,5690,-6.4,1.2,0.36,5.8,0,0.948423,1.577388
7698,269,2006,29,6470,-7.2,4.6,0.45,4.3,0,0.933463,0.09472092
7699,269,2006,30,2750,-0.1,5.1,0.68,3,0,0.9187459,6.461734
7700,269,2006,31,3290,-1.6,2.5,0.59,2.8,0,0.9468111,5.88464
7701,269,2006,32,2330,-4.3,-1.6,0.48,1.8,0,0.9310723,7.096937
7702,269,2006,33,790,-3.7,-1.2,0.51,1.5,0,0.9156522,8
7703,269,2006,34,1210,-1.6,3.9,0.62,2.5,0,0.9005538,8
7704,269,2006,35,2180,0.9,6,0.72,3.1,0,0.8857786,7.343101
7705,269,2006,36,660,-0.4,5.3,0.71,3,0.6,0.8713273,8
7706,269,2006,37,1350,1.7,6,0.77,3.8,0.1,0.8571998,8
7707,269,2006,38,1500,5.4,7.4,0.85,6.5,0.3,0.843395,7.987695
7708,269,2006,39,4050,2.6,6.5,0.74,7.8,9.9,0.829911,5.667825
7709,269,2006,40,4430,0.6,5.5,0.64,8.1,3.6,0.853331,5.366417
7710,269,2006,41,1150,1.1,3.5,0.64,3.7,0,0.8391428,8
7711,269,2006,42,1830,-0.7,3.1,0.64,1.4,0,0.8253233,7.870574
7712,269,2006,43,1960,-0.9,2.5,0.6,4.9,2,0.8118664,7.812884
7713,269,2006,44,3090,1.4,4.4,0.65,3.6,0,0.7987658,6.996086
7714,269,2006,45,3190,3,7.6,0.83,5,0.3,0.7860145,6.937651
7715,269,2006,46,2120,5,9.8,0.94,7.2,10.2,0.7736058,7.761979
7716,269,2006,47,3220,3.7,8.9,0.87,5.2,1.7,0.7615323,7.015522
7717,269,2006,48,1660,3.1,6.5,0.8,5.8,3,0.7819394,8
7718,269,2006,49,3900,0.5,7.1,0.73,2.7,0,0.7693533,6.617139
7719,269,2006,50,4520,-0.1,7.3,0.76,4.3,0,0.7571323,6.169965
7720,269,2006,51,1620,2.1,3.7,0.67,7.8,0,0.7452664,8
7721,269,2006,52,2490,1.8,3.7,0.65,8.1,0.2,0.7337458,7.734231
7722,269,2006,53,1360,-0.3,2.3,0.52,6,0,0.7225609,8
7723,269,2006,54,6730,-1.7,3.4,0.49,2.8,0,0.7117022,4.70343
7724,269,2006,55,10090,-2.4,4.3,0.46,7,0,0.7011604,1.351873
7725,269,2006,56,10620,-2.2,3.2,0.46,8.5,0,0.7190148,0.9639163
7726,269,2006,57,9090,-0.8,5.5,0.53,4.7,0,0.7080988,2.816903
7727,269,2006,58,4940,0,4.9,0.63,3.5,2.9,0.6975169,6.454173
7728,269,2006,59,5710,-0.5,4.7,0.63,4.3,6.2,0.6872585,5.984354
7729,269,2006,60,4760,-2.6,3.5,0.58,5.8,9.9,0.677313,6.70606
7730,269,2006,61,12030,-4.8,2.8,0.49,5.6,5.4,0.6676702,0.5621036
7731,269,2006,62,7080,-10.8,-0.4,0.39,1.8,0,0.6583203,5.336161
7732,269,2006,63,9390,-10.7,2.7,0.41,4,0.4,0.674655,3.607138
7733,269,2006,64,11000,-5.4,3.5,0.5,5.3,2.1,0.6650076,2.256841
7734,269,2006,65,10150,-0.7,4.3,0.62,5.1,4.8,0.6556639,3.119569
7735,269,2006,66,11420,-3.3,6,0.52,2.4,0,0.6466133,2.227764
7736,269,2006,67,1810,1.1,5.1,0.71,3.8,10,0.6378454,8
7737,269,2006,68,3050,2.4,6.7,0.82,2.3,3.8,0.6293505,7.854961
7738,269,2006,69,3110,2,6.5,0.77,4.5,3.1,0.6211191,7.855896
7739,269,2006,70,6000,-4.2,3.5,0.48,6.6,0,0.6361355,6.569122
7740,269,2006,71,13830,-7.4,1.2,0.35,1.8,0,0.6276647,1.202355
7741,269,2006,72,14730,-7.3,3,0.34,3.3,0,0.6194641,0.6271295
7742,269,2006,73,10110,-4.4,4.1,0.4,3.7,0,0.6115237,4.358908
7743,269,2006,74,14350,-3.7,4.8,0.48,5.3,0,0.6038343,1.228131
7744,269,2006,75,3190,0,2.6,0.56,5.8,0,0.5963868,7.962164
7745,269,2006,76,3330,-1.6,1.9,0.52,5.3,0,0.5891726,7.934488
7746,269,2006,77,5290,-2.4,2.1,0.54,5.1,0,0.5821833,7.202266
7747,269,2006,78,4270,-3.2,5.6,0.61,2,0,0.5956537,7.628147
7748,269,2006,79,9510,1.7,8.9,0.67,4,0,0.5884819,5.186922
7749,269,2006,80,8880,-3.4,6.7,0.47,3.9,0,0.5815388,5.678379
7750,269,2006,81,13540,-5.6,5.4,0.46,2.6,0,0.5748159,3.005064
7751,269,2006,82,17790,-6.9,8.9,0.39,3.8,0,0.5683055,0.1282396
7752,269,2006,83,7400,0.7,10.9,0.68,4.6,1.1,0.5619997,6.50848
7753,269,2006,84,8200,6.4,14.4,1.1,5,5.5,0.5558914,6.105423
7754,269,2006,85,11880,10.7,16.2,1.36,7.8,8.9,0.5684729,4.119184
7755,269,2006,86,7560,9.4,17.5,1.28,8.4,4.3,0.5622141,6.472352
7756,269,2006,87,12950,7.3,13.8,0.93,10.1,0,0.5561551,3.837961
7757,269,2006,88,14650,5.6,10.1,0.84,5.8,3.2,0.5502887,2.958801
7758,269,2006,89,8310,7.1,14.6,1.12,9.4,7.3,0.5446078,6.311487
7759,269,2006,90,10320,8.9,13.8,1.1,8.8,0.9,0.5391059,5.449651
7760,269,2006,91,9850,6.4,15,1.02,6.9,0.6,0.5337767,5.75098
7761,269,2006,92,9380,5.5,12.3,0.94,7.6,7.2,0.5456155,6.031754
7762,269,2006,93,10740,2.7,9.3,0.76,6.5,2.9,0.5401617,5.530868
7763,269,2006,94,15830,2.8,8.3,0.69,5.1,0.9,0.5348822,3.037652
7764,269,2006,95,18050,0.5,7.5,0.58,4.7,0.2,0.5297707,1.924794
7765,269,2006,96,12640,-0.3,10.9,0.61,6.3,0.2,0.5248214,4.905799
7766,269,2006,97,13560,5,10.5,0.78,5.5,1.3,0.5200285,4.475262
7767,269,2006,98,12080,3.4,9,0.71,7.2,3.3,0.5153867,5.254084
7768,269,2006,99,20050,2.2,10.3,0.7,5.3,0.1,0.5108907,1.156678
7769,269,2006,100,18380,0.7,9.8,0.67,4.3,0,0.521868,2.284122
7770,269,2006,101,10720,-2.5,9.8,0.6,6.2,2.8,0.5172753,6.002343
7771,269,2006,102,11450,4.2,10.5,0.89,5.5,3.2,0.5128295,5.687468
7772,269,2006,103,7840,7,12.6,1.07,6.7,3.6,0.5085257,7.001839
7773,269,2006,104,18160,2.1,11.8,0.77,4.5,0,0.5043589,2.769949
7774,269,2006,105,12500,0.6,13.6,0.79,3.3,1.4,0.5003246,5.444801
7775,269,2006,106,14720,7.3,13.9,1.13,4.1,3.8,0.4964183,4.457298
7776,269,2006,107,18660,6.9,13.7,0.98,5.3,0.7,0.5069366,2.689641
7777,269,2006,108,12970,5.6,12.8,1,4.5,0.3,0.5029512,5.349965
7778,269,2006,109,11560,5.7,14.1,0.94,5.8,0,0.4990948,5.944488
7779,269,2006,110,11120,5.3,15.6,1.01,3.5,0,0.4953631,6.124996
7780,269,2006,111,16400,8.2,18.1,1.13,2.8,0.2,0.4917521,4.034948
7781,269,2006,112,6720,4.1,10.6,0.9,3.3,0.2,0.4882578,7.530287
7782,269,2006,113,11850,1.6,13.7,0.91,2.3,0.9,0.4848763,5.999796
7783,269,2006,114,15980,8.6,17.9,1.23,2.2,0,0.4816042,4.373871
7784,269,2006,115,19230,7,22.5,1.26,3.2,0,0.4915944,2.968778
7785,269,2006,116,12190,6.1,16.1,1.15,3.1,0,0.4882636,5.938539
7786,269,2006,117,22690,5.3,15.2,0.96,3.6,0,0.4850432,1.577603
7787,269,2006,118,15370,0.3,11.3,0.73,4.7,0.2,0.4819296,4.980914
7788,269,2006,119,18460,4.5,10.9,0.79,5.5,4.8,0.4789195,3.780227
7789,269,2006,120,17050,-0.6,10.9,0.65,2.2,0,0.4760096,4.465562
7790,269,2006,121,9200,3.4,10,0.88,5.2,2.6,0.4731969,7.028462
7791,269,2006,122,22240,3.8,18.2,1.01,3.7,0,0.4704785,2.191189
7792,269,2006,123,20830,10.9,24.3,1.45,3.4,0,0.4678514,2.723764
7793,269,2006,124,21420,10.7,26,1.25,4.3,0,0.4773439,2.602286
7794,269,2006,125,20850,13.9,24.8,1.21,4.1,0,0.4746808,2.938228
7795,269,2006,126,23560,10.2,23.9,0.89,4.8,0,0.4721102,1.932254
7796,269,2006,127,19640,12,24,0.87,6.1,0,0.4696294,3.700605
7797,269,2006,128,23160,11.8,24.4,0.91,6.3,0,0.4672358,2.239619
7798,269,2006,129,23100,10.3,24.2,1.12,5.3,0,0.4649269,2.223268
7799,269,2006,130,26270,7.8,24.5,1.05,3.7,0,0.4627003,0.8407694
7800,269,2006,131,24430,7.4,24,1.05,2.9,0,0.4605537,1.781937
7801,269,2006,132,24040,9.2,23.1,1.16,2.3,0,0.4584847,1.965724
7802,269,2006,133,19580,7.4,22.7,1.27,3,0,0.4676989,3.85226
7803,269,2006,134,25380,7.6,15.4,0.9,3.7,0,0.4656148,1.621877
7804,269,2006,135,14400,5.9,20.8,1.01,4,0,0.46361,5.792455
7805,269,2006,136,18260,11.9,17.7,1.35,4.8,0,0.4616822,4.437818
7806,269,2006,137,15760,9.3,21.1,1.3,3,1.2,0.4598295,5.344486
7807,269,2006,138,17260,12,19.9,1.38,6.9,8.3,0.4580498,4.846425
7808,269,2006,139,4450,10.5,14.6,1.27,9.1,6.2,0.4563412,8
7809,269,2006,140,10190,10.4,15.8,1.27,7.6,6.7,0.4547021,7.003258
7810,269,2006,141,8450,10.6,16.4,1.35,4.9,4.4,0.4531306,7.417727
7811,269,2006,142,14860,11.9,19.6,1.4,8.3,2,0.451625,5.717345
7812,269,2006,143,13110,7.4,13.2,0.99,5.6,1.8,0.4607171,6.31619
7813,269,2006,144,13470,7.2,14.8,1.12,7.4,12.2,0.4592205,6.207787
7814,269,2006,145,9730,4.8,13.7,1.04,4,2.2,0.4577919,7.186273
7815,269,2006,146,6470,5.9,14.2,1.16,4.2,3.5,0.4564298,7.874479
7816,269,2006,147,5190,11.8,15.8,1.48,4.7,1.3,0.4551327,8
7817,269,2006,148,18850,10.7,15.4,1.17,6.2,0,0.453899,4.598675
7818,269,2006,149,20800,7.3,14.2,1.03,5.2,11.6,0.4527275,3.985612
7819,269,2006,150,18890,6.9,12.4,0.94,5.3,2.9,0.4516167,4.692071
7820,269,2006,151,7290,8.6,12.1,0.98,5.8,1.5,0.4505656,7.746931
7821,269,2006,152,15840,7.4,12.5,0.91,5.6,0.9,0.4495727,5.678269
7822,269,2006,153,24390,3.2,16.5,0.94,2.3,0,0.4486372,2.775523
7823,269,2006,154,21020,9.4,20.2,1.31,3.8,0,0.4477578,3.912071
7824,269,2006,155,24670,8.9,15.3,0.95,3.8,0,0.4469337,2.705476
7825,269,2006,156,18520,7.8,14.2,0.95,4.3,0,0.4461639,4.897567
7826,269,2006,157,29590,6.4,16.4,1.07,3.2,0,0.4454475,0.6298589
7827,269,2006,158,22700,5.6,18.9,1.16,2,0,0.4447838,3.415479
7828,269,2006,159,29490,6.5,21.8,1.15,2.1,0,0.4441721,0.6713074
7829,269,2006,160,28170,8.8,23.9,1.32,2.9,0,0.4533817,1.178007
7830,269,2006,161,28890,10.6,28.1,1.28,3.5,0,0.4528294,0.9010538
7831,269,2006,162,29320,13.2,30.2,1.38,3.4,0,0.4523328,0.6724836
7832,269,2006,163,30130,16,30,1.26,3.6,0,0.4518908,0.3893859
7833,269,2006,164,27960,14.1,30.7,1.73,2.5,0,0.4515028,1.134487
7834,269,2006,165,11700,12.9,18.7,1.54,5,1.7,0.4511678,6.770789
7835,269,2006,166,3220,11.8,15,1.45,3,1.6,0.4508853,8
7836,269,2006,167,11540,11.4,16.7,1.24,2.8,0,0.4506548,6.847396
7837,269,2006,168,27540,11,21.9,1.33,2.3,0,0.4504759,1.527104
7838,269,2006,169,22530,10.1,28.4,1.56,2.6,0,0.4503484,3.428589
7839,269,2006,170,22470,13,24.8,1.57,4.5,0,0.4502719,3.448532
7840,269,2006,171,17500,13.4,22.3,1.49,4.6,0,0.4502464,5.165412
7841,269,2006,172,8250,12.2,20.1,1.49,6.9,0.6,0.4502719,7.559748
7842,269,2006,173,12900,11.8,18.8,1.27,6,0,0.4503484,6.50686
7843,269,2006,174,20850,8.3,19.8,1.22,2.8,0,0.4504759,4.129204
7844,269,2006,175,23850,9.7,25.8,1.38,2.2,0,0.4506548,2.978686
7845,269,2006,176,9340,11.8,23.1,1.77,3.2,9.4,0.4508853,7.302909
7846,269,2006,177,4790,13.4,18.6,1.69,4.7,0,0.4511678,8
7847,269,2006,178,14630,11.1,17.7,1.38,3.3,0,0.4515028,6.013687
7848,269,2006,179,20570,7.8,18.8,1.22,2.4,0,0.4518908,4.193615
7849,269,2006,180,28700,7.9,21.8,1.28,3.7,0,0.4523328,0.9740611
7850,269,2006,181,27380,9.8,26,1.58,3.3,0,0.4528294,1.386591
7851,269,2006,182,28950,12.4,27.6,1.57,3.8,0,0.4533817,0.6746966
7852,269,2006,183,28350,13.1,29.9,1.56,3.3,0,0.4441721,0.9273048
7853,269,2006,184,29060,13.5,29.6,1.54,3.1,0,0.4447838,0.591855
7854,269,2006,185,26980,13.5,32.2,1.73,2.2,0,0.4454475,1.410857
7855,269,2006,186,20420,17.1,29.1,2.06,2.8,0,0.4461639,3.932647
7856,269,2006,187,21280,17.9,25.8,2.18,2.4,26.9,0.4469337,3.562929
7857,269,2006,188,18600,15.7,23.5,1.94,3.5,0,0.4477578,4.576258
7858,269,2006,189,19870,14.2,22.9,1.6,3.3,0,0.4486372,4.193021
7859,269,2006,190,15250,14.8,25.5,1.77,5.3,0,0.4495727,5.667655
7860,269,2006,191,20380,15,24.6,1.71,2.7,0,0.4505656,3.938736
7861,269,2006,192,16230,12,22.6,1.72,2.8,3.4,0.4516167,5.342723
7862,269,2006,193,28800,9.6,23.4,1.48,2.3,0,0.4527275,0.4331467
7863,269,2006,194,27750,10.9,25.4,1.58,3.5,0,0.453899,0.8289593
7864,269,2006,195,28710,9.7,21.7,1.27,5.5,0,0.4551327,0.4992954
7865,269,2006,196,28620,8.5,25.7,1.42,4.1,0,0.4564298,0.4091599
7866,269,2006,197,28490,11.5,28.6,1.5,3.9,0,0.4577919,0.376936
7867,269,2006,198,28150,12,30.6,1.57,3,0,0.4592205,0.4502782
7868,269,2006,199,27620,13.3,30.8,1.78,3.3,0,0.4607171,0.5487049
7869,269,2006,200,26310,15,34.2,1.95,3.3,0,0.451625,1.047386
7870,269,2006,201,21420,18.3,30.2,2.06,3.8,0,0.4531306,3.135496
7871,269,2006,202,25430,16.9,29,2.16,2.5,0,0.4547021,1.274853
7872,269,2006,203,13700,16.6,29.8,2.45,3,10.1,0.4563412,5.834318
7873,269,2006,204,19070,16.2,27.2,2.23,2.5,0,0.4580498,3.929622
7874,269,2006,205,21490,14.7,27.8,2.1,2.1,0,0.4598295,2.925442
7875,269,2006,206,25050,16.1,30.2,2.04,3.6,0,0.4616822,1.268688
7876,269,2006,207,24120,17.2,32.3,2.15,3.2,0,0.46361,1.61153
7877,269,2006,208,13560,15.9,28,2.06,1.6,0,0.4656148,5.819335
7878,269,2006,209,16390,17.5,26.8,2.24,2,30.2,0.4676989,4.775916
7879,269,2006,210,17540,16.4,27.2,2.17,2.3,0,0.4584847,4.313271
7880,269,2006,211,12170,15,28,2.13,3.1,13.1,0.4605537,6.18268
7881,269,2006,212,15910,13.8,23.9,1.74,4,0,0.4627003,4.94585
7882,269,2006,213,12630,14.8,21.7,1.76,5.3,12,0.4649269,6.037523
7883,269,2006,214,10040,13,18.3,1.64,4.8,32.7,0.4672358,6.810088
7884,269,2006,215,7750,12.1,18.4,1.65,2.6,13.3,0.4696294,7.40183
7885,269,2006,216,15720,15.8,21.6,1.92,5.9,13.1,0.4721102,4.82975
7886,269,2006,217,22770,17,24.1,2.06,4.4,0,0.4746808,1.605688
7887,269,2006,218,22890,13.8,23.9,1.81,4,0,0.4773439,1.561056
7888,269,2006,219,16380,11.7,23.9,1.71,3.9,0,0.4678514,4.484504
7889,269,2006,220,11990,11.8,20.1,1.41,4.3,0.3,0.4704785,6.108057
7890,269,2006,221,9240,9.3,19.7,1.42,3.7,1,0.4731969,6.927247
7891,269,2006,222,10560,9.5,17.7,1.4,3.9,5.8,0.4760096,6.512399
7892,269,2006,223,9820,10.7,16.5,1.48,3.3,14.9,0.4789195,6.705848
7893,269,2006,224,9940,8.5,18.1,1.44,1.8,7.4,0.4819296,6.649816
7894,269,2006,225,22590,7.9,21.3,1.36,2.6,0,0.4850432,1.288124
7895,269,2006,226,8280,11.7,20.6,1.69,5.4,12.4,0.4882636,7.078428
7896,269,2006,227,13320,14.5,20.1,1.68,4.7,0,0.4915944,5.333514
7897,269,2006,228,18650,13,23.7,1.79,2.6,4.3,0.4816042,2.878909
7898,269,2006,229,15620,13.7,23.6,1.85,2.8,0,0.4848763,4.226856
7899,269,2006,230,12090,16.6,23.4,1.94,3.9,2.1,0.4882578,5.635375
7900,269,2006,231,17500,15,24.6,1.83,4,0.1,0.4917521,3.197161
7901,269,2006,232,6200,14.5,18.8,1.78,4.9,16.4,0.4953631,7.552763
7902,269,2006,233,13090,13.2,21,1.72,4.6,19.6,0.4990948,5.127453
7903,269,2006,234,11720,10.7,19.5,1.48,4.5,0.3,0.5029512,5.683393
7904,269,2006,235,12290,10.7,21.1,1.57,2.3,0,0.5069366,5.388721
7905,269,2006,236,9320,14.5,20.1,1.74,2.1,4.7,0.4964183,6.470628
7906,269,2006,237,12630,11.8,20.4,1.7,2.7,3.4,0.5003246,5.109066
7907,269,2006,238,12990,10,21.2,1.51,2.4,0.1,0.5043589,4.930879
7908,269,2006,239,14640,10.9,19.6,1.53,4,9.6,0.5085257,4.075568
7909,269,2006,240,6700,12.6,16.7,1.48,4.9,23,0.5128295,7.271637
7910,269,2006,241,11440,9.6,15.9,1.3,3.8,9.7,0.5172753,5.487049
7911,269,2006,242,13060,8.8,18.2,1.33,3.5,12.8,0.521868,4.680734
7912,269,2006,243,5290,8.7,17.9,1.44,4.6,0.1,0.5108907,7.646885
7913,269,2006,244,10840,13.5,21.9,1.74,4.3,0,0.5153867,5.499243
7914,269,2006,245,7590,12,20,1.6,5.4,0.1,0.5200285,6.815063
7915,269,2006,246,6610,16.4,22.6,2.09,7.8,5,0.5248214,7.09791
7916,269,2006,247,14210,10.7,20.5,1.47,5.1,0,0.5297707,3.623032
7917,269,2006,248,5630,10.1,21.9,1.69,2.9,0,0.5348822,7.418506
7918,269,2006,249,15320,16.7,24.6,2.07,3,0,0.5401617,2.535618
7919,269,2006,250,10630,13.6,18.6,1.52,4.8,0.9,0.5456155,5.269029
7920,269,2006,251,17120,8.3,18.4,1.16,3.8,0,0.5337767,1.443571
7921,269,2006,252,18190,6.5,19.7,1.25,3.1,0,0.5391059,0.4614588
7922,269,2006,253,18430,7.6,24.2,1.41,2.8,0,0.5446078,0
7923,269,2006,254,16760,10.2,26.1,1.77,1.7,0,0.5502887,0.9061073
7924,269,2006,255,16730,11.5,27.5,1.88,2,0,0.5561551,0.7022672
7925,269,2006,256,15390,14.3,27.1,1.98,2.8,0,0.5622141,1.519867
7926,269,2006,257,13590,16.6,27.1,2.04,2.9,0,0.5684729,2.671405
7927,269,2006,258,15760,15,25.2,1.79,4.8,0,0.5558914,0.9717672
7928,269,2006,259,14940,14.7,25.3,1.89,3.2,0,0.5619997,1.402535
7929,269,2006,260,8410,12.9,20.7,1.72,2.8,0,0.5683055,5.706676
7930,269,2006,261,7360,14,21.3,1.74,2.8,0,0.5748159,6.197413
7931,269,2006,262,7920,10.4,19.6,1.48,4.7,1.9,0.5815388,5.882028
7932,269,2006,263,15470,10.3,20.7,1.39,4.3,0,0.5884819,0.449151
7933,269,2006,264,15800,11.4,24.9,1.54,3.9,0,0.5956537,0
7934,269,2006,265,13660,16.4,26.8,1.78,4.5,0.1,0.5821833,1.43541
7935,269,2006,266,6080,13.8,23.1,1.85,2.5,0,0.5891726,6.579497
7936,269,2006,267,6830,15.8,24.2,1.99,2.3,0,0.5963868,6.090696
7937,269,2006,268,7380,14.1,22.2,1.88,3.4,0,0.6038343,5.708199
7938,269,2006,269,5450,12.6,19.3,1.67,4.4,0.6,0.6115237,6.783014
7939,269,2006,270,10120,9.5,20.7,1.55,2.8,0,0.6194641,3.655067
7940,269,2006,271,8470,12.7,21.5,1.7,3.4,0,0.6276647,4.746071
7941,269,2006,272,8890,14.2,22.2,1.76,4.2,0,0.6361355,4.306116
7942,269,2006,273,11000,10.1,21.5,1.44,3.4,0,0.6211191,2.498016
7943,269,2006,274,5770,10.1,20.1,1.51,4.5,11.4,0.6293505,6.349874
7944,269,2006,275,8900,13.1,17.5,1.55,8.4,4.5,0.6378454,3.982128
7945,269,2006,276,7040,11.5,17.4,1.47,4.6,1.7,0.6466133,5.350041
7946,269,2006,277,9060,9.2,17.3,1.37,3.8,2.2,0.6556639,3.627802
7947,269,2006,278,8620,10,17.1,1.4,6.9,5.5,0.6650076,3.865675
7948,269,2006,279,2010,13.9,16.6,1.63,8.8,5.6,0.674655,8
7949,269,2006,280,9070,10.7,16,1.29,6.4,2.6,0.6583203,3.190838
7950,269,2006,281,6110,8.1,16.2,1.26,4,0,0.6676702,5.643493
7951,269,2006,282,9460,8.2,18.9,1.34,2.8,0,0.677313,2.417262
7952,269,2006,283,4360,11.8,18.4,1.61,2.2,0.1,0.6872585,6.711832
7953,269,2006,284,10410,11.5,19.7,1.54,3,0,0.6975169,0.7846467
7954,269,2006,285,3830,9.9,19,1.55,2.5,0,0.7080988,6.971705
7955,269,2006,286,3760,6.3,16.7,1.28,1.8,0,0.7190148,6.999596
7956,269,2006,287,6380,8.6,16.2,1.22,4.1,0,0.7011604,4.808943
7957,269,2006,288,6410,7,14.2,1.15,5.1,0,0.7117022,4.679137
7958,269,2006,289,10310,4.4,16.8,1.05,3.5,0,0.7225609,0
7959,269,2006,290,9650,6.9,16.9,1.13,3,0,0.7337458,0.4734558
7960,269,2006,291,3730,9.9,16.4,1.35,2.7,0,0.7452664,6.74042
7961,269,2006,292,4410,12.2,16.3,1.45,3.6,1.1,0.7571323,6.082392
7962,269,2006,293,4020,13.4,16.8,1.49,4.9,0,0.7693533,6.348187
7963,269,2006,294,5500,13.2,16.9,1.51,6.1,0.6,0.7819394,4.772533
7964,269,2006,295,4190,11.9,16.6,1.43,6.6,5.6,0.7615323,6.044223
7965,269,2006,296,5880,11.2,18.7,1.53,5.8,18.6,0.7736058,4.039871
7966,269,2006,297,4050,8.6,15.4,1.28,5,5.5,0.7860145,6.040716
7967,269,2006,298,4860,7.3,13.7,1.16,4.3,1.7,0.7987658,5.102074
7968,269,2006,299,4720,13.4,20.6,1.57,7,0,0.8118664,5.043697
7969,269,2006,300,7520,7.3,15.4,1.09,4.8,0,0.8253233,1.058201
7970,269,2006,301,2560,6.6,16.2,1.25,4.8,1,0.8391428,7.188756
7971,269,2006,302,4510,9.7,16.1,1.25,5,0,0.853331,5.02563
7972,269,2006,303,4180,7.8,14.2,1.13,4.7,0,0.829911,5.354079
7973,269,2006,304,2720,8.6,15.9,1.17,8,1.7,0.843395,6.891116
7974,269,2006,305,5810,0.1,11,0.53,8.3,0.4,0.8571998,3.056484
7975,269,2006,306,5380,2.2,9.2,0.78,2.8,9,0.8713273,3.386382
7976,269,2006,307,3910,0.5,10.6,0.83,2,0.4,0.8857786,5.348521
7977,269,2006,308,3520,3.8,11.7,0.93,3.6,0,0.9005538,5.726894
7978,269,2006,309,1880,10.4,12.5,1.16,4.6,0,0.9156522,7.48026
7979,269,2006,310,2240,9.5,12.8,1.14,4,0,0.9310723,7.068862
7980,269,2006,311,4040,3.1,10.1,0.88,3.8,0,0.9468111,4.667029
7981,269,2006,312,2160,1.5,13.1,0.95,5.6,2.4,0.9187459,7.079992
7982,269,2006,313,5220,6,12.1,0.91,4.8,0.1,0.933463,2.214217
7983,269,2006,314,3640,0.8,10,0.78,3.7,0,0.948423,4.956603
7984,269,2006,315,2960,5.8,12.5,0.97,7.7,9.7,0.963617,5.839019
7985,269,2006,316,3070,5.2,9.4,0.85,5.6,1.9,0.9790346,5.613774
7986,269,2006,317,2110,6.7,14.5,1.13,6.8,1.6,0.994664,6.852124
7987,269,2006,318,1710,9.9,13.1,1.21,5.6,3.2,1.010491,7.299479
7988,269,2006,319,2360,10.4,14.8,1.28,5.9,0.6,1.026502,6.352424
7989,269,2006,320,2370,10.9,16.5,1.32,7.1,5.3,1.042677,6.258701
7990,269,2006,321,4580,8.9,13.2,1.12,4.9,0,1.058999,1.771864
7991,269,2006,322,3760,3.6,10.9,0.87,4.8,0.9,1.024323,3.608109
7992,269,2006,323,1550,2.9,7.3,0.81,3.4,0,1.039163,7.348813
7993,269,2006,324,380,5.6,9.5,0.94,8.5,3.7,1.054044,8
7994,269,2006,325,2760,3.4,9.5,0.87,5,4.1,1.06894,5.277457
7995,269,2006,326,3070,3.4,8.4,0.85,6.4,4.2,1.083824,4.560149
7996,269,2006,327,700,7.2,13,1.13,7.7,7.4,1.098668,8
7997,269,2006,328,3420,7.5,12.5,1.09,6.1,0.3,1.113442,3.409714
7998,269,2006,329,1240,10,17.5,1.24,8.5,2.3,1.128114,7.526826
7999,269,2006,330,3700,7.7,12.6,1.07,5.1,0,1.142652,2.392446
8000,269,2006,331,3440,5.6,13.7,1.06,4.1,0,1.157019,2.949174
8001,269,2006,332,3250,8.3,14,1.15,4.6,0,1.17118,3.276932
8002,269,2006,333,3440,5.9,11.8,1.03,4.5,0,1.185096,2.684067
8003,269,2006,334,1910,4.1,7,0.87,4.2,0,1.198729,6.270044
8004,269,2006,335,1800,6.3,9.9,0.91,6.5,0,1.152804,6.424165
8005,269,2006,336,630,7.4,10.7,1.03,5.9,5.8,1.164385,8
8006,269,2006,337,1140,7,11.1,1,9.1,3,1.175584,7.496401
8007,269,2006,338,2850,6.8,13.3,1.06,8.7,3.6,1.186362,3.752071
8008,269,2006,339,650,10,14.6,1.22,10.6,1.9,1.196684,8
8009,269,2006,340,1170,6.5,10.9,0.96,8.7,2.4,1.206514,7.391064
8010,269,2006,341,260,6.1,10.1,0.92,10.7,12.1,1.215816,8
8011,269,2006,342,640,7.6,11.1,1.03,6.8,11.2,1.224556,8
8012,269,2006,343,2640,1,9.7,0.81,3.5,0.4,1.232701,4.074583
8013,269,2006,344,3540,1,7.4,0.74,5.4,0.3,1.240217,1.270644
8014,269,2006,345,200,4.9,9.1,0.92,9.3,8.3,1.247076,8
8015,269,2006,346,3220,2.5,8.8,0.82,7,2.1,1.253249,2.13554
8016,269,2006,347,1340,8.5,11.6,1.1,7.8,0.3,1.258711,6.945993
8017,269,2006,348,2080,9,11.6,1.08,9.8,0,1.263437,5.269181
8018,269,2006,349,1040,5.1,9.1,0.89,7.6,0,1.267408,7.503529
8019,269,2006,350,910,1.6,7.4,0.76,4.9,4.4,1.270606,7.727228
8020,269,2006,351,2240,1.9,7.9,0.79,4.5,1.5,1.273017,4.899731
8021,269,2006,352,3390,-1.8,8.7,0.75,1,0,1.274631,1.37784
8022,269,2006,353,2990,-1.8,7.1,0.71,1.1,0,1.275439,2.739709
8023,269,2006,354,570,-1.8,6.4,0.68,1.8,0,1.275439,8
8024,269,2006,355,330,5.2,7,0.87,1,0,1.274631,8
8025,269,2006,356,1190,4.5,7.5,0.84,1.1,0,1.273017,7.23432
8026,269,2006,357,610,2.6,5,0.73,3.3,0,1.270606,8
8027,269,2006,358,490,2.7,5.7,0.79,3.6,0,1.267408,8
8028,269,2006,359,480,4.7,6.8,0.85,1.8,0,1.263437,8
8029,269,2006,360,440,1,6,0.75,2.2,0,1.258711,8
8030,269,2006,361,230,-0.1,1.3,0.59,3.4,0,1.253249,8
8031,269,2006,362,450,1.1,7.2,0.79,4.8,0.9,1.247076,8
8032,269,2006,363,2620,4.2,7.6,0.78,5.6,0,1.240217,4.103444
8033,269,2006,364,750,6.8,11.4,0.97,10.6,6.9,1.232701,8
8034,269,2006,365,1510,6.4,11.9,1,9.6,13.6,1.224556,6.731378
8035,269,2007,1,1880,5.1,11.8,0.9,8.7,0.7,1.215816,6.022452
8036,269,2007,2,1430,3.2,7.5,0.79,5.5,4.9,1.206514,6.970459
8037,269,2007,3,840,3,9,0.85,7.1,1.1,1.196684,7.92696
8038,269,2007,4,900,7.5,10.3,0.97,9.3,2.5,1.186362,7.847118
8039,269,2007,5,850,6.1,9.9,0.98,5.4,2.9,1.175584,7.93038
8040,269,2007,6,1650,5.1,9.7,0.97,4,11.9,1.164385,6.665286
8041,269,2007,7,940,5.5,8.6,0.93,7.5,0.8,1.152804,7.841242
8042,269,2007,8,2820,7.5,11.5,1.05,7.8,6.7,1.198729,4.232513
8043,269,2007,9,1590,11.5,13.1,1.17,12,0.4,1.185096,6.859796
8044,269,2007,10,450,6.8,12.7,0.99,10.2,6.9,1.17118,8
8045,269,2007,11,230,5.4,9.8,0.85,11.5,22.3,1.157019,8
8046,269,2007,12,1440,7.1,12.4,0.98,9.7,0,1.142652,7.240735
8047,269,2007,13,1120,9.8,12.2,1.14,8.7,0.4,1.128114,7.707398
8048,269,2007,14,4100,3.2,10.9,0.79,7.3,0.3,1.113442,1.883965
8049,269,2007,15,3050,3.3,8.4,0.81,5.6,0,1.098668,4.545673
8050,269,2007,16,610,4.2,9.5,0.91,6.8,3.2,1.083824,8
8051,269,2007,17,1160,6.9,11.3,1.01,8.8,9.4,1.06894,7.76627
8052,269,2007,18,410,7,13.9,1.05,13.3,23.5,1.054044,8
8053,269,2007,19,3480,7.2,11,0.92,7.8,1.2,1.039163,4.083083
8054,269,2007,20,1540,6.4,12.7,0.98,10.5,4.1,1.024323,7.391155
8055,269,2007,21,3210,3,7.8,0.73,9,4.8,1.058999,4.936876
8056,269,2007,22,3180,-2.7,5.3,0.55,4.2,2.8,1.042677,5.175028
8057,269,2007,23,5020,-4.1,4.6,0.55,1.3,0,1.026502,1.669542
8058,269,2007,24,5890,-4.4,2.7,0.53,2.1,0,1.010491,0
8059,269,2007,25,6210,-4.4,0.6,0.44,2.8,0,0.994664,0
8060,269,2007,26,850,-1.6,5.7,0.63,5.8,4.5,0.9790346,8
8061,269,2007,27,2550,1.1,5.7,0.67,4.2,0.3,0.963617,6.507441
8062,269,2007,28,1130,4.9,8,0.83,7.8,0.5,0.948423,8
8063,269,2007,29,4310,6.7,9.4,0.96,4.3,0,0.933463,3.959251
8064,269,2007,30,2710,6.2,9.2,0.95,3.8,0,0.9187459,6.453039
8065,269,2007,31,3930,5,8.4,0.83,6.6,0.6,0.9468111,4.905338
8066,269,2007,32,1480,5.9,10,1.03,2.4,0,0.9310723,7.839885
8067,269,2007,33,2060,4,10,0.94,4.4,0,0.9156522,7.345276
8068,269,2007,34,6670,1.6,9.2,0.81,3.1,0,0.9005538,0.7514086
8069,269,2007,35,3230,-1.2,6.4,0.66,1.2,0,0.8857786,6.271801
8070,269,2007,36,1990,-1.7,5.2,0.65,2.1,0.4,0.8713273,7.56043
8071,269,2007,37,5560,-3.5,4.2,0.57,3.3,0,0.8571998,3.490135
8072,269,2007,38,5160,-3.2,4,0.58,4.2,0.6,0.843395,4.217899
8073,269,2007,39,1330,-2.7,1.5,0.57,4.6,2.4,0.829911,8
8074,269,2007,40,990,0.6,1.8,0.62,3.3,0,0.853331,8
8075,269,2007,41,1210,0.8,4.1,0.69,6.2,3.6,0.8391428,8
8076,269,2007,42,1800,4.1,9.4,0.91,5.5,6.6,0.8253233,7.869663
8077,269,2007,43,3140,5.3,10.5,0.98,5.9,5,0.8118664,6.842635
8078,269,2007,44,3340,5.2,8.8,0.89,7,3.2,0.7987658,6.741266
8079,269,2007,45,1370,4.3,6.3,0.83,3.5,7.2,0.7860145,8
8080,269,2007,46,8400,2,10.5,0.79,3.6,0,0.7736058,1.07074
8081,269,2007,47,6550,2.5,11.7,0.68,5.3,0,0.7615323,3.805498
8082,269,2007,48,5330,1.9,10.1,0.67,3.3,0,0.7819394,5.266571
8083,269,2007,49,2110,-0.1,6.6,0.71,2.3,0,0.7693533,7.869385
8084,269,2007,50,5770,-1.1,7.9,0.69,2,0,0.7571323,5.049545
8085,269,2007,51,4530,4.4,10.4,0.92,2.3,0,0.7452664,6.202367
8086,269,2007,52,1540,4.7,9.3,0.93,4.3,5.3,0.7337458,8
8087,269,2007,53,5860,3.2,11.3,0.87,4,0,0.7225609,5.237199
8088,269,2007,54,4240,6.5,11,0.98,4.2,2.1,0.7117022,6.626634
8089,269,2007,55,3850,7.5,11.9,1.08,6,4.2,0.7011604,6.944075
8090,269,2007,56,1760,6.1,8.5,0.95,4.9,9,0.7190148,8
8091,269,2007,57,2770,5.2,8.2,0.85,5.8,0.9,0.7080988,7.704234
8092,269,2007,58,2490,4.3,10.8,0.94,5.8,5.9,0.6975169,7.869427
8093,269,2007,59,6520,7.9,11.1,0.99,10.6,3.9,0.6872585,5.258312
8094,269,2007,60,7410,5.9,9.9,0.86,9.1,5.5,0.677313,4.67255
8095,269,2007,61,7400,0.9,8.5,0.69,5.7,0.2,0.6676702,4.862788
8096,269,2007,62,4570,3.1,8.1,0.81,5,12.4,0.6583203,6.885062
8097,269,2007,63,6240,1,11.5,0.81,4.5,0,0.674655,5.876883
8098,269,2007,64,8040,6.6,11,0.87,7.7,8.1,0.6650076,4.622094
8099,269,2007,65,1730,7.7,9.2,0.97,8.3,14.9,0.6556639,8
8100,269,2007,66,3320,5.9,10.4,1,4.3,1.6,0.6466133,7.67196
8101,269,2007,67,12860,2.2,11.8,0.88,3.3,0,0.6378454,0.7776901
8102,269,2007,68,2900,4.9,8.4,0.87,4.7,4.8,0.6293505,7.913499
8103,269,2007,69,11190,0.1,11.3,0.79,4.8,0,0.6211191,2.772549
8104,269,2007,70,12530,4.1,12.9,0.99,4.4,0,0.6361355,1.653415
8105,269,2007,71,13990,3,15.9,0.92,2.5,0,0.6276647,0.548
8106,269,2007,72,12410,1.5,11.9,0.84,2.6,0,0.6194641,2.21839
8107,269,2007,73,12100,0.4,13,0.84,1.9,0,0.6115237,2.64095
8108,269,2007,74,12740,-1,12.8,0.77,2.8,0,0.6038343,2.333333
8109,269,2007,75,8200,4.8,11.8,0.91,4.7,0,0.5963868,5.551893
8110,269,2007,76,6190,8.3,12.1,1.05,8.3,0.8,0.5891726,6.670849
8111,269,2007,77,9830,1.6,10,0.69,11.2,7.6,0.5821833,4.812842
8112,269,2007,78,7360,0.1,6.5,0.67,4.1,7.3,0.5956537,6.268029
8113,269,2007,79,8760,0.8,7.7,0.68,5.5,1.8,0.5884819,5.600708
8114,269,2007,80,8820,2.5,8.4,0.69,6.1,1,0.5815388,5.637382
8115,269,2007,81,11490,5,8.8,0.71,8.3,0,0.5748159,4.1837
8116,269,2007,82,5830,3.7,9.3,0.74,7.2,0,0.5683055,7.12348
8117,269,2007,83,6370,5.5,12.1,0.95,5.2,0.1,0.5619997,6.907905
8118,269,2007,84,13560,5.2,13.6,0.81,5.8,0,0.5558914,3.170169
8119,269,2007,85,16220,4.5,16.2,0.79,6.1,0,0.5684729,1.503727
8120,269,2007,86,16190,3.8,16.7,0.71,4.8,0,0.5622141,1.741039
8121,269,2007,87,16570,3.5,17.2,0.72,3.4,0,0.5561551,1.627269
8122,269,2007,88,7280,0.3,14,0.86,2.6,0,0.5502887,6.742692
8123,269,2007,89,12250,2.6,14.6,0.96,3.6,0,0.5446078,4.419515
8124,269,2007,90,16070,4.7,15.5,0.9,6.3,0,0.5391059,2.286531
8125,269,2007,91,17910,4.9,16.9,0.78,5.9,0,0.5337767,1.295637
8126,269,2007,92,17150,3.3,18.1,0.85,5,0,0.5456155,1.894302
8127,269,2007,93,9870,4.3,10.8,0.78,6,0,0.5401617,5.90961
8128,269,2007,94,18170,1,11.3,0.67,3.7,0,0.5348822,1.647005
8129,269,2007,95,18260,-0.4,14.4,0.82,3.3,0,0.5297707,1.626747
8130,269,2007,96,17340,1.5,15.4,0.87,3,0,0.5248214,2.289836
8131,269,2007,97,17610,2.8,12.5,0.82,2.9,0.4,0.5200285,2.2823
8132,269,2007,98,18870,0.2,14.6,0.74,4.1,0,0.5153867,1.710187
8133,269,2007,99,15970,4.4,14.3,0.95,4.5,0,0.5108907,3.347835
8134,269,2007,100,11840,8.5,14.1,1.1,4.1,0,0.521868,5.366265
8135,269,2007,101,12110,5.5,14.8,0.94,2.8,0,0.5172753,5.348196
8136,269,2007,102,19350,4.4,19.5,1.05,4,0,0.5128295,1.737553
8137,269,2007,103,15060,6.9,22.7,1.21,4.2,0,0.5085257,4.055992
8138,269,2007,104,19300,7.6,26.2,1.21,3.4,0,0.5043589,1.918123
8139,269,2007,105,21070,8.1,27.7,1.11,2.9,0,0.5003246,1.068568
8140,269,2007,106,20740,7.3,25.8,1.32,3,0,0.4964183,1.270571
8141,269,2007,107,15720,7.9,14.2,0.97,4.1,0,0.5069366,4.124692
8142,269,2007,108,15830,3.2,14.2,0.79,2.8,0,0.5029512,4.213242
8143,269,2007,109,20670,2.6,17.3,0.88,5.6,0,0.4990948,1.887578
8144,269,2007,110,18550,2.1,11.6,0.65,3.1,0,0.4953631,3.179197
8145,269,2007,111,22090,0.3,15,0.67,2.4,0,0.4917521,1.482446
8146,269,2007,112,22380,1.7,20,0.75,1.7,0,0.4882578,1.377993
8147,269,2007,113,15470,7.4,23.1,1.04,3.4,0,0.4848763,4.588567
8148,269,2007,114,13440,10.9,21.4,1.47,2.7,0,0.4816042,5.340727
8149,269,2007,115,19580,13.8,28.3,1.6,2.6,0,0.4915944,2.668972
8150,269,2007,116,17580,12.4,24.9,1.72,3.1,0,0.4882636,3.651471
8151,269,2007,117,22750,11,27.4,1.4,5.1,0,0.4850432,1.311012
8152,269,2007,118,22730,9.4,24.6,1.36,4.8,0,0.4819296,1.435719
8153,269,2007,119,24460,9.2,21.4,0.94,6.8,0,0.4789195,0.868352
8154,269,2007,120,25230,5.7,19.9,0.71,6.6,0,0.4760096,0.7321459
8155,269,2007,121,24950,6.3,21.8,0.83,4.7,0,0.4731969,0.8833315
8156,269,2007,122,25800,4.8,21.6,0.82,4.8,0,0.4704785,0.5492324
8157,269,2007,123,22540,7.6,20.2,1.19,4.7,0,0.4678514,2.03493
8158,269,2007,124,24300,7.5,22.6,1.18,6,0,0.4773439,1.260713
8159,269,2007,125,24390,5.7,17.5,1.08,4.7,0,0.4746808,1.35276
8160,269,2007,126,15440,5.9,17.6,1.09,5.2,0,0.4721102,5.172066
8161,269,2007,127,4490,10.1,13.3,1.31,3.5,16.5,0.4696294,8
8162,269,2007,128,12340,10,15.8,1.25,7.3,15.7,0.4672358,6.216044
8163,269,2007,129,21700,10.6,16.2,1.23,5.3,4.1,0.4649269,2.79495
8164,269,2007,130,15290,10.1,16.8,1.31,7.5,16.5,0.4627003,5.304659
8165,269,2007,131,7700,9,14.2,1.27,5.8,11.1,0.4605537,7.50372
8166,269,2007,132,11350,10.2,16.6,1.31,7.4,6.8,0.4584847,6.578848
8167,269,2007,133,13970,8.3,18.7,1.25,4.1,0,0.4676989,5.831307
8168,269,2007,134,11390,10,16.3,1.24,6.4,2,0.4656148,6.611861
8169,269,2007,135,21130,8.6,16.5,1.03,3.5,0.2,0.46361,3.413142
8170,269,2007,136,17400,8.1,15,1.14,4.5,1.5,0.4616822,4.80221
8171,269,2007,137,18630,6.2,15,1.02,2,0.5,0.4598295,4.434664
8172,269,2007,138,19680,6.1,23.2,1.33,6.1,0,0.4580498,3.983965
8173,269,2007,139,26380,8,18.9,1.02,5.5,0,0.4563412,1.384198
8174,269,2007,140,18990,6.2,21,1.22,3.1,5.6,0.4547021,4.335829
8175,269,2007,141,11750,14.3,18.9,1.76,2.7,0,0.4531306,6.553513
8176,269,2007,142,9710,8,16.6,1.3,2.5,0,0.451625,7.137694
8177,269,2007,143,27810,6.6,20.6,1.15,1.6,0,0.4607171,0.8656882
8178,269,2007,144,27350,10.2,23.6,1.37,2.2,0,0.4592205,1.006085
8179,269,2007,145,25300,11.8,24.9,1.56,2.8,0,0.4577919,1.878934
8180,269,2007,146,13440,12,18,1.25,4.9,1.8,0.4564298,6.221728
8181,269,2007,147,10450,11.9,19.4,1.62,3.5,6.3,0.4551327,6.972329
8182,269,2007,148,8310,10.4,15.7,1.4,2,2.4,0.453899,7.492917
8183,269,2007,149,8200,7.6,13.1,1.11,5.6,1.5,0.4527275,7.54356
8184,269,2007,150,26540,7.6,20.7,1.07,4.9,0,0.4516167,1.755066
8185,269,2007,151,16940,11.7,18.6,1.52,2.5,2.7,0.4505656,5.194641
8186,269,2007,152,24990,10.6,23.8,1.45,3.5,0,0.4495727,2.286554
8187,269,2007,153,25120,11.1,23.3,1.49,3.7,0,0.4486372,2.242539
8188,269,2007,154,12330,13.1,19.9,1.67,2.9,0,0.4477578,6.544686
8189,269,2007,155,22270,12.5,22.7,1.63,4.1,0,0.4469337,3.367844
8190,269,2007,156,24040,14.3,22.8,1.73,4.8,0,0.4461639,2.661258
8191,269,2007,157,18920,13.9,20.5,1.77,3.8,0,0.4454475,4.568297
8192,269,2007,158,22380,15.2,27.1,2.13,4,0,0.4447838,3.231021
8193,269,2007,159,23680,18.1,31.2,2.39,4,6,0.4441721,2.656217
8194,269,2007,160,17270,16.2,23.8,2.18,2.9,0,0.4533817,5.067326
8195,269,2007,161,14490,15.6,22.2,2.05,2.5,0.3,0.4528294,5.947666
8196,269,2007,162,24810,16.4,25.7,2.25,2.7,0,0.4523328,2.271816
8197,269,2007,163,4910,15.4,18.4,1.81,3.4,0.3,0.4518908,8
8198,269,2007,164,19300,13.5,23,1.85,4.2,0,0.4515028,4.483343
8199,269,2007,165,11350,12.9,24.5,2.03,3.6,8.5,0.4511678,6.808944
8200,269,2007,166,11110,16.5,22.2,2.02,3.2,0.8,0.4508853,6.871115
8201,269,2007,167,15100,14.1,19.8,1.72,4.6,0.6,0.4506548,5.841255
8202,269,2007,168,11460,13.8,18.9,1.69,4.5,2,0.4504759,6.818596
8203,269,2007,169,10640,11.9,20.8,1.77,1.9,10.4,0.4503484,7.009536
8204,269,2007,170,27330,11,24,1.58,3,0,0.4502719,1.505737
8205,269,2007,171,23890,11.4,22.3,1.52,3.9,0,0.4502464,2.927414
8206,269,2007,172,10230,11.9,20.5,1.58,1.9,1.3,0.4502719,7.12157
8207,269,2007,173,13000,13.2,22.1,1.82,2.3,9.2,0.4503484,6.410194
8208,269,2007,174,12130,13.3,19.7,1.75,4.1,2.4,0.4504759,6.642768
8209,269,2007,175,15320,13.2,20.4,1.7,4.5,3.9,0.4506548,5.776528
8210,269,2007,176,11760,10,21,1.62,3.7,4.2,0.4508853,6.745816
8211,269,2007,177,11190,10.2,15.2,1.31,7,4.7,0.4511678,6.915994
8212,269,2007,178,21500,9.6,17.5,1.2,6.6,3.4,0.4515028,3.884541
8213,269,2007,179,27670,11.5,17.8,1.25,5,0.9,0.4518908,1.450925
8214,269,2007,180,8110,12.2,17.5,1.52,6.7,9.6,0.4523328,7.575546
8215,269,2007,181,17070,13,20.5,1.6,3.9,0.1,0.4528294,5.23279
8216,269,2007,182,18540,14.3,22.5,1.86,3.5,17,0.4533817,4.692821
8217,269,2007,183,17800,14,21,1.8,4.3,9.8,0.4441721,4.940373
8218,269,2007,184,11750,12.2,18.3,1.58,5.4,33.6,0.4447838,6.719953
8219,269,2007,185,14400,11.6,19,1.58,4.2,13.6,0.4454475,6.000925
8220,269,2007,186,22380,12.4,19.2,1.58,5.1,3.8,0.4461639,3.330185
8221,269,2007,187,5720,12.9,16.5,1.51,7.8,10.1,0.4469337,8
8222,269,2007,188,23910,12.2,19.7,1.5,6.3,0.6,0.4477578,2.716532
8223,269,2007,189,25780,9.9,20.8,1.4,2.8,5.5,0.4486372,1.960837
8224,269,2007,190,19530,9.5,19.8,1.4,2.1,1.4,0.4495727,4.347476
8225,269,2007,191,22920,9,19.7,1.39,3,1.1,0.4505656,3.073255
8226,269,2007,192,11030,12.7,18.7,1.61,4.9,1,0.4516167,6.840824
8227,269,2007,193,11620,12.9,19.3,1.63,4.6,2,0.4527275,6.678336
8228,269,2007,194,18950,16.6,23.9,2.07,4.3,0.2,0.453899,4.306733
8229,269,2007,195,17580,13,24.4,1.75,5.2,0,0.4551327,4.835861
8230,269,2007,196,12900,11.5,26.2,2,2.8,0.3,0.4564298,6.249864
8231,269,2007,197,18010,16,27.5,2.27,3.1,4.5,0.4577919,4.533144
8232,269,2007,198,24430,16.3,23.1,1.86,5.4,1.2,0.4592205,2.037212
8233,269,2007,199,21420,11.9,22.4,1.58,3.5,1.2,0.4607171,3.353014
8234,269,2007,200,22580,11.2,23.9,1.65,2.8,0,0.451625,2.820847
8235,269,2007,201,8930,13.6,22,1.88,5.2,23.4,0.4531306,7.252399
8236,269,2007,202,22310,12.9,22.7,1.65,4.2,0.5,0.4547021,2.851105
8237,269,2007,203,14270,10.5,19.5,1.55,2.7,10.9,0.4563412,5.784135
8238,269,2007,204,10150,8.4,20.3,1.5,4,10.4,0.4580498,6.947732
8239,269,2007,205,14400,13,19,1.6,5.9,2,0.4598295,5.690871
8240,269,2007,206,22690,11.7,22.3,1.57,5.2,0,0.4616822,2.531105
8241,269,2007,207,9130,15.3,21.7,1.85,5.7,7,0.46361,7.14018
8242,269,2007,208,18670,13.7,21.3,1.52,6.9,0,0.4656148,4.111253
8243,269,2007,209,17820,12.8,20.4,1.64,4.4,1,0.4676989,4.366475
8244,269,2007,210,11130,12.4,18.3,1.48,4.5,9.8,0.4584847,6.592707
8245,269,2007,211,21830,10.5,17.8,1.21,6.3,5.6,0.4605537,2.778745
8246,269,2007,212,20410,9.3,18.5,1.18,3.7,0,0.4627003,3.341094
8247,269,2007,213,22390,8.3,22.6,1.33,2.3,0,0.4649269,2.359198
8248,269,2007,214,11950,11.3,21.2,1.55,3,0,0.4672358,6.256866
8249,269,2007,215,24270,12.2,22.3,1.48,3,0,0.4696294,1.252509
8250,269,2007,216,24520,12.1,25.3,1.6,3.5,0,0.4721102,0.9877708
8251,269,2007,217,24300,15.1,29.1,1.68,3.6,0,0.4746808,0.9795883
8252,269,2007,218,18590,17.6,27.8,2.04,3.6,0,0.4773439,3.522194
8253,269,2007,219,11490,14.9,21.6,1.76,2.1,0.4,0.4678514,6.247871
8254,269,2007,220,16540,11.6,19.3,1.44,4.3,0,0.4704785,4.439781
8255,269,2007,221,5560,14.4,18.3,1.62,5.6,0.4,0.4731969,7.859609
8256,269,2007,222,10030,13.2,19.6,1.7,4.4,2,0.4760096,6.639842
8257,269,2007,223,21490,10.5,20.2,1.47,2.5,0,0.4789195,1.990751
8258,269,2007,224,19840,8,23.9,1.52,2.3,2.2,0.4819296,2.705052
8259,269,2007,225,16910,13.1,22.1,1.65,4.3,0,0.4850432,3.951876
8260,269,2007,226,15940,12,24.4,1.61,5.3,4.7,0.4882636,4.327143
8261,269,2007,227,14540,16.4,25.3,2.1,7.1,5.8,0.4915944,4.757556
8262,269,2007,228,11810,12.9,18.9,1.55,5.5,6.4,0.4816042,5.883743
8263,269,2007,229,10930,10.5,18.1,1.45,3.7,12.8,0.4848763,6.177521
8264,269,2007,230,13290,10.3,20,1.45,3.2,0,0.4882578,5.252564
8265,269,2007,231,15210,14.7,23.4,1.7,3.1,0,0.4917521,4.322563
8266,269,2007,232,12870,13.1,21.3,1.75,2.7,0.2,0.4953631,5.264471
8267,269,2007,233,10990,11.3,20.5,1.72,4.1,2.2,0.4990948,5.967367
8268,269,2007,234,13970,13.3,22.6,1.75,6.5,0,0.5029512,4.681781
8269,269,2007,235,12460,12.6,22,1.78,2.7,0,0.5069366,5.277002
8270,269,2007,236,18960,12.4,24,1.86,2,0,0.4964183,1.926397
8271,269,2007,237,18740,13.2,23.4,1.85,2.9,0,0.5003246,1.945409
8272,269,2007,238,16260,12.7,20.8,1.62,3.5,0,0.5043589,3.301987
8273,269,2007,239,16750,10.7,19.5,1.32,2.8,0,0.5085257,3.054301
8274,269,2007,240,16740,8.7,17.6,1.16,2.5,1.6,0.5128295,3.027034
8275,269,2007,241,18880,7.1,18.2,1.13,2.1,0,0.5172753,1.710634
8276,269,2007,242,8370,8.8,18.8,1.39,4.7,0.2,0.521868,6.65368
8277,269,2007,243,7010,12.1,19.3,1.61,4.3,0,0.5108907,7.082451
8278,269,2007,244,11530,11.2,19.6,1.54,2.8,0.7,0.5153867,5.221478
8279,269,2007,245,10660,13.4,20.8,1.68,5.3,8.3,0.5200285,5.534367
8280,269,2007,246,16750,11.6,17.2,1.35,4.3,14.2,0.5248214,2.277023
8281,269,2007,247,18050,10.4,16.1,1.1,5.1,5.6,0.5297707,1.443361
8282,269,2007,248,4240,6.4,14.4,1.19,2.7,2.1,0.5348822,7.887089
8283,269,2007,249,9980,13.8,19.2,1.75,4,0,0.5401617,5.604353
8284,269,2007,250,13120,11.9,19.5,1.59,4.3,0,0.5456155,3.9168
8285,269,2007,251,7050,13.4,19.4,1.7,3.8,0.5,0.5337767,6.803276
8286,269,2007,252,7830,10.5,16.9,1.3,3.8,0.3,0.5391059,6.490299
8287,269,2007,253,8790,12.7,17.5,1.51,6.1,6.9,0.5446078,5.977993
8288,269,2007,254,11990,10.4,17.7,1.32,4.4,0,0.5502887,4.267844
8289,269,2007,255,6530,6.8,18.2,1.33,2,0,0.5561551,6.9079
8290,269,2007,256,8400,8.8,18.4,1.37,1.2,0,0.5622141,6.020068
8291,269,2007,257,6800,6.7,19.4,1.35,4,0.1,0.5684729,6.712462
8292,269,2007,258,14050,9.3,17.7,1.21,2.5,0,0.5558914,2.523972
8293,269,2007,259,12600,8.9,21.4,1.43,5.2,0,0.5619997,3.306565
8294,269,2007,260,2840,11.3,15.5,1.51,2.8,9.3,0.5683055,8
8295,269,2007,261,12330,5.4,14.4,1,4.7,7.1,0.5748159,3.409769
8296,269,2007,262,9700,6.4,17,1.17,6.7,0.1,0.5815388,4.932394
8297,269,2007,263,4250,13,17.2,1.56,8,1.9,0.5884819,7.559661
8298,269,2007,264,6370,12.1,19.9,1.62,5.5,0.2,0.5956537,6.558803
8299,269,2007,265,6120,10.1,19.1,1.56,2.3,0,0.5821833,6.643781
8300,269,2007,266,13010,7.7,22.5,1.48,2.9,0,0.5891726,1.942441
8301,269,2007,267,5660,10.4,19.1,1.53,5.8,2.1,0.5963868,6.78446
8302,269,2007,268,9130,9,15.5,1.34,5.4,2.7,0.6038343,4.681412
8303,269,2007,269,5920,6.2,12.7,1.09,3.6,1.4,0.6115237,6.611215
8304,269,2007,270,11500,7.1,17.1,1.24,6.2,0,0.6194641,2.647083
8305,269,2007,271,4750,12.3,16.6,1.58,5.6,7.5,0.6276647,7.067722
8306,269,2007,272,2140,11.3,13.1,1.39,4.6,13.1,0.6361355,8
8307,269,2007,273,8410,6.3,15.9,1.2,3.1,0.4,0.6211191,4.712041
8308,269,2007,274,4570,5.7,13.9,1.14,3,0.8,0.6293505,7.083998
8309,269,2007,275,5020,9.3,14.1,1.25,3.9,0,0.6378454,6.775818
8310,269,2007,276,2060,10.7,15.2,1.46,2.3,8.1,0.6466133,8
8311,269,2007,277,4780,6.9,17,1.34,3.3,0.1,0.6556639,6.801913
8312,269,2007,278,6540,5.4,17.6,1.26,1.8,0,0.6650076,5.58325
8313,269,2007,279,8910,6.5,15.3,1.27,3.5,0,0.674655,3.505373
8314,269,2007,280,9940,4.1,17.1,1.2,1.5,0,0.6583203,2.364752
8315,269,2007,281,3930,3,14,1.08,1.4,0,0.6676702,7.148271
8316,269,2007,282,3600,7.8,14.3,1.19,2.3,0,0.677313,7.287576
8317,269,2007,283,9420,5.8,15.6,1.16,3.2,0,0.6872585,2.353542
8318,269,2007,284,9100,4.1,15.2,1.07,2.7,0,0.6975169,2.553778
8319,269,2007,285,7670,11.5,17.5,1.44,3.5,0,0.7080988,3.73638
8320,269,2007,286,10130,7.1,16.7,1.2,1.8,0,0.7190148,0.8343614
8321,269,2007,287,10300,3.9,17.9,1.03,2,0,0.7011604,0.4722327
8322,269,2007,288,7330,6.3,18,1.19,4.3,0,0.7117022,3.721849
8323,269,2007,289,8850,10.7,17.6,1.34,5.6,0,0.7225609,1.670407
8324,269,2007,290,1860,9,14.1,1.2,4.2,7.4,0.7337458,8
8325,269,2007,291,6990,8.7,12.6,0.95,4.6,2.7,0.7452664,3.719798
8326,269,2007,292,6510,3.8,12.3,0.86,3,0.6,0.7571323,4.140963
8327,269,2007,293,7810,0.1,11.1,0.74,1,0,0.7693533,2.486316
8328,269,2007,294,3120,5.1,12.5,1,2.8,0.6,0.7819394,7.09823
8329,269,2007,295,9450,0.4,9.7,0.75,3,0,0.7615323,0
8330,269,2007,296,9080,-1.3,9,0.68,4.2,0,0.7736058,0
8331,269,2007,297,2650,3.4,9.5,0.81,5.3,0,0.7860145,7.344344
8332,269,2007,298,1960,6.8,9.7,0.96,3.7,0,0.7987658,7.796227
8333,269,2007,299,1740,7.2,8.8,0.93,2.3,0,0.8118664,7.92264
8334,269,2007,300,1210,7.6,9.9,0.96,3.3,0,0.8253233,8
8335,269,2007,301,3590,8.3,11.9,1.03,6.5,1,0.8391428,6.233103
8336,269,2007,302,840,5.7,10.2,1.05,3.5,2,0.853331,8
8337,269,2007,303,7390,3.3,12.2,0.94,2.4,0.4,0.829911,0.5753969
8338,269,2007,304,2550,2.4,12.7,0.95,3.8,0,0.843395,7.086049
8339,269,2007,305,2520,11.4,14.6,1.36,4,0,0.8571998,7.011093
8340,269,2007,306,1810,12.5,14.5,1.52,2.4,0.7,0.8713273,7.623842
8341,269,2007,307,2200,8.5,13.8,1.23,3,0.4,0.8857786,7.244433
8342,269,2007,308,2680,8.1,11.8,1.05,1.7,0,0.9005538,6.711422
8343,269,2007,309,2140,8.2,12.1,1.07,4.3,3.2,0.9156522,7.231495
8344,269,2007,310,5210,6.8,10.6,0.88,5.7,0.3,0.9310723,2.872766
8345,269,2007,311,1570,8.3,12.3,1.05,6.5,0.5,0.9468111,7.715631
8346,269,2007,312,2730,5,12.9,1,5.8,7.8,0.9187459,6.389466
8347,269,2007,313,3620,3.9,8.2,0.72,8,4.4,0.933463,5.127186
8348,269,2007,314,3120,5.8,10.8,0.97,4.3,23.7,0.948423,5.694547
8349,269,2007,315,4170,4.4,11.2,0.89,6.9,8.6,0.963617,3.868701
8350,269,2007,316,4090,4.8,9.3,0.76,5.1,0.1,0.9790346,3.923905
8351,269,2007,317,870,2.2,6.7,0.77,4.1,4.2,0.994664,8
8352,269,2007,318,4910,1.2,6,0.66,3.3,0.2,1.010491,1.962393
8353,269,2007,319,4620,-2.5,5.6,0.59,1.8,0,1.026502,2.449035
8354,269,2007,320,2640,-1.2,8.7,0.74,3.3,0,1.042677,5.964199
8355,269,2007,321,2870,-0.3,8.5,0.75,3.2,0,1.058999,5.494199
8356,269,2007,322,4400,-1.1,6.8,0.66,3.5,0,1.024323,2.299703
8357,269,2007,323,2840,2.7,6,0.7,3.8,0,1.039163,5.374092
8358,269,2007,324,2770,3.7,9.2,0.79,3.7,1,1.054044,5.377441
8359,269,2007,325,670,5.3,10.9,0.92,4.1,0.1,1.06894,8
8360,269,2007,326,4280,4.1,12.1,0.99,4.3,0,1.083824,1.589045
8361,269,2007,327,2280,3.6,7.4,0.79,3.8,1.6,1.098668,6.027786
8362,269,2007,328,2720,-0.3,8.5,0.71,4.9,1.5,1.113442,5.135715
8363,269,2007,329,2850,3.9,8.7,0.79,6.2,4.6,1.128114,4.735421
8364,269,2007,330,2470,3.4,7,0.72,4.5,0.8,1.142652,5.465721
8365,269,2007,331,2850,2.3,7.4,0.76,2.2,0,1.157019,4.547798
8366,269,2007,332,1170,4.2,6.8,0.78,5.4,0.1,1.17118,7.590236
8367,269,2007,333,550,5,7.6,0.88,6.5,1.5,1.185096,8
8368,269,2007,334,730,2.5,9.8,0.89,7,3.2,1.198729,8
8369,269,2007,335,3660,7.3,10.4,0.93,9.8,2.7,1.152804,1.814841
8370,269,2007,336,570,5.1,10.9,0.92,10.3,14,1.164385,8
8371,269,2007,337,2720,4.8,8.7,0.82,6.5,3.1,1.175584,4.281361
8372,269,2007,338,1280,4.6,11,0.94,5.3,0,1.186362,7.253753
8373,269,2007,339,880,9.4,12.6,1.13,9.4,1.2,1.196684,7.845907
8374,269,2007,340,660,7.5,12.9,1.16,7.6,17,1.206514,8
8375,269,2007,341,1470,6.1,13.4,0.99,10.3,16.9,1.215816,6.829053
8376,269,2007,342,2080,3.6,7.7,0.79,7.2,8.3,1.224556,5.552913
8377,269,2007,343,2990,6.3,9,0.92,5.8,3,1.232701,3.004745
8378,269,2007,344,2370,5.4,8.2,0.91,4.2,0.4,1.240217,4.707316
8379,269,2007,345,2300,0.4,7.6,0.68,4.5,0.2,1.247076,4.937059
8380,269,2007,346,1140,0.7,5.5,0.76,1.1,0,1.253249,7.372749
8381,269,2007,347,1030,-1.3,3.5,0.62,1.7,0,1.258711,7.566406
8382,269,2007,348,2760,-1.4,4.5,0.65,1.9,0,1.263437,3.581682
8383,269,2007,349,1380,-1.5,3.7,0.58,3,0,1.267408,6.933524
8384,269,2007,350,4040,-3.4,0.9,0.49,3.9,0,1.270606,0
8385,269,2007,351,990,-2.4,1.2,0.51,5.3,0,1.273017,7.623157
8386,269,2007,352,1530,-3.4,-0.7,0.5,4.3,0,1.274631,6.637366
8387,269,2007,353,790,-3.5,-2.4,0.49,3.7,0,1.275439,7.932334
8388,269,2007,354,450,-4.4,-2.9,0.46,2.5,0,1.275439,8
8389,269,2007,355,1080,-5.3,-3.3,0.44,1.3,0,1.274631,7.482997
8390,269,2007,356,3470,-7.3,1.4,0.48,2,0,1.273017,1.366701
8391,269,2007,357,3010,-2.4,7.3,0.71,2.1,0,1.270606,2.725627
8392,269,2007,358,760,-1,3.3,0.64,3.6,0,1.267408,7.972597
8393,269,2007,359,1780,0.8,4.9,0.61,6.3,1.6,1.263437,6.120747
8394,269,2007,360,1200,1.6,5.3,0.77,4.9,0.2,1.258711,7.2576
8395,269,2007,361,750,3,8.3,0.88,7.3,0,1.253249,7.985441
8396,269,2007,362,1020,5.7,8.6,0.89,8.8,0,1.247076,7.574695
8397,269,2007,363,2970,4.3,8.3,0.82,8.9,2.3,1.240217,3.071021
8398,269,2007,364,1720,0.5,7.1,0.71,4.5,1.4,1.232701,6.340373
8399,269,2007,365,1890,-1.1,6.3,0.71,1.1,0,1.224556,6.013565
8400,269,2008,1,1180,-1,1.2,0.61,2.7,0,1.215816,7.40503
8401,269,2008,2,3870,-2.9,0.3,0.51,4.8,0,1.206514,0.8350609
8402,269,2008,3,2080,-1.4,0.8,0.47,6.2,0.2,1.196684,5.808233
8403,269,2008,4,850,0.6,4.9,0.58,4.8,0.5,1.186362,7.946919
8404,269,2008,5,1610,4,8.6,0.86,6.8,3.4,1.175584,6.721429
8405,269,2008,6,2930,-0.3,7.1,0.73,4,1.6,1.164385,3.900378
8406,269,2008,7,1150,3.4,8.3,0.77,8.8,1.9,1.152804,7.555826
8407,269,2008,8,1650,3,7.2,0.78,6.9,0,1.198729,6.778615
8408,269,2008,9,2310,4.1,8.3,0.81,7.5,0.9,1.185096,5.562495
8409,269,2008,10,1850,4.6,10.1,0.86,8.9,2.8,1.17118,6.49981
8410,269,2008,11,1090,8.9,11,1.08,6.5,14.6,1.157019,7.70471
8411,269,2008,12,1920,1.7,9.1,0.78,6.5,0.1,1.142652,6.497287
8412,269,2008,13,1920,2.3,8.5,0.76,5.6,0.2,1.128114,6.554785
8413,269,2008,14,2960,2.1,8.8,0.74,7.8,0.3,1.113442,4.65674
8414,269,2008,15,790,7.5,9.5,0.94,10.6,7.6,1.098668,8
8415,269,2008,16,2950,2.4,9.7,0.8,7.4,0,1.083824,4.862585
8416,269,2008,17,880,1.5,8.9,0.83,6.3,5.5,1.06894,8
8417,269,2008,18,1150,6.8,12.3,1.08,8.7,9,1.054044,7.797803
8418,269,2008,19,900,9.1,12.5,1.23,6.3,6.2,1.039163,8
8419,269,2008,20,540,9.6,12.7,1.23,9,6,1.024323,8
8420,269,2008,21,490,5.2,10.8,0.99,9.8,19.7,1.058999,8
8421,269,2008,22,4050,0.5,7.6,0.68,4.4,0.3,1.042677,3.475209
8422,269,2008,23,690,2.3,10,0.87,7.2,0.7,1.026502,8
8423,269,2008,24,670,3.6,10.3,0.85,6.9,2.6,1.010491,8
8424,269,2008,25,3020,2.4,9.4,0.78,8.1,0,0.994664,5.652642
8425,269,2008,26,4220,6.4,10.5,0.92,8.6,0,0.9790346,3.664196
8426,269,2008,27,2820,7.5,9.7,0.97,6.8,1.7,0.963617,6.073584
8427,269,2008,28,1270,6.8,9.2,0.94,3.1,0,0.948423,7.930796
8428,269,2008,29,1390,5.6,7.2,0.83,4.5,0,0.933463,7.854014
8429,269,2008,30,2520,0.4,7.1,0.7,4.5,2.9,0.9187459,6.732754
8430,269,2008,31,1430,1.3,6.4,0.69,11,5.2,0.9468111,7.88307
8431,269,2008,32,4100,2.8,7.7,0.64,10.3,0.1,0.9310723,4.854262
8432,269,2008,33,4680,2.4,5.4,0.63,6.4,2.9,0.9156522,4.128873
8433,269,2008,34,4750,0.9,4.9,0.53,6.4,0,0.9005538,4.22667
8434,269,2008,35,1760,3.6,8,0.73,6,0,0.8857786,7.712614
8435,269,2008,36,740,3.7,10.9,0.91,8.9,5.6,0.8713273,8
8436,269,2008,37,3140,2.5,10.7,0.85,6.5,0.8,0.8571998,6.476647
8437,269,2008,38,4080,-0.9,8,0.69,4.3,0,0.843395,5.547179
8438,269,2008,39,6880,3.9,11,0.71,3.4,0,0.829911,1.746754
8439,269,2008,40,7640,0.7,12.5,0.65,2.5,0,0.853331,0.7860039
8440,269,2008,41,7380,0,13.1,0.69,1.8,0,0.8391428,1.440015
8441,269,2008,42,7620,-0.6,13.9,0.85,1.9,0,0.8253233,1.186184
8442,269,2008,43,7820,-0.8,11.9,0.83,2.5,0,0.8118664,1.142013
8443,269,2008,44,1880,1.5,3.4,0.72,2.9,0,0.7987658,7.88274
8444,269,2008,45,1810,1.1,5.1,0.73,2.3,0,0.7860145,7.952009
8445,269,2008,46,8640,-2.5,4.5,0.49,4.6,0,0.7736058,0.988466
8446,269,2008,47,9050,-4.8,3.4,0.41,3,0,0.7615323,0.7421428
8447,269,2008,48,9920,-6,6.9,0.49,2.1,0,0.7819394,0
8448,269,2008,49,8840,-4.4,7.6,0.63,1.5,0,0.7693533,1.332487
8449,269,2008,50,2160,0.4,2.5,0.67,2,0,0.7571323,7.869061
8450,269,2008,51,3470,-1.2,3.2,0.65,2.3,0,0.7452664,7.067859
8451,269,2008,52,2110,1.3,9.1,0.82,7.2,0.4,0.7337458,7.93484
8452,269,2008,53,1890,8.4,10.6,1.03,9.6,1,0.7225609,8
8453,269,2008,54,5030,1.9,10.2,0.78,6.5,0,0.7117022,6.06434
8454,269,2008,55,4170,7,11.2,0.94,5.2,3.6,0.7011604,6.74305
8455,269,2008,56,9250,2.2,10.2,0.79,4.6,2.9,0.7190148,2.27657
8456,269,2008,57,2340,6.1,11.7,0.96,8.6,4.5,0.7080988,7.920164
8457,269,2008,58,10340,3.1,9.5,0.77,6.7,0,0.6975169,1.492211
8458,269,2008,59,6260,2.2,10.8,0.86,2.7,0,0.6872585,5.503558
8459,269,2008,60,5660,1,10.5,0.82,6.9,9.3,0.677313,6.047918
8460,269,2008,61,7440,4.5,11.7,0.81,11.4,4,0.6676702,4.78403
8461,269,2008,62,8700,6,11.2,0.84,9.1,1.6,0.6583203,3.825299
8462,269,2008,63,8720,-1.3,7.5,0.56,6.6,0.3,0.674655,4.082632
8463,269,2008,64,8320,-1.5,7.3,0.59,4.9,1.8,0.6650076,4.517198
8464,269,2008,65,10690,1,7.2,0.6,4.9,0.1,0.6556639,2.651238
8465,269,2008,66,1680,4.6,8.8,0.88,5.8,0.8,0.6466133,8
8466,269,2008,67,3680,1.7,10,0.83,5,0.5,0.6378454,7.549473
8467,269,2008,68,5940,2.1,9.8,0.77,6.9,0,0.6293505,6.422788
8468,269,2008,69,1910,5.9,9.1,0.93,6.7,6,0.6211191,8
8469,269,2008,70,3720,4.2,8.6,0.78,9.4,1.6,0.6361355,7.622772
8470,269,2008,71,4040,5.2,10.5,0.89,9.3,10.6,0.6276647,7.500784
8471,269,2008,72,3900,5.9,8.9,0.72,12,0.7,0.6194641,7.606996
8472,269,2008,73,10310,5.5,9.5,0.81,7.6,0,0.6115237,4.014513
8473,269,2008,74,14060,3.9,9.8,0.82,4.8,0,0.6038343,1.195669
8474,269,2008,75,6610,2.6,12.6,0.91,2.5,0,0.5963868,6.431025
8475,269,2008,76,1740,4.9,7.6,0.89,5.6,18.3,0.5891726,8
8476,269,2008,77,7200,1,7.4,0.62,5.1,1.1,0.5821833,6.303698
8477,269,2008,78,12340,2.1,7.8,0.69,5.2,2.7,0.5956537,3.276724
8478,269,2008,79,12780,2.3,7.2,0.69,5.4,2.2,0.5884819,3.104545
8479,269,2008,80,5430,1.9,8.3,0.78,6.7,17.2,0.5815388,7.211578
8480,269,2008,81,7290,-0.1,7,0.7,4.8,6.7,0.5748159,6.456117
8481,269,2008,82,5300,-3.2,6.1,0.59,4.9,0.1,0.5683055,7.351885
8482,269,2008,83,11030,-4.9,4.9,0.52,3.5,2.7,0.5619997,4.734037
8483,269,2008,84,13950,-1.8,5.1,0.63,4.2,5.5,0.5558914,3.016893
8484,269,2008,85,12220,-1.1,5.4,0.66,6,3.1,0.5684729,4.178839
8485,269,2008,86,14680,-3.3,7.8,0.55,2.5,0,0.5622141,2.85665
8486,269,2008,87,8490,-1.8,8.7,0.65,2.9,0,0.5561551,6.229804
8487,269,2008,88,8540,-0.8,10.5,0.74,6.3,2.8,0.5502887,6.237532
8488,269,2008,89,14060,5.7,12.4,0.81,8.1,2.9,0.5446078,3.451049
8489,269,2008,90,4580,8.5,10.7,0.92,5.8,1.7,0.5391059,7.752938
8490,269,2008,91,8310,5.2,12.3,1,2.1,5.3,0.5337767,6.424756
8491,269,2008,92,5700,4.5,11.2,0.92,5.9,3.9,0.5456155,7.436444
8492,269,2008,93,12320,6,11.6,0.92,6.3,0.5,0.5401617,4.727275
8493,269,2008,94,7450,6.2,9.1,0.88,4.8,0.5,0.5348822,6.891939
8494,269,2008,95,5730,5.3,11.9,0.99,3.3,0.1,0.5297707,7.488477
8495,269,2008,96,13150,3.1,10.5,0.83,4,4,0.5248214,4.578878
8496,269,2008,97,16830,-1.2,7.3,0.56,3.5,7,0.5200285,2.886242
8497,269,2008,98,15170,-2.1,9.9,0.65,2.7,2.1,0.5153867,3.812965
8498,269,2008,99,15920,-0.8,10.2,0.69,2.7,0,0.5108907,3.497842
8499,269,2008,100,19750,-1.7,11.3,0.59,1.8,0,0.521868,1.554506
8500,269,2008,101,16700,-0.9,12.1,0.67,1.8,0,0.5172753,3.292379
8501,269,2008,102,14290,-0.6,12.1,0.71,2.6,0,0.5128295,4.525142
8502,269,2008,103,14650,4.4,13.6,0.88,6.3,1.7,0.5085257,4.365515
8503,269,2008,104,15720,3.3,13.2,0.85,3.7,0,0.5043589,3.949835
8504,269,2008,105,13470,2,10.6,0.8,3.5,0,0.5003246,5.043937
8505,269,2008,106,16830,0.6,9.6,0.7,3.1,6.3,0.4964183,3.647005
8506,269,2008,107,14130,-0.6,9.7,0.67,2.8,0.2,0.5069366,4.927183
8507,269,2008,108,19210,-1.6,11.5,0.64,4,0,0.5029512,2.689308
8508,269,2008,109,10920,4.5,10.8,0.8,6.9,0,0.4990948,6.201652
8509,269,2008,110,10570,4.5,12.3,0.79,6.7,0,0.4953631,6.357141
8510,269,2008,111,18980,5.9,15.1,0.91,5.2,0,0.4917521,2.920063
8511,269,2008,112,21970,5.3,17.7,0.88,6.9,0,0.4882578,1.509441
8512,269,2008,113,22080,5.4,18.4,0.86,5.7,0,0.4848763,1.567452
8513,269,2008,114,18080,6.2,20,1.07,3.5,2.1,0.4816042,3.506156
8514,269,2008,115,12750,6.9,17.8,1.22,4.5,2.7,0.4915944,5.690736
8515,269,2008,116,20380,4.6,15.8,1.01,3.6,0,0.4882636,2.606474
8516,269,2008,117,17890,8.4,19.8,1.09,3.4,0.4,0.4850432,3.780962
8517,269,2008,118,16290,11.4,21.3,0.97,4.2,0,0.4819296,4.545031
8518,269,2008,119,5520,9.6,16.3,1.19,3.3,2.5,0.4789195,7.884316
8519,269,2008,120,13760,8.9,16,1.17,4.2,3.6,0.4760096,5.528738
8520,269,2008,121,13680,7.9,18.2,1.01,6.3,0.2,0.4731969,5.62873
8521,269,2008,122,14020,6.6,15.8,1.08,4.6,6.1,0.4704785,5.530162
8522,269,2008,123,23430,4.2,16.1,0.96,3.1,0,0.4678514,1.729287
8523,269,2008,124,21620,3.4,18.9,0.95,2.7,0,0.4773439,2.64813
8524,269,2008,125,24780,6.4,20.9,0.92,3.5,0,0.4746808,1.257143
8525,269,2008,126,25820,5.3,21,0.92,4,0,0.4721102,0.82642
8526,269,2008,127,24560,8,23,1.13,4.3,0,0.4696294,1.397548
8527,269,2008,128,25100,8,24.4,1.11,3.5,0,0.4672358,1.222983
8528,269,2008,129,25370,9,24.8,1.14,3.6,0,0.4649269,1.150306
8529,269,2008,130,25550,7.8,26.1,1.06,3.2,0,0.4627003,1.18305
8530,269,2008,131,25400,8.8,26.6,1.03,3.2,0,0.4605537,1.342541
8531,269,2008,132,25580,9.1,25.8,1.02,3.6,0,0.4584847,1.332146
8532,269,2008,133,22220,9.9,26.2,1.12,4.3,0,0.4676989,2.836164
8533,269,2008,134,24070,11.1,25.3,1.36,4.8,0,0.4656148,1.977183
8534,269,2008,135,22700,10.4,25.4,1.44,3.6,0.3,0.46361,2.601747
8535,269,2008,136,21130,10.1,23.5,1.3,4.2,0,0.4616822,3.35281
8536,269,2008,137,4630,11.8,15.2,1.36,3.4,5.6,0.4598295,8
8537,269,2008,138,4810,9.3,12.2,1.15,4.4,6.6,0.4580498,8
8538,269,2008,139,25970,4.4,14.5,0.82,4,0,0.4563412,1.686119
8539,269,2008,140,21440,2.5,15.1,0.78,3.6,0,0.4547021,3.594827
8540,269,2008,141,23310,2,16.5,0.78,3.8,0,0.4531306,2.908179
8541,269,2008,142,25770,4.9,19,0.88,4,0,0.451625,1.880377
8542,269,2008,143,21770,5.7,21.2,0.97,2.5,0,0.4607171,3.489125
8543,269,2008,144,27480,7.3,22.6,1,3.7,0,0.4592205,1.152765
8544,269,2008,145,25800,8.4,22.8,0.94,5.4,0,0.4577919,1.960372
8545,269,2008,146,7010,12.6,16.1,1.28,6.5,1.6,0.4564298,7.761259
8546,269,2008,147,5690,11.8,14.4,1.27,7.6,1,0.4551327,8
8547,269,2008,148,14640,11.6,20.1,1.42,5.8,0.2,0.453899,5.876446
8548,269,2008,149,13720,11.8,25.3,1.52,4.4,0,0.4527275,6.138483
8549,269,2008,150,8870,11,21,1.58,2.5,4.8,0.4516167,7.367971
8550,269,2008,151,13340,11.8,21,1.6,2.8,0,0.4505656,6.254946
8551,269,2008,152,11900,12.6,16.5,1.46,2.9,2.7,0.4495727,6.665822
8552,269,2008,153,13410,13.2,22.9,1.78,1.8,0.3,0.4486372,6.230647
8553,269,2008,154,24430,13.5,28.6,1.9,3.1,0.8,0.4477578,2.401927
8554,269,2008,155,12440,14.5,21.6,1.86,2.9,16.2,0.4469337,6.501174
8555,269,2008,156,17520,11.6,21.2,1.62,2.5,0,0.4461639,5.053003
8556,269,2008,157,10970,14.6,19.3,1.74,3,0,0.4454475,6.900955
8557,269,2008,158,23520,13.2,25.2,1.47,3.4,0,0.4447838,2.99202
8558,269,2008,159,23280,11.3,24.2,1.65,2.3,6.4,0.4441721,3.038599
8559,269,2008,160,27580,13.4,26.4,1.74,2.7,0,0.4533817,1.240669
8560,269,2008,161,28170,10.7,25.1,1.42,2.5,0,0.4528294,1.144974
8561,269,2008,162,24600,11.5,22.8,1.47,3.7,0,0.4523328,2.623407
8562,269,2008,163,23790,11.3,18,1.15,5,0,0.4518908,3.072076
8563,269,2008,164,9960,8.1,15.5,1.07,3.4,2.2,0.4515028,7.225042
8564,269,2008,165,17190,7.9,16,1.12,4.6,4,0.4511678,5.333266
8565,269,2008,166,20550,8.7,16.9,1.11,2.9,0,0.4508853,4.264944
8566,269,2008,167,21130,8.6,16.7,1.1,3.5,7.1,0.4506548,4.073988
8567,269,2008,168,23110,6.3,16.8,0.99,3.4,0,0.4504759,3.417982
8568,269,2008,169,27890,5.3,19.8,1.02,1.4,0,0.4503484,1.544117
8569,269,2008,170,18710,8.4,20.2,1.16,4,0,0.4502719,4.862623
8570,269,2008,171,15490,11.4,19.6,1.32,5.8,3.4,0.4502464,5.799565
8571,269,2008,172,22610,10.8,20.1,1.21,5.2,0,0.4502719,3.515731
8572,269,2008,173,17010,11.5,21.7,1.32,2.8,0,0.4503484,5.349559
8573,269,2008,174,18530,13.6,27.3,1.61,6.3,0,0.4504759,4.804777
8574,269,2008,175,17430,7.4,17.7,1.06,5.1,0,0.4506548,5.27678
8575,269,2008,176,28050,5.5,21.4,1,3.6,0,0.4508853,1.461785
8576,269,2008,177,22030,11.1,24.3,1.36,4.8,0,0.4511678,3.650076
8577,269,2008,178,25800,10.6,22.3,1.25,4.9,0,0.4515028,2.238768
8578,269,2008,179,23640,12.4,20.3,1.34,7.2,3.2,0.4518908,3.038723
8579,269,2008,180,12720,13,21.9,1.68,5.4,5.5,0.4523328,6.479551
8580,269,2008,181,20410,12.9,21.6,1.4,5.4,0,0.4528294,4.175887
8581,269,2008,182,24760,9.6,21.6,1.28,2.4,0,0.4533817,2.585273
8582,269,2008,183,28780,9.5,27.8,1.33,1.6,0,0.4441721,0.850972
8583,269,2008,184,20060,13.8,32.5,2.01,2.4,6.2,0.4447838,4.106073
8584,269,2008,185,8630,15.4,21.9,1.89,3,1.9,0.4454475,7.425708
8585,269,2008,186,27780,9.7,21.1,1.31,3.8,0,0.4461639,1.227361
8586,269,2008,187,20940,8.2,24.8,1.43,2.6,0.5,0.4469337,3.893216
8587,269,2008,188,19130,14.2,22.9,1.58,4.5,2,0.4477578,4.475132
8588,269,2008,189,13880,13.2,19.9,1.56,6.9,12.8,0.4486372,6.113515
8589,269,2008,190,12040,10.9,18,1.42,5.8,21.9,0.4495727,6.621325
8590,269,2008,191,16680,11,19.3,1.41,4.8,5.6,0.4505656,5.27608
8591,269,2008,192,7180,14.3,19.3,1.78,5.1,4.2,0.4516167,7.710521
8592,269,2008,193,15430,13.4,21.2,1.62,4.9,1.4,0.4527275,5.595583
8593,269,2008,194,18900,11.2,18.8,1.38,5.4,11.2,0.453899,4.490495
8594,269,2008,195,23170,9.4,19.1,1.25,4.1,0,0.4551327,2.910664
8595,269,2008,196,26000,9.1,22.5,1.29,4.2,0,0.4564298,1.671458
8596,269,2008,197,6380,16,20.1,1.76,5,0,0.4577919,7.850334
8597,269,2008,198,21750,12,19.9,1.34,4.8,0.1,0.4592205,3.338072
8598,269,2008,199,9560,13.3,17.8,1.54,3.8,5.1,0.4607171,7.146394
8599,269,2008,200,10530,13.8,19.8,1.67,4.8,1.6,0.451625,6.881239
8600,269,2008,201,10920,13.3,19.7,1.67,6,14.1,0.4531306,6.767092
8601,269,2008,202,14840,12.3,16.9,1.26,5,3.7,0.4547021,5.680487
8602,269,2008,203,11790,12.2,17.9,1.49,6.9,6.2,0.4563412,6.52387
8603,269,2008,204,20140,13,19.9,1.52,3.8,0,0.4580498,3.693573
8604,269,2008,205,17510,13.4,23.9,1.74,1.5,0,0.4598295,4.598375
8605,269,2008,206,26940,11.3,26.2,1.54,3.9,0,0.4616822,0.5666565
8606,269,2008,207,20860,13.7,28.1,1.76,3.3,0,0.46361,3.201493
8607,269,2008,208,15290,17.3,28.6,2.38,2.8,30.5,0.4656148,5.184157
8608,269,2008,209,20670,16.5,26.8,2.2,1.7,0,0.4676989,3.056454
8609,269,2008,210,18290,18.9,29.9,2.54,2.5,11,0.4584847,3.93409
8610,269,2008,211,16300,14.3,23.8,1.83,2.7,0,0.4605537,4.819311
8611,269,2008,212,23440,13.8,26.9,1.74,3.4,0,0.4627003,1.765795
8612,269,2008,213,24140,15.9,30.5,2.05,3.1,0,0.4649269,1.227872
8613,269,2008,214,17410,13.8,23.9,1.72,4.5,7.5,0.4672358,4.300022
8614,269,2008,215,14100,14.3,23.2,1.64,4.8,0.9,0.4696294,5.50951
8615,269,2008,216,10960,16.1,20.6,1.88,5.7,11.3,0.4721102,6.473883
8616,269,2008,217,22360,15.4,20.3,1.6,6.4,2.2,0.4746808,1.987129
8617,269,2008,218,17340,11.8,22.3,1.54,2.5,0,0.4773439,4.187874
8618,269,2008,219,19270,17.2,25.9,2.06,3,0.1,0.4678514,3.149191
8619,269,2008,220,7470,15.4,20.9,1.92,3.2,5.5,0.4704785,7.387165
8620,269,2008,221,14640,13.8,20.9,1.68,4.8,11.6,0.4731969,5.083551
8621,269,2008,222,18070,11.6,21.5,1.47,4.7,0.7,0.4760096,3.676762
8622,269,2008,223,14980,14.9,21.9,1.67,7.8,3.9,0.4789195,4.86431
8623,269,2008,224,7940,14.3,19.5,1.62,4,0,0.4819296,7.218704
8624,269,2008,225,15310,11.5,21.9,1.5,5.6,1.7,0.4850432,4.672647
8625,269,2008,226,15440,13.4,20.6,1.51,9.6,3.9,0.4882636,4.563946
8626,269,2008,227,16690,9.6,20.8,1.4,5.4,3.4,0.4915944,3.997992
8627,269,2008,228,20860,8.4,20.6,1.34,2.2,0,0.4816042,1.923247
8628,269,2008,229,19270,7.6,22.1,1.28,1.9,0,0.4848763,2.674286
8629,269,2008,230,11260,10.4,21.9,1.51,3.2,12,0.4882578,6.015109
8630,269,2008,231,8190,13.5,19.3,1.7,4,5.1,0.4917521,6.995034
8631,269,2008,232,12550,14.6,21.1,1.7,6.3,5.5,0.4953631,5.404299
8632,269,2008,233,7640,14.8,20.2,1.78,5.7,12.6,0.4990948,7.112408
8633,269,2008,234,10500,13.5,20.5,1.63,4.9,5.5,0.5029512,6.125648
8634,269,2008,235,6910,8.4,19,1.4,3.1,1.2,0.5069366,7.322919
8635,269,2008,236,16350,8.6,18.5,1.3,3.2,0.4,0.4964183,3.53836
8636,269,2008,237,11770,8.7,18.8,1.32,3.8,0.3,0.5003246,5.552647
8637,269,2008,238,13800,14.4,21.4,1.66,5.3,0,0.5043589,4.521439
8638,269,2008,239,3870,16.6,18.6,1.75,4.8,0,0.5085257,8
8639,269,2008,240,3030,15.7,18.2,1.76,4.7,0,0.5128295,8
8640,269,2008,241,8370,16.1,21.7,1.88,3.8,0,0.5172753,6.630618
8641,269,2008,242,17160,11.7,22.1,1.68,3.1,0,0.521868,2.371181
8642,269,2008,243,19590,11.3,23.6,1.6,3.3,0,0.5108907,0.7504503
8643,269,2008,244,18230,13.1,27.5,1.81,3,0,0.5153867,1.402643
8644,269,2008,245,10750,13.7,20,1.5,5.6,0,0.5200285,5.52748
8645,269,2008,246,5190,11.9,18.3,1.53,6,6,0.5248214,7.615197
8646,269,2008,247,7920,11.5,16.7,1.38,7.1,0,0.5297707,6.644823
8647,269,2008,248,11620,12.1,18.8,1.33,7.2,0,0.5348822,4.958068
8648,269,2008,249,7240,12.6,20.2,1.59,4.4,3.5,0.5401617,6.811817
8649,269,2008,250,10240,14.3,20.7,1.5,5.9,0,0.5456155,5.464765
8650,269,2008,251,5810,14.2,17.3,1.56,6.4,10.5,0.5337767,7.289897
8651,269,2008,252,7170,11.2,18.5,1.5,4.9,4.9,0.5391059,6.739103
8652,269,2008,253,17220,10.7,23.3,1.47,3.2,1.8,0.5446078,0.8811226
8653,269,2008,254,12830,13.8,21.8,1.73,3.4,0,0.5502887,3.638992
8654,269,2008,255,13390,15,26,1.86,3.2,0,0.5561551,3.123462
8655,269,2008,256,2820,14.7,19.3,1.8,2.9,25.4,0.5622141,8
8656,269,2008,257,11170,7.6,16.6,1.17,3.9,1.4,0.5684729,4.511885
8657,269,2008,258,16100,6.5,16.8,1.07,4,0,0.5558914,1.085195
8658,269,2008,259,14530,7.1,16.6,1.11,3.2,0,0.5619997,2.080392
8659,269,2008,260,10290,7,17.7,1.18,2.7,0,0.5683055,4.755428
8660,269,2008,261,9690,6.7,16.6,1.17,2.3,0,0.5748159,5.025195
8661,269,2008,262,15500,4,16.7,0.97,2.6,0,0.5815388,0.8862929
8662,269,2008,263,12920,4.8,17.4,1.06,2.4,0,0.5884819,2.688769
8663,269,2008,264,14680,4.2,17.8,1.09,2,0,0.5956537,1.107072
8664,269,2008,265,7780,6.4,17.5,1.24,2.3,0,0.5821833,5.804403
8665,269,2008,266,9580,9.6,17.7,1.25,2.8,0,0.5891726,4.60843
8666,269,2008,267,2640,11.6,15.3,1.4,3.9,1,0.5963868,8
8667,269,2008,268,4960,9.4,17.1,1.32,4,0,0.6038343,7.109851
8668,269,2008,269,12900,7.3,17.9,1.21,4,0,0.6115237,1.624304
8669,269,2008,270,12400,5.5,18.3,1.18,2.9,0,0.6194641,1.897713
8670,269,2008,271,12450,4.2,19.5,1.19,1.3,0,0.6276647,1.659581
8671,269,2008,272,10950,4.7,18.2,1.18,1.9,0,0.6361355,2.820624
8672,269,2008,273,5950,8.5,14.1,1.21,3.5,2.9,0.6211191,6.350639
8673,269,2008,274,4000,10.4,13.9,1.32,6.8,13.4,0.6293505,7.357662
8674,269,2008,275,6040,8.6,15.2,1.18,7.2,11.8,0.6378454,6.170862
8675,269,2008,276,6840,6.9,14.8,1.13,5.7,14.7,0.6466133,5.5709
8676,269,2008,277,9920,6.1,12.7,0.98,4.8,9,0.6556639,3.015902
8677,269,2008,278,5790,4.1,11.1,0.8,6.7,0.7,0.6650076,6.204896
8678,269,2008,279,1310,9.2,12.7,1.24,8.4,20.4,0.674655,8
8679,269,2008,280,3100,7.7,12.9,1.18,2,0,0.6583203,7.631974
8680,269,2008,281,6540,8.3,17.6,1.37,3.6,0.2,0.6676702,5.280465
8681,269,2008,282,6720,9.1,15.6,1.26,3.1,1.4,0.677313,5.056793
8682,269,2008,283,9750,4.1,16.2,1.07,1.4,0,0.6872585,2.040713
8683,269,2008,284,9310,6.5,16.6,1.13,4,0,0.6975169,2.292798
8684,269,2008,285,8520,9.4,19.2,1.47,4.1,0,0.7080988,2.821651
8685,269,2008,286,5280,10,15.9,1.37,3,0,0.7190148,5.847374
8686,269,2008,287,7200,10.5,20.9,1.62,4,0.7,0.7011604,3.865561
8687,269,2008,288,7340,12.2,16.1,1.37,2.9,0.3,0.7117022,3.643319
8688,269,2008,289,1830,10.8,15.5,1.39,5.8,5.5,0.7225609,8
8689,269,2008,290,4600,5.3,12.8,0.98,4.7,6.8,0.7337458,6.165198
8690,269,2008,291,7990,5,13.3,1,3.2,0.4,0.7452664,2.510357
8691,269,2008,292,3620,4.5,12.6,1,4.4,0,0.7571323,6.818246
8692,269,2008,293,6090,8.8,15.2,1.21,5.7,0,0.7693533,4.334259
8693,269,2008,294,8090,7.3,16.2,1.08,7,0.2,0.7819394,1.686742
8694,269,2008,295,4520,4.4,14.4,1.05,4.7,9.1,0.7615323,5.802734
8695,269,2008,296,7210,3.8,13.3,0.96,3.5,2.5,0.7736058,2.536169
8696,269,2008,297,7670,4.4,13.7,0.96,5.5,0,0.7860145,1.655782
8697,269,2008,298,1340,3.6,10.4,0.92,5,7.4,0.7987658,8
8698,269,2008,299,7740,2.2,12.8,0.9,4.7,0,0.8118664,1.090331
8699,269,2008,300,690,10.4,12.6,1.28,7.1,6.6,0.8253233,8
8700,269,2008,301,5970,2,11.4,0.84,3.8,1,0.8391428,3.36989
8701,269,2008,302,3310,-0.1,7.4,0.75,3.2,5.7,0.853331,6.502805
8702,269,2008,303,7300,-2,7.6,0.71,1.8,0,0.829911,0.9219695
8703,269,2008,304,3670,-2.1,5.6,0.67,2.6,0,0.843395,5.984202
8704,269,2008,305,4950,1.4,6.8,0.77,3.2,0,0.8571998,4.199113
8705,269,2008,306,1480,4.7,7,0.89,5.5,2.9,0.8713273,7.941722
8706,269,2008,307,5030,3.7,11.8,0.99,2.9,0,0.8857786,3.662252
8707,269,2008,308,1150,6.7,8.9,1.04,4,0,0.9005538,8
8708,269,2008,309,1940,6.8,8.8,1.05,2,0,0.9156522,7.432967
8709,269,2008,310,740,7.8,9.9,1.09,4.5,0.2,0.9310723,8
8710,269,2008,311,2780,7.2,12.1,1.14,2.2,0.4,0.9468111,6.373141
8711,269,2008,312,4450,2.8,12.1,0.96,3,0.2,0.9187459,3.812796
8712,269,2008,313,5700,6.3,12.1,1.01,5.5,0,0.933463,1.151158
8713,269,2008,314,3350,8.6,11,0.98,8,3.3,0.948423,5.345128
8714,269,2008,315,1440,9.9,14.6,1.21,9.3,14.3,0.963617,7.708779
8715,269,2008,316,3080,6.8,11,1,7,15.8,0.9790346,5.556605
8716,269,2008,317,3450,4.1,10.3,0.96,5.6,8.8,0.994664,4.853393
8717,269,2008,318,4280,2.8,11.8,0.93,3.7,0.4,1.010491,3.142948
8718,269,2008,319,860,8.2,11.2,1.18,6,2.4,1.026502,8
8719,269,2008,320,1400,9.4,12.5,1.22,5.5,3.6,1.042677,7.59623
8720,269,2008,321,2300,5.9,11.2,0.96,3.9,0.1,1.058999,6.364855
8721,269,2008,322,4170,2.1,10.2,0.78,2.9,0,1.024323,2.750224
8722,269,2008,323,1210,5.1,9.9,0.93,5,1.3,1.039163,7.755714
8723,269,2008,324,2250,6.8,10.7,1.02,4.9,0,1.054044,6.229266
8724,269,2008,325,1250,6.9,11.2,1.01,6.8,5.7,1.06894,7.646505
8725,269,2008,326,2550,0.9,7.7,0.67,8.2,10.2,1.083824,5.648169
8726,269,2008,327,2480,0.3,4.4,0.64,6.1,17.1,1.098668,5.707643
8727,269,2008,328,1550,-0.3,2.1,0.63,5,3.1,1.113442,7.189296
8728,269,2008,329,2780,-3.1,3.4,0.59,3.9,3.9,1.128114,4.968497
8729,269,2008,330,2530,-1.1,6.3,0.66,2.5,0.3,1.142652,5.365852
8730,269,2008,331,1500,-1.1,7.8,0.75,3.9,0.7,1.157019,7.134516
8731,269,2008,332,710,5.3,7.6,0.94,7.3,0,1.17118,8
8732,269,2008,333,920,2.1,5.4,0.75,4.5,0,1.185096,7.911443
8733,269,2008,334,1420,-0.9,4.1,0.67,2.2,0.6,1.198729,7.171864
8734,269,2008,335,560,-1.8,1.8,0.59,2.7,2.4,1.152804,8
8735,269,2008,336,1450,0.1,5.1,0.72,1.7,0,1.164385,7.051907
8736,269,2008,337,2870,-0.6,6.6,0.72,4.2,5.5,1.175584,3.941384
8737,269,2008,338,1760,-0.8,3.9,0.66,3.8,1,1.186362,6.431512
8738,269,2008,339,1340,0.3,5.4,0.71,5.4,2.6,1.196684,7.158614
8739,269,2008,340,1300,2.7,6.3,0.8,3.1,0.1,1.206514,7.191463
8740,269,2008,341,2630,2.5,7.8,0.83,2.5,0.6,1.215816,4.217276
8741,269,2008,342,3430,-0.1,8.4,0.77,2.8,0,1.224556,1.799849
8742,269,2008,343,2230,0.5,4.8,0.72,5.3,0,1.232701,5.177348
8743,269,2008,344,830,-0.3,4.4,0.69,3.5,3.4,1.240217,7.896147
8744,269,2008,345,3670,-2.3,5,0.64,3.2,0.6,1.247076,0.8232248
8745,269,2008,346,520,2,3.4,0.7,4.4,1.8,1.253249,8
8746,269,2008,347,3110,-0.3,3.3,0.64,5.6,0.2,1.258711,2.561369
8747,269,2008,348,3160,-2.2,0.8,0.51,5.6,0,1.263437,2.457897
8748,269,2008,349,1590,-1.2,3.3,0.58,4.5,0,1.267408,6.515904
8749,269,2008,350,1390,-1.1,3.8,0.65,3.8,0,1.270606,6.892042
8750,269,2008,351,1040,-1.5,1.3,0.61,2.4,0,1.273017,7.527385
8751,269,2008,352,1230,-1,4.6,0.69,3,0.2,1.274631,7.178445
8752,269,2008,353,870,-1.3,7.5,0.75,4.4,0.1,1.275439,7.785475
8753,269,2008,354,2900,2.4,7.7,0.79,4.9,5.9,1.275439,2.976118
8754,269,2008,355,1050,4.1,9.5,0.9,6,1.5,1.274631,7.473547
8755,269,2008,356,1050,5.7,10.1,0.97,5.7,0.3,1.273017,7.469261
8756,269,2008,357,2730,0.9,10.3,0.84,4.6,0.3,1.270606,3.516146
8757,269,2008,358,1260,1.5,7.1,0.82,2.3,0.1,1.267408,7.120721
8758,269,2008,359,1180,3.6,7.4,0.85,3.1,0,1.263437,7.272211
8759,269,2008,360,1160,0,6,0.69,4.3,0,1.258711,7.339638
8760,269,2008,361,3730,-3.2,0.6,0.47,5.3,0,1.253249,0.7306152
8761,269,2008,362,3640,-4.3,-0.4,0.45,4.4,0,1.247076,1.143263
8762,269,2008,363,4040,-4.2,-0.1,0.46,3.9,0,1.240217,0
8763,269,2008,364,4580,-7.3,-0.8,0.4,3.7,0,1.232701,0
8764,269,2008,365,4810,-8.7,-1.1,0.39,2.2,0,1.224556,0
8765,269,2008,366,2120,-9.5,-3.4,0.37,1.3,0,1.215816,5.670853
8766,269,2009,1,320,-3.4,0.6,0.54,1.8,0,1.215816,8
8767,269,2009,2,2400,-7,1.8,0.48,2.4,1.5,1.206514,5.033769
8768,269,2009,3,680,-7.4,2.3,0.48,2.6,0,1.196684,8
8769,269,2009,4,570,0.3,3.4,0.64,5.3,7.1,1.186362,8
8770,269,2009,5,3580,-4.5,0.7,0.45,6.3,0.4,1.175584,2.188412
8771,269,2009,6,5640,-8.4,-2,0.35,2.4,0,1.164385,0
8772,269,2009,7,1820,-5.2,2.6,0.51,2.9,0.6,1.152804,6.493895
8773,269,2009,8,1300,-7.3,-2.1,0.42,2,0,1.198729,7.407418
8774,269,2009,9,3900,-8.8,-0.6,0.4,1,0,1.185096,1.895381
8775,269,2009,10,5330,-9.2,-1.4,0.36,2.4,0,1.17118,0
8776,269,2009,11,3870,-5.2,2.4,0.41,5.7,0,1.157019,2.290204
8777,269,2009,12,2310,1.5,5.8,0.58,9,1,1.142652,5.84761
8778,269,2009,13,570,3.9,5.3,0.84,6,3.2,1.128114,8
8779,269,2009,14,1290,1.7,5.7,0.78,3.3,0.5,1.113442,7.541578
8780,269,2009,15,3860,0.7,5.2,0.66,2.9,0,1.098668,2.76395
8781,269,2009,16,1780,0.1,3,0.59,3.6,0,1.083824,6.956546
8782,269,2009,17,990,2.5,6.8,0.79,6.1,0.4,1.06894,7.979603
8783,269,2009,18,730,1.8,7.3,0.76,7.7,6.3,1.054044,8
8784,269,2009,19,600,1.7,8,0.79,7.4,3.2,1.039163,8
8785,269,2009,20,2620,1.7,6,0.71,5.7,0.1,1.024323,5.868647
8786,269,2009,21,1650,1.5,5.4,0.7,4.1,0,1.058999,7.327223
8787,269,2009,22,1730,1.2,6.3,0.71,7.8,5.5,1.042677,7.268243
8788,269,2009,23,650,3.8,6.7,0.83,6,16,1.026502,8
8789,269,2009,24,3110,-0.1,6.4,0.7,4.1,0.7,1.010491,5.441485
8790,269,2009,25,4490,0,5.7,0.64,4.8,0,0.994664,3.124496
8791,269,2009,26,5040,-0.7,6.5,0.65,3.6,0,0.9790346,2.196421
8792,269,2009,27,3380,-2.6,1.3,0.54,2.4,0,0.963617,5.384156
8793,269,2009,28,5530,-3.2,2.2,0.56,3,0,0.948423,1.70565
8794,269,2009,29,6320,-3.5,2.1,0.51,2.8,0,0.933463,0.3505193
8795,269,2009,30,6330,-4.7,3.1,0.48,3.8,0,0.9187459,0.6463267
8796,269,2009,31,6020,-2.7,3.3,0.47,5.7,0,0.9468111,1.54015
8797,269,2009,32,3610,-2.5,-0.3,0.42,7,0,0.9310723,5.622984
8798,269,2009,33,1780,-1.8,2.9,0.51,7.1,0,0.9156522,7.655596
8799,269,2009,34,1360,0.2,2.8,0.62,2.4,4.1,0.9005538,8
8800,269,2009,35,1580,-0.1,0.8,0.61,1.5,0.1,0.8857786,7.870881
8801,269,2009,36,2190,-0.6,6,0.72,3.3,1.4,0.8713273,7.376385
8802,269,2009,37,5060,0.5,8.5,0.79,2.3,0,0.8571998,4.100121
8803,269,2009,38,2480,-0.4,4.6,0.67,2.9,1.1,0.843395,7.213356
8804,269,2009,39,4090,-2.8,4.5,0.62,3.7,1.5,0.829911,5.660965
8805,269,2009,40,1770,-0.6,4.3,0.66,4,5,0.853331,7.857627
8806,269,2009,41,1040,1.3,5.4,0.73,5.9,13.9,0.8391428,8
8807,269,2009,42,3840,0,5.7,0.67,4.2,0,0.8253233,6.178778
8808,269,2009,43,7270,-1.3,4.5,0.62,3.2,1.2,0.8118664,2.134432
8809,269,2009,44,3070,0.4,4.4,0.67,3.2,1.5,0.7987658,7.008985
8810,269,2009,45,6940,-4.4,3.5,0.51,2,0,0.7860145,3.08092
8811,269,2009,46,1990,-4.2,4.3,0.59,4.3,6.7,0.7736058,7.875978
8812,269,2009,47,3480,3.6,7.8,0.9,4.1,8.6,0.7615323,6.803343
8813,269,2009,48,2090,-1.1,5.7,0.66,4,3.1,0.7819394,7.859771
8814,269,2009,49,7110,-1.8,3.4,0.47,2.1,0,0.7693533,3.605435
8815,269,2009,50,1770,-1.4,4.8,0.64,3.3,1.9,0.7571323,8
8816,269,2009,51,2410,3.4,5.4,0.81,3.9,0.6,0.7452664,7.736863
8817,269,2009,52,4450,2.5,8.2,0.8,3,0,0.7337458,6.367649
8818,269,2009,53,2670,4.8,7.8,0.88,4.5,0.5,0.7225609,7.636869
8819,269,2009,54,4820,4.6,7.5,0.83,5.5,0.1,0.7117022,6.217718
8820,269,2009,55,3370,1.8,5.4,0.66,2.3,0,0.7011604,7.311697
8821,269,2009,56,1850,2.5,6.7,0.8,5,1.4,0.7190148,8
8822,269,2009,57,7150,4.8,8.5,0.86,7,3.5,0.7080988,4.531341
8823,269,2009,58,1590,5.9,8,0.97,4.6,1.7,0.6975169,8
8824,269,2009,59,2130,5.2,8.7,0.93,2.5,0.5,0.6872585,8
8825,269,2009,60,4910,-0.8,10,0.79,2.5,1.6,0.677313,6.566216
8826,269,2009,61,4410,0.3,8.1,0.77,4,0,0.6676702,6.937673
8827,269,2009,62,2180,0.8,8.1,0.74,5.4,0.5,0.6583203,8
8828,269,2009,63,2710,5,7.8,0.73,5.7,0,0.674655,7.896823
8829,269,2009,64,4580,1.4,6.7,0.77,3.6,1.5,0.6650076,6.98235
8830,269,2009,65,3980,2.7,6.4,0.74,6.5,0.6,0.6556639,7.347375
8831,269,2009,66,9050,-2.4,10.1,0.71,4.2,0,0.6466133,4.133177
8832,269,2009,67,10080,2.1,10,0.78,7.5,7.2,0.6378454,3.399567
8833,269,2009,68,3320,1.9,7.3,0.68,7,0,0.6293505,7.752724
8834,269,2009,69,2430,3.1,6.2,0.79,4.4,3.4,0.6211191,8
8835,269,2009,70,10410,2.6,9.1,0.79,4,0,0.6361355,3.557932
8836,269,2009,71,2560,5.7,9.7,0.97,5.3,1.8,0.6276647,8
8837,269,2009,72,9370,3.1,10.8,0.82,2.9,0,0.6194641,4.555929
8838,269,2009,73,5660,6.4,12.4,1.01,4.7,0.9,0.6115237,6.796196
8839,269,2009,74,4450,6.3,9.3,0.91,5.6,0,0.6038343,7.412367
8840,269,2009,75,7590,5,11.6,0.99,2.7,0,0.5963868,5.883938
8841,269,2009,76,10110,0,11.1,0.78,3,0,0.5891726,4.502414
8842,269,2009,77,11150,-1.7,11.4,0.72,1.3,0,0.5821833,3.951642
8843,269,2009,78,12380,1.1,11.1,0.75,4,0,0.5956537,3.215931
8844,269,2009,79,15870,-2.9,10,0.59,2.5,0,0.5884819,0.8502504
8845,269,2009,80,16100,-3.2,11.1,0.61,2.4,0,0.5815388,0.8434936
8846,269,2009,81,14100,5.3,10.8,0.87,6.1,0,0.5748159,2.351974
8847,269,2009,82,4380,3.6,8.9,0.76,8.8,2.9,0.5683055,7.668213
8848,269,2009,83,13000,0.9,7.7,0.66,5.5,3.2,0.5619997,3.487368
8849,269,2009,84,6990,3.5,8.3,0.83,6.7,9.7,0.5558914,6.703702
8850,269,2009,85,3070,3.7,9.5,0.89,6.3,7.8,0.5684729,8
8851,269,2009,86,11000,2.7,9,0.72,6.8,2,0.5622141,4.923528
8852,269,2009,87,6160,4.1,9.3,0.87,2.8,8.8,0.5561551,7.142017
8853,269,2009,88,14160,1,8.6,0.69,3.5,0.4,0.5502887,3.339305
8854,269,2009,89,15510,0.2,10.9,0.67,2.1,0,0.5446078,2.645208
8855,269,2009,90,16620,-0.5,14.6,0.78,2.5,0,0.5391059,2.002294
8856,269,2009,91,16450,1.1,15.1,0.93,5.2,0,0.5337767,2.159621
8857,269,2009,92,17860,6.6,18.3,1.08,5.8,0,0.5456155,1.288587
8858,269,2009,93,17150,4.7,22.7,1.14,2.5,0,0.5401617,1.868415
8859,269,2009,94,5070,6.1,12.9,1.05,4.5,0,0.5348822,7.667248
8860,269,2009,95,14300,5.8,14.1,1,2.3,0,0.5297707,3.840353
8861,269,2009,96,16690,3.3,20,0.95,3,0,0.5248214,2.629402
8862,269,2009,97,6980,7.7,14,1.04,3.5,0,0.5200285,7.126034
8863,269,2009,98,6300,4.4,12.9,0.96,6.2,3.7,0.5153867,7.379958
8864,269,2009,99,7630,3.6,16.8,1.11,3,0,0.5108907,6.954307
8865,269,2009,100,16410,11,24.4,1.24,4.7,1.1,0.521868,3.086272
8866,269,2009,101,12490,11.9,22.3,1.31,2.3,0.1,0.5172753,5.088004
8867,269,2009,102,10680,8.8,18.5,1.33,3,2.2,0.5128295,5.902492
8868,269,2009,103,16260,7.3,16.7,1.23,2.9,0,0.5085257,3.450589
8869,269,2009,104,17420,6.4,17.7,1.15,2.6,0,0.5043589,2.972892
8870,269,2009,105,19690,7.6,23.6,1.22,4.5,0,0.5003246,1.80652
8871,269,2009,106,11810,11.1,21.5,1.33,3.7,0.3,0.4964183,5.639744
8872,269,2009,107,13120,7.4,18.6,1.12,5.7,0.1,0.5069366,5.207529
8873,269,2009,108,22160,4,19.2,0.86,6.3,0,0.5029512,0.967075
8874,269,2009,109,16730,5.5,18.4,0.99,3.8,0,0.4990948,3.795897
8875,269,2009,110,22030,6,20.5,1.07,4.1,0,0.4953631,1.141721
8876,269,2009,111,22280,5.5,17.2,1.09,2.9,0,0.4917521,1.104264
8877,269,2009,112,23300,5.9,13.6,0.87,4.7,0,0.4882578,0.7942949
8878,269,2009,113,20550,5.7,14.5,0.87,2.5,0,0.4848763,2.342926
8879,269,2009,114,22100,4.6,19.8,0.82,4.6,0,0.4816042,1.681175
8880,269,2009,115,18200,10.4,21,1.05,4.4,0,0.4915944,3.528465
8881,269,2009,116,12870,10.6,17.7,1.36,2.4,1.6,0.4882636,5.657842
8882,269,2009,117,15170,9.3,16.8,1.14,4.8,5.4,0.4850432,4.886333
8883,269,2009,118,6120,4,13.7,0.97,3,2,0.4819296,7.751156
8884,269,2009,119,15610,2.7,16.1,0.91,2.3,0,0.4789195,4.877212
8885,269,2009,120,20360,3.9,18.2,0.94,2.5,0,0.4760096,2.947726
8886,269,2009,121,21330,7,20.4,1.19,2.5,0,0.4731969,2.457249
8887,269,2009,122,17670,6.5,18.7,1.17,2.9,0,0.4704785,4.131016
8888,269,2009,123,10980,5.8,13.8,0.98,5,0.7,0.4678514,6.552097
8889,269,2009,124,22180,7.8,14.8,0.84,5,0.4,0.4773439,2.452946
8890,269,2009,125,9130,9.3,14.1,1.18,6.5,4.1,0.4746808,7.080163
8891,269,2009,126,5670,10.6,14.4,1.26,6.5,5.5,0.4721102,7.908658
8892,269,2009,127,11540,7.7,16.1,1.13,4.8,0,0.4696294,6.451922
8893,269,2009,128,15930,7.7,17.7,1.13,6.3,3,0.4672358,5.059236
8894,269,2009,129,19860,5.2,17.2,0.93,3.1,0,0.4649269,3.685982
8895,269,2009,130,24610,5.8,18.8,0.96,3.3,0,0.4627003,1.683229
8896,269,2009,131,22700,5.4,16.8,0.94,8,0,0.4605537,2.607692
8897,269,2009,132,26520,4.9,19,0.8,6.4,0,0.4584847,1.0314
8898,269,2009,133,24610,7.8,20.8,0.86,6.4,0,0.4676989,1.931197
8899,269,2009,134,13960,9.3,19.1,1.05,5.3,10.1,0.4656148,5.896668
8900,269,2009,135,5150,9,17.3,1.36,3.1,26.5,0.46361,8
8901,269,2009,136,15670,7.5,16.8,1.11,4.9,1,0.4616822,5.391868
8902,269,2009,137,9430,10.3,16.7,1.35,3.7,15.7,0.4598295,7.149406
8903,269,2009,138,19100,9.4,18.2,1.15,5.2,0,0.4580498,4.255386
8904,269,2009,139,16150,7.5,19.8,1.16,2.9,0,0.4563412,5.297339
8905,269,2009,140,22870,6.8,19.2,1.08,3,0,0.4547021,2.90223
8906,269,2009,141,18440,7.4,18.4,1.1,3.6,0,0.4531306,4.59445
8907,269,2009,142,22870,6.7,17.4,1.1,3.7,5.8,0.451625,2.971137
8908,269,2009,143,22050,11.3,21.4,1.3,1.7,0,0.4607171,3.252948
8909,269,2009,144,27630,9,20.5,1.29,3,0,0.4592205,0.9195881
8910,269,2009,145,23240,7.4,23.2,1.27,3.5,2,0.4577919,2.859956
8911,269,2009,146,7360,9.7,19.9,1.45,6.6,18.2,0.4564298,7.679666
8912,269,2009,147,14640,6.9,16.2,1.08,6.8,0.8,0.4551327,5.924942
8913,269,2009,148,19870,8.1,18.3,1.26,3.8,0,0.453899,4.218819
8914,269,2009,149,29200,5.6,20.5,0.98,3.4,0,0.4527275,0.6055511
8915,269,2009,150,27160,7.9,22.5,1.12,5.2,0,0.4516167,1.463032
8916,269,2009,151,26140,11.8,24.7,1.38,5.1,0,0.4505656,1.805283
8917,269,2009,152,27720,12.6,25.1,1.55,4.3,0,0.4495727,1.066581
8918,269,2009,153,28990,12,20.2,1.26,5.3,0,0.4486372,0.6745601
8919,269,2009,154,12110,9.7,15.6,0.92,5.6,0,0.4477578,6.70026
8920,269,2009,155,16610,8.4,14.2,0.92,4.5,1.8,0.4469337,5.482819
8921,269,2009,156,19600,5.8,14.3,0.83,3,0,0.4461639,4.587334
8922,269,2009,157,18030,5,16.9,0.86,4.6,0,0.4454475,5.089333
8923,269,2009,158,11970,6.5,16.3,1.11,2.9,13.2,0.4447838,6.731286
8924,269,2009,159,19080,6.4,18.3,1.11,3.4,0.3,0.4441721,4.703022
8925,269,2009,160,16880,11.6,20.2,1.45,5.5,4.3,0.4533817,5.326792
8926,269,2009,161,14020,12.4,17.7,1.37,4,9.6,0.4528294,6.176921
8927,269,2009,162,14430,10.4,16.1,1.26,4.6,7.7,0.4523328,6.087399
8928,269,2009,163,26650,4.8,16.8,0.92,4.5,0,0.4518908,2.06673
8929,269,2009,164,27500,4.1,21.3,0.98,1.8,0,0.4515028,1.698003
8930,269,2009,165,15390,13.7,21.6,1.56,3.6,0,0.4511678,5.777889
8931,269,2009,166,15710,9.9,18.6,1.3,1.9,0,0.4508853,5.734785
8932,269,2009,167,23370,7.9,18.5,1.23,3,0.1,0.4506548,3.224403
8933,269,2009,168,24900,6.4,22.8,1.13,3.4,0.2,0.4504759,2.687488
8934,269,2009,169,22520,13.2,20.2,1.27,4.4,0,0.4503484,3.528289
8935,269,2009,170,22920,11.2,17.7,1.15,5.8,0.2,0.4502719,3.426839
8936,269,2009,171,18030,10.2,17.1,1.17,4.6,2.8,0.4502464,5.073828
8937,269,2009,172,21390,8.6,16.9,1.12,3.7,1.1,0.4502719,3.980895
8938,269,2009,173,23290,5.7,18,1.07,3.3,0,0.4503484,3.317797
8939,269,2009,174,27010,7.3,21.9,1.21,4,0,0.4504759,1.798998
8940,269,2009,175,28270,10,23,1.43,5.2,0,0.4506548,1.150047
8941,269,2009,176,27120,12.2,26.2,1.54,5.3,0,0.4508853,1.584923
8942,269,2009,177,13320,13.2,25.4,1.88,3.2,10,0.4511678,6.307488
8943,269,2009,178,8860,17.1,23.5,2.17,2.5,0.7,0.4515028,7.379242
8944,269,2009,179,20200,15.9,24.8,1.94,2,0,0.4518908,4.129906
8945,269,2009,180,24000,13.9,25.5,1.93,2.3,0,0.4523328,2.683116
8946,269,2009,181,27810,14.4,23.5,1.86,3,0,0.4528294,1.07662
8947,269,2009,182,22240,12.5,25.8,1.84,2.8,0,0.4533817,3.371044
8948,269,2009,183,27070,14.3,28.4,1.93,4,0,0.4441721,1.336295
8949,269,2009,184,19450,15.3,30.8,2.2,3.3,3.7,0.4447838,4.282487
8950,269,2009,185,27220,14,23.7,1.68,2.9,0,0.4454475,1.326559
8951,269,2009,186,20780,11.5,26.4,1.67,2.2,18.4,0.4461639,3.900053
8952,269,2009,187,22390,13.3,22.9,1.6,4.3,0.8,0.4469337,3.300366
8953,269,2009,188,13600,12.7,19.5,1.59,5.1,21,0.4477578,6.197672
8954,269,2009,189,10420,13.1,19.1,1.56,5.8,26.1,0.4486372,7.018615
8955,269,2009,190,19010,12.7,17.9,1.23,5.8,0,0.4495727,4.573186
8956,269,2009,191,8380,12,16.9,1.32,6.5,11.3,0.4505656,7.491296
8957,269,2009,192,22500,12.6,19.6,1.43,3.2,0.8,0.4516167,3.196495
8958,269,2009,193,8830,14.2,20.5,1.74,4.3,5.3,0.4527275,7.349736
8959,269,2009,194,22940,12.6,23.4,1.59,4,0,0.453899,2.908993
8960,269,2009,195,20160,12.3,23.5,1.52,1.8,3,0.4551327,3.975814
8961,269,2009,196,23270,14.4,24.1,1.56,4.9,0,0.4564298,2.718604
8962,269,2009,197,25070,12.9,24.9,1.57,3.3,0,0.4577919,1.911582
8963,269,2009,198,17400,15,23.5,1.63,4.3,7.9,0.4592205,4.855531
8964,269,2009,199,9240,13.2,18.4,1.51,5.6,1.7,0.4607171,7.225688
8965,269,2009,200,14860,13.1,20.8,1.47,5.5,0.2,0.451625,5.675188
8966,269,2009,201,23390,11.8,20.5,1.34,5.5,1.3,0.4531306,2.555714
8967,269,2009,202,17150,10.8,26.4,1.65,2.9,17.2,0.4547021,4.835622
8968,269,2009,203,15800,15.3,24.1,1.93,3,5.8,0.4563412,5.219838
8969,269,2009,204,11160,13.5,21,1.69,3,2.8,0.4580498,6.659012
8970,269,2009,205,16480,12.8,19.8,1.58,5.1,14.8,0.4598295,5.000795
8971,269,2009,206,21930,11.5,20.1,1.45,4.6,3,0.4616822,2.901722
8972,269,2009,207,21280,11.3,23,1.37,3.3,0,0.46361,3.15594
8973,269,2009,208,16550,12.7,26.4,1.8,3.3,0.1,0.4656148,4.837603
8974,269,2009,209,17360,12.2,21.6,1.46,3.5,0,0.4676989,4.584518
8975,269,2009,210,15380,15.5,24.8,1.61,2.8,1,0.4584847,5.227844
8976,269,2009,211,16940,9.9,20.2,1.37,6.1,3.3,0.4605537,4.689001
8977,269,2009,212,19350,9,21.7,1.27,2.3,0,0.4627003,3.744381
8978,269,2009,213,18800,10.2,25.6,1.35,2.6,0,0.4649269,3.89304
8979,269,2009,214,6490,10.2,19.1,1.43,3,6.8,0.4672358,7.725413
8980,269,2009,215,17860,9.7,21.6,1.39,2.2,0,0.4696294,4.164125
8981,269,2009,216,22510,8.3,24.7,1.28,2.4,0,0.4721102,2.124232
8982,269,2009,217,22650,13.1,26.9,1.45,2.4,0,0.4746808,1.908949
8983,269,2009,218,23660,14.6,28.6,1.73,2.8,0,0.4773439,1.201238
8984,269,2009,219,18350,16,28.7,2,3.2,0,0.4678514,3.58007
8985,269,2009,220,8510,12.6,21.6,1.56,3.4,0,0.4704785,7.136531
8986,269,2009,221,10790,12.3,20.9,1.61,2.1,0,0.4731969,6.438239
8987,269,2009,222,17470,11.2,23.6,1.57,1.6,3.1,0.4760096,3.90826
8988,269,2009,223,13510,13.9,22.4,1.79,3.3,1.9,0.4789195,5.408197
8989,269,2009,224,8740,12.5,20.9,1.62,4.2,0.8,0.4819296,6.990979
8990,269,2009,225,17380,11.1,21.4,1.46,3.1,0,0.4850432,3.798699
8991,269,2009,226,18530,9.6,22.4,1.33,2.5,0,0.4882636,3.249732
8992,269,2009,227,22010,14.7,27.5,1.73,5.5,0,0.4915944,1.228334
8993,269,2009,228,17970,13.9,23.7,1.71,4.1,0,0.4816042,3.238806
8994,269,2009,229,17360,12.7,23.2,1.65,3.7,0,0.4848763,3.47557
8995,269,2009,230,19490,11.5,25,1.53,2.1,0,0.4882578,2.370466
8996,269,2009,231,20430,13.8,29.8,1.59,3,0,0.4917521,1.743164
8997,269,2009,232,18130,16.2,34.5,2.1,5.1,1.2,0.4953631,2.7045
8998,269,2009,233,15600,12.5,22.7,1.53,4.1,0,0.4990948,4.055807
8999,269,2009,234,19710,9.6,21.8,1.34,2.7,0.1,0.5029512,1.937097
9000,269,2009,235,21550,9.4,26.3,1.23,3.2,0,0.5069366,0.8178533
9001,269,2009,236,20150,14.2,27.2,1.42,3.4,0,0.4964183,1.42352
9002,269,2009,237,5140,12.1,20.8,1.67,3.1,1.7,0.5003246,7.772351
9003,269,2009,238,15830,11.7,25.2,1.47,4.1,0,0.5043589,3.57472
9004,269,2009,239,9470,14.7,23.2,1.69,3.8,0,0.5085257,6.312483
9005,269,2009,240,16020,11.1,21.7,1.38,7.1,0.7,0.5128295,3.328288
9006,269,2009,241,16430,10.9,18.3,1.31,5.5,17.5,0.5172753,3.036495
9007,269,2009,242,11990,11.9,19.4,1.39,4.3,0,0.521868,5.165892
9008,269,2009,243,14390,12.8,24.9,1.39,3.9,0,0.5108907,3.919851
9009,269,2009,244,7270,14.6,22.8,1.6,5.8,2.9,0.5153867,6.963394
9010,269,2009,245,13640,13.5,22.4,1.48,5.7,0.3,0.5200285,4.114697
9011,269,2009,246,9430,12.4,17.6,1.38,9.3,6,0.5248214,6.074321
9012,269,2009,247,13610,11.7,18.2,1.36,8.2,11.5,0.5297707,3.991468
9013,269,2009,248,18240,11.8,18.2,1.35,5.9,1,0.5348822,1.029206
9014,269,2009,249,9910,12.7,18.8,1.34,3.6,0,0.5401617,5.712551
9015,269,2009,250,15410,11.6,24.2,1.56,3.5,0,0.5456155,2.533574
9016,269,2009,251,17740,11.7,27.4,1.57,3,0,0.5337767,0.7875769
9017,269,2009,252,7370,14.4,19,1.52,3.9,0,0.5391059,6.654061
9018,269,2009,253,14770,12.2,20.1,1.34,4.8,0,0.5446078,2.653925
9019,269,2009,254,10020,11.9,18.6,1.32,4.3,0,0.5502887,5.346203
9020,269,2009,255,15790,13.1,19.4,1.4,4,0,0.5561551,1.636586
9021,269,2009,256,10500,13.9,18,1.43,4.9,1,0.5622141,4.910903
9022,269,2009,257,12980,12.6,19.8,1.42,6.3,0,0.5684729,3.300194
9023,269,2009,258,4330,13.6,17.6,1.52,5.3,1,0.5558914,7.653213
9024,269,2009,259,13940,11.7,20.3,1.42,6.5,0,0.5619997,2.365011
9025,269,2009,260,7360,8.5,17.2,1.11,3.2,0,0.5683055,6.35055
9026,269,2009,261,16580,6.8,20.8,1.23,3.3,0,0.5748159,0.005732169
9027,269,2009,262,12670,9.8,24.4,1.56,1.8,0,0.5815388,2.806752
9028,269,2009,263,11470,10,19.4,1.46,3,0,0.5884819,3.580029
9029,269,2009,264,13650,7.7,19.6,1.17,2.2,0,0.5956537,1.90971
9030,269,2009,265,12790,10.6,21.5,1.48,5.1,0,0.5821833,2.292221
9031,269,2009,266,10770,13.6,19.6,1.46,3.3,0,0.5891726,3.710375
9032,269,2009,267,11250,8.3,19,1.25,2.6,0,0.5963868,3.294713
9033,269,2009,268,4620,6.1,17.5,1.19,1.8,0,0.6038343,7.282086
9034,269,2009,269,13710,5.2,19.6,1.15,1.2,0,0.6115237,0.9241256
9035,269,2009,270,12030,6.6,18.8,1.23,1.5,0,0.6194641,2.197456
9036,269,2009,271,7210,8.9,19.3,1.4,3.9,0,0.6276647,5.673177
9037,269,2009,272,2970,13.3,16.4,1.55,4,0.8,0.6361355,7.871175
9038,269,2009,273,2590,12.4,16.1,1.51,3.4,0.2,0.6211191,8
9039,269,2009,274,6940,8,15.5,1.08,4.1,3.4,0.6293505,5.68153
9040,269,2009,275,5200,8.8,14.1,1.1,3.7,1.7,0.6378454,6.693623
9041,269,2009,276,3340,11.3,15.8,1.27,9,2.7,0.6466133,7.621732
9042,269,2009,277,11060,4.3,15,0.86,5.4,0,0.6556639,2.004336
9043,269,2009,278,2340,4.3,12.7,1.02,2.8,2.6,0.6650076,8
9044,269,2009,279,3360,10.5,18.1,1.52,4.4,1.4,0.674655,7.501459
9045,269,2009,280,2120,10.6,19,1.58,5.8,24,0.6583203,8
9046,269,2009,281,10430,5.7,15,1.03,2.9,7.3,0.6676702,1.740516
9047,269,2009,282,10940,2.7,14,0.87,3.4,6.3,0.677313,1.055875
9048,269,2009,283,5680,8.6,16,1.32,3.1,1.7,0.6872585,5.790241
9049,269,2009,284,4000,9.4,15.7,1.27,4.5,4.7,0.6975169,6.940792
9050,269,2009,285,8930,9.9,13.7,1.02,5.1,1.6,0.7080988,2.575546
9051,269,2009,286,10690,1.9,13.2,0.77,3.5,0,0.7190148,0.4350034
9052,269,2009,287,11200,-0.2,10.3,0.69,2.1,0,0.7011604,0
9053,269,2009,288,9430,-0.1,12.1,0.74,2.8,0,0.7117022,1.545425
9054,269,2009,289,7480,9.6,13,1.03,7.6,2,0.7225609,3.462519
9055,269,2009,290,8480,3.6,13,0.84,3.5,0.4,0.7337458,2.203212
9056,269,2009,291,8720,0.8,13,0.82,2,0,0.7452664,1.69175
9057,269,2009,292,3140,5.5,10.7,0.84,3.9,0,0.7571323,7.198642
9058,269,2009,293,8870,4.5,11.7,0.75,5.1,0,0.7693533,1.05779
9059,269,2009,294,6750,5.9,13.9,0.84,5.1,0,0.7819394,3.562389
9060,269,2009,295,1760,5.6,9.3,0.95,3,4.5,0.7615323,8
9061,269,2009,296,6800,7.7,14.8,1.23,1.9,0,0.7736058,2.958432
9062,269,2009,297,2080,7.1,14.4,1.21,4.8,3,0.7860145,7.723415
9063,269,2009,298,5840,10,15.7,1.31,6.3,0,0.7987658,3.851883
9064,269,2009,299,2980,10.9,14,1.33,6.1,3.5,0.8118664,6.908903
9065,269,2009,300,4330,10.2,14.7,1.26,2.8,0,0.8253233,5.463739
9066,269,2009,301,7060,8.9,15.8,1.23,2.8,0,0.8391428,1.48458
9067,269,2009,302,3100,10.7,15.1,1.43,1.3,0,0.853331,6.597411
9068,269,2009,303,4080,8.3,14.1,1.22,3.4,0,0.829911,5.453574
9069,269,2009,304,3730,7.7,13,1.08,2.8,0,0.843395,5.808317
9070,269,2009,305,1470,10.8,15.3,1.41,5.1,9.9,0.8571998,7.94303
9071,269,2009,306,3020,4.7,12.5,1.02,3.7,0.3,0.8713273,6.471703
9072,269,2009,307,3480,3.8,10.5,0.93,5.4,3.1,0.8857786,5.870367
9073,269,2009,308,2210,5.6,10.3,0.99,4.8,8.6,0.9005538,7.215968
9074,269,2009,309,1320,5.7,9.8,0.98,5,11.9,0.9156522,7.993627
9075,269,2009,310,3730,5.6,10.4,0.98,5.5,0,0.9310723,5.219472
9076,269,2009,311,2090,2.7,10.1,0.88,4.9,5,0.9468111,7.214515
9077,269,2009,312,2960,-0.5,5.4,0.72,2.8,0,0.9187459,6.156442
9078,269,2009,313,1390,3.3,8.1,0.87,3,0,0.933463,7.840382
9079,269,2009,314,1060,5.9,8.3,0.96,2.3,4.5,0.948423,8
9080,269,2009,315,1620,5.2,9.2,0.94,4.5,0.5,0.963617,7.543472
9081,269,2009,316,2240,3.4,12.3,0.97,4.4,2.2,0.9790346,6.763645
9082,269,2009,317,1000,9.5,15.7,1.21,7.5,2.1,0.994664,8
9083,269,2009,318,2440,10.4,14.2,1.1,8.6,1.4,1.010491,6.336833
9084,269,2009,319,1760,7.2,12.2,1.08,5.1,3.2,1.026502,7.209528
9085,269,2009,320,1270,5.7,14.2,1.08,5.7,0.6,1.042677,7.756195
9086,269,2009,321,3170,8.5,12.3,1.1,6.7,0,1.058999,4.839949
9087,269,2009,322,520,8.5,13.3,1.11,11.5,1.4,1.024323,8
9088,269,2009,323,3810,9.1,12.3,1.02,7.9,0,1.039163,3.269468
9089,269,2009,324,3170,9.1,14.9,1.18,6.5,3.3,1.054044,4.461746
9090,269,2009,325,3710,8.3,15.7,1.23,3.9,0.2,1.06894,3.092754
9091,269,2009,326,2240,8.1,13.7,1.04,9,5.9,1.083824,6.10765
9092,269,2009,327,810,7.8,12.8,1.07,9.8,9.1,1.098668,8
9093,269,2009,328,1360,7.9,13.9,1.08,8.4,0.8,1.113442,7.402651
9094,269,2009,329,970,8.6,12.7,1.04,9.5,2.8,1.128114,7.900692
9095,269,2009,330,2280,6.2,9.1,0.89,9.6,3.5,1.142652,5.790362
9096,269,2009,331,2360,5.6,8.9,0.91,7.8,8.1,1.157019,5.552567
9097,269,2009,332,1630,5.7,8.7,0.88,7.2,7.7,1.17118,6.864342
9098,269,2009,333,1110,6.8,10.1,0.9,5.9,3.4,1.185096,7.639441
9099,269,2009,334,2460,3,7.4,0.79,3.5,0,1.198729,5.150979
9100,269,2009,335,3620,-1.1,8.4,0.7,1.8,0,1.152804,2.093877
9101,269,2009,336,1480,0.1,6.5,0.68,4.1,1,1.164385,7.007791
9102,269,2009,337,1040,5.2,9.7,0.95,5.8,7,1.175584,7.654728
9103,269,2009,338,850,3.1,6.9,0.81,5.4,8.5,1.186362,7.924606
9104,269,2009,339,750,4.3,9.2,0.9,6.4,4.7,1.196684,8
9105,269,2009,340,850,6.9,11.8,1.06,6.6,4.8,1.206514,7.881329
9106,269,2009,341,1830,5.8,8.2,0.88,5.2,0,1.215816,6.124085
9107,269,2009,342,1520,1.6,8.5,0.81,3.4,2.4,1.224556,6.738695
9108,269,2009,343,590,2.2,8.7,0.88,3.9,0.3,1.232701,8
9109,269,2009,344,890,8.5,9.8,1.08,4.8,6.5,1.240217,7.774043
9110,269,2009,345,1530,4.1,9.1,0.87,4.1,0.3,1.247076,6.638515
9111,269,2009,346,2940,1,5.7,0.66,4.7,0,1.253249,3.124211
9112,269,2009,347,2800,-2.3,2.6,0.56,3,0,1.258711,3.557934
9113,269,2009,348,1030,-5.8,-1.3,0.43,2.2,0,1.263437,7.584853
9114,269,2009,349,5180,-6.7,0.7,0.45,1.7,0,1.267408,0
9115,269,2009,350,1780,-7,0.2,0.42,3.7,0,1.270606,6.150546
9116,269,2009,351,1160,-4.1,-0.5,0.5,4.8,8.5,1.273017,7.338349
9117,269,2009,352,3310,-8.9,-1.7,0.36,4,0,1.274631,2.004917
9118,269,2009,353,2630,-10.3,-6.1,0.24,3.7,0.3,1.275439,4.147635
9119,269,2009,354,1390,-6.4,1,0.47,7.3,4.1,1.275439,6.918621
9120,269,2009,355,2670,-5.1,-0.1,0.47,4.8,1.8,1.274631,3.872927
9121,269,2009,356,1970,-3.2,1.7,0.56,4.3,0.5,1.273017,5.662441
9122,269,2009,357,1720,-1.9,1,0.56,5.1,0,1.270606,6.238294
9123,269,2009,358,3410,-3.6,0.6,0.52,3.5,0.5,1.267408,1.5994
9124,269,2009,359,670,0.2,4.1,0.67,6.5,18.2,1.263437,8
9125,269,2009,360,3070,1.3,5.1,0.69,7.3,0.6,1.258711,2.666233
9126,269,2009,361,1860,2.7,5.5,0.73,7.1,4.9,1.253249,5.950291
9127,269,2009,362,2670,-2.5,6.7,0.65,2.3,0.1,1.247076,3.978955
9128,269,2009,363,1330,-2.1,0.5,0.55,4.3,2.6,1.240217,7.104589
9129,269,2009,364,910,-0.6,0.1,0.58,6.3,2.7,1.232701,7.801383
9130,269,2009,365,1430,-1,0.5,0.55,7.3,0,1.224556,6.964366
9131,269,2010,1,2510,-10.1,0.1,0.36,4.3,0,1.215816,4.775657
9132,269,2010,2,1550,-9.8,0.4,0.41,3.5,10.9,1.206514,6.83002
9133,269,2010,3,830,-13.1,-3.3,0.32,1.5,0,1.196684,7.986585
9134,269,2010,4,940,-6.8,-1.2,0.45,4.1,0.2,1.186362,7.836949
9135,269,2010,5,1170,-4.7,0.9,0.52,4.1,1.7,1.175584,7.513259
9136,269,2010,6,1480,-10.6,-0.9,0.37,3.2,0,1.164385,7.079573
9137,269,2010,7,3740,-14.3,-2.8,0.3,2,0,1.152804,2.14986
9138,269,2010,8,3790,-10.5,-2.8,0.36,3.7,0,1.198729,2.090526
9139,269,2010,9,1750,-6.1,-0.8,0.43,10,1.1,1.185096,6.7269
9140,269,2010,10,1260,-1,0.4,0.57,6.4,0.8,1.17118,7.496428
9141,269,2010,11,1920,-2.3,0.3,0.49,4.3,0,1.157019,6.515973
9142,269,2010,12,2520,-5.7,-0.9,0.41,4,0,1.142652,5.512447
9143,269,2010,13,2740,-5.9,-1.9,0.35,5.3,0,1.128114,5.192341
9144,269,2010,14,3420,-6.7,2.8,0.49,3,0,1.113442,3.772297
9145,269,2010,15,1200,-1,1.7,0.56,2.2,0,1.098668,7.70905
9146,269,2010,16,1760,0,1.9,0.58,4.8,5.5,1.083824,6.987628
9147,269,2010,17,2420,0.5,4.9,0.73,3.3,0.5,1.06894,5.964241
9148,269,2010,18,1630,0.8,4.3,0.73,3.9,0.6,1.054044,7.228703
9149,269,2010,19,900,0.9,4.3,0.73,2.6,0.1,1.039163,8
9150,269,2010,20,2490,0.3,3.6,0.68,4.2,0,1.024323,6.087787
9151,269,2010,21,1600,-0.2,2.3,0.61,4,0,1.058999,7.401295
9152,269,2010,22,3490,-0.6,3,0.59,3.5,0,1.042677,4.608024
9153,269,2010,23,1550,-1.1,1.1,0.56,3.3,3.5,1.026502,7.538541
9154,269,2010,24,1990,-2,-1,0.5,2.7,2.1,1.010491,7.075161
9155,269,2010,25,2380,-10.8,-2,0.33,3.2,0,0.994664,6.686034
9156,269,2010,26,7100,-12.9,-5.9,0.24,2.9,0,0.9790346,0
9157,269,2010,27,2160,-12.4,4.1,0.39,5.3,3.1,0.963617,7.046429
9158,269,2010,28,4260,0.7,4.2,0.63,4.8,1,0.948423,4.048975
9159,269,2010,29,1450,-0.9,4.2,0.63,4.6,5.8,0.933463,7.816589
9160,269,2010,30,6650,-3.8,1,0.5,3.4,0.7,0.9187459,0
9161,269,2010,31,4940,-1.6,2.9,0.55,4.9,1,0.9468111,3.431391
9162,269,2010,32,4130,-4.6,2.1,0.51,4,2,0.9310723,4.869177
9163,269,2010,33,900,-1.1,4.9,0.66,7.1,13,0.9156522,8
9164,269,2010,34,5950,-1.3,5.2,0.63,3.7,0,0.9005538,2.223908
9165,269,2010,35,930,1.1,7.1,0.79,3.2,1.6,0.8857786,8
9166,269,2010,36,1300,1.5,5.9,0.76,3.5,1.1,0.8713273,8
9167,269,2010,37,1280,0.6,5,0.74,3,0,0.8571998,8
9168,269,2010,38,950,-1.4,1.4,0.58,3.5,0,0.843395,8
9169,269,2010,39,2190,-5.6,-1.4,0.4,5.5,0,0.829911,7.540275
9170,269,2010,40,3960,-5.7,-1.4,0.37,4.6,0,0.853331,5.983746
9171,269,2010,41,4480,-6.5,-1.1,0.4,5.2,3.2,0.8391428,5.511299
9172,269,2010,42,6620,-7.4,-1.1,0.35,7.3,0.1,0.8253233,3.060703
9173,269,2010,43,9830,-9.9,0.3,0.36,4.6,0,0.8118664,0
9174,269,2010,44,2430,-3.6,0.1,0.42,3.3,0,0.7987658,7.540068
9175,269,2010,45,2910,-4.9,-1.1,0.41,2.8,0.6,0.7860145,7.232249
9176,269,2010,46,7880,-7.6,-1.8,0.35,2.7,0,0.7736058,2.186333
9177,269,2010,47,3240,-4.6,1.5,0.43,4.5,0.3,0.7615323,7.07646
9178,269,2010,48,5650,-5.2,1.7,0.42,3.1,0,0.7819394,5.052653
9179,269,2010,49,1700,-0.1,5,0.67,2.8,1.3,0.7693533,8
9180,269,2010,50,1300,0.5,4.7,0.66,6.1,1.7,0.7571323,8
9181,269,2010,51,5000,-2.6,4.2,0.6,4.8,3.2,0.7452664,5.887779
9182,269,2010,52,3170,-4,3.2,0.56,3.6,5.2,0.7337458,7.329353
9183,269,2010,53,1480,1.2,4.9,0.73,3.4,14.1,0.7225609,8
9184,269,2010,54,5760,-0.1,2.9,0.6,5.7,0.1,0.7117022,5.517238
9185,269,2010,55,3670,0.2,10.1,0.84,3.1,2.3,0.7011604,7.096733
9186,269,2010,56,1760,6.5,9.2,1,5.4,3.3,0.7190148,8
9187,269,2010,57,2990,4.9,10.2,0.88,7.5,1.2,0.7080988,7.580965
9188,269,2010,58,2890,3.4,9.1,0.8,6.2,1.6,0.6975169,7.673999
9189,269,2010,59,1430,3,10,0.87,5.7,12.3,0.6872585,8
9190,269,2010,60,9310,-0.5,7.4,0.67,5.4,1.9,0.677313,3.03709
9191,269,2010,61,11090,-2.5,6.8,0.61,3.4,0,0.6676702,1.468604
9192,269,2010,62,10760,-3.8,6.5,0.58,2.4,0,0.6583203,2.039282
9193,269,2010,63,11000,-4.2,5.6,0.5,3.3,0,0.674655,2.06396
9194,269,2010,64,5410,-5,5.6,0.53,4.9,5.5,0.6650076,6.549368
9195,269,2010,65,11720,-3.2,3,0.44,7.2,0.5,0.6556639,1.822854
9196,269,2010,66,13100,-6.2,3.4,0.37,3.1,0,0.6466133,0.7754777
9197,269,2010,67,5380,-3.3,5.2,0.56,3.3,0.5,0.6378454,6.726995
9198,269,2010,68,14200,-5.5,4.8,0.49,2.6,0,0.6293505,0.02252124
9199,269,2010,69,10110,-4,3.1,0.51,5.7,0,0.6211191,3.805032
9200,269,2010,70,6870,-0.8,5.2,0.62,4.1,0,0.6361355,6.044723
9201,269,2010,71,5510,2.5,6.5,0.7,3.7,0,0.6276647,6.828347
9202,269,2010,72,6010,2.1,7.1,0.75,5.1,0.4,0.6194641,6.61134
9203,269,2010,73,6700,4,8.6,0.82,5.5,0,0.6115237,6.285462
9204,269,2010,74,5450,3.6,9.1,0.88,5.7,8.9,0.6038343,6.963143
9205,269,2010,75,10070,0.7,9.1,0.75,3.1,0,0.5963868,4.436005
9206,269,2010,76,10890,1.5,13.6,0.8,4.3,0,0.5891726,3.97462
9207,269,2010,77,11270,1.9,16.4,0.74,4.5,0,0.5821833,3.861327
9208,269,2010,78,2420,9.9,13.4,1.21,5.2,3.6,0.5956537,8
9209,269,2010,79,2940,11.3,14.5,1.41,5.6,29.9,0.5884819,8
9210,269,2010,80,13820,1.9,12,0.86,3.7,0.8,0.5815388,2.408339
9211,269,2010,81,10370,0.5,12.4,0.78,3.8,0,0.5748159,4.826044
9212,269,2010,82,15440,3,13.2,0.79,2.8,0,0.5683055,1.578333
9213,269,2010,83,9980,7.9,17.3,0.99,3,0,0.5619997,5.149116
9214,269,2010,84,13360,9.7,19.4,1.09,4.4,0,0.5558914,3.169467
9215,269,2010,85,5030,7.9,12.6,0.97,3.9,0.9,0.5684729,7.489191
9216,269,2010,86,8620,6.8,12.7,0.99,5.2,0.1,0.5622141,6.040257
9217,269,2010,87,8730,4.8,11,0.88,5.7,0,0.5561551,6.068525
9218,269,2010,88,7880,6.8,12.9,1,3.5,0.1,0.5502887,6.4704
9219,269,2010,89,6350,5.5,15.6,1.08,5.1,1.5,0.5446078,7.108493
9220,269,2010,90,9510,4,11,0.8,8.7,2.4,0.5391059,5.900725
9221,269,2010,91,11220,2.8,8,0.72,7.4,2.4,0.5337767,5.189275
9222,269,2010,92,15030,2.4,13.1,0.69,6.1,2.1,0.5456155,3.27511
9223,269,2010,93,7230,5.3,10.6,0.94,3.8,20.2,0.5401617,6.930252
9224,269,2010,94,5920,5.7,10.9,0.97,4.6,1.9,0.5348822,7.406871
9225,269,2010,95,11700,1.1,10.6,0.74,4.4,0,0.5297707,5.225627
9226,269,2010,96,18130,4.7,16.2,0.78,3.9,0,0.5248214,1.869059
9227,269,2010,97,15180,6.9,19,0.93,2.7,0,0.5200285,3.587403
9228,269,2010,98,12560,3.5,11.8,0.85,3.4,0.3,0.5153867,4.99373
9229,269,2010,99,14380,4,13.9,0.94,2.9,0,0.5108907,4.168603
9230,269,2010,100,16010,1.3,10.7,0.73,3.5,0,0.521868,3.523106
9231,269,2010,101,8140,1.8,10.9,0.77,5.7,0,0.5172753,6.888965
9232,269,2010,102,18550,3.6,15.1,0.86,6.8,0,0.5128295,2.299257
9233,269,2010,103,19470,3.7,14.7,0.87,5.2,0,0.5085257,1.891836
9234,269,2010,104,18610,3.8,15.4,0.83,5.1,0,0.5043589,2.498445
9235,269,2010,105,20300,1.9,14.8,0.75,4.9,0,0.5003246,1.73607
9236,269,2010,106,16900,1.9,11.5,0.71,4,0,0.4964183,3.60879
9237,269,2010,107,21340,-0.7,13.5,0.74,2.2,0,0.5069366,1.393482
9238,269,2010,108,21590,0.2,15.7,0.76,2.7,0,0.5029512,1.356202
9239,269,2010,109,19940,5.1,12.7,0.78,4,0,0.4990948,2.328893
9240,269,2010,110,17080,5.2,12.1,0.77,5.6,0,0.4953631,3.800256
9241,269,2010,111,18990,5.3,9.3,0.62,5.8,0,0.4917521,3.069999
9242,269,2010,112,19290,0.5,10.7,0.63,2.4,0,0.4882578,3.004377
9243,269,2010,113,22740,-1.3,13.6,0.6,2.1,0,0.4848763,1.40472
9244,269,2010,114,19320,1.9,17.8,0.69,3.1,0,0.4816042,3.113129
9245,269,2010,115,17470,3.8,23.5,0.94,3.5,0.1,0.4915944,3.894439
9246,269,2010,116,19360,7.7,17.7,1.2,4.6,0,0.4882636,3.006167
9247,269,2010,117,20180,5.1,18,0.94,2,0,0.4850432,2.812778
9248,269,2010,118,19100,5.6,22.2,0.95,2.8,0,0.4819296,3.370507
9249,269,2010,119,17750,10.1,24.9,1.24,3.1,6.1,0.4789195,3.909354
9250,269,2010,120,10580,7.7,14.2,1.1,5.4,7.4,0.4760096,6.581818
9251,269,2010,121,10250,5.9,13.5,1.02,4,4.3,0.4731969,6.714245
9252,269,2010,122,5400,5.2,9.6,0.95,5.6,14.9,0.4704785,7.950698
9253,269,2010,123,2520,5.4,7.6,0.87,6.6,2.3,0.4678514,8
9254,269,2010,124,20010,3.9,10.9,0.73,4.9,0,0.4773439,3.452249
9255,269,2010,125,19420,3.7,13.2,0.81,4.5,0,0.4746808,3.71238
9256,269,2010,126,20300,3.4,14.1,0.84,6.3,0,0.4721102,3.391353
9257,269,2010,127,6050,5.8,9.3,0.92,4,0.8,0.4696294,7.856291
9258,269,2010,128,7520,7,11.2,1.05,1.8,0.9,0.4672358,7.531301
9259,269,2010,129,7100,3.3,11.2,0.86,3.4,0,0.4649269,7.652233
9260,269,2010,130,14950,2.6,10.8,0.72,3,0,0.4627003,5.564252
9261,269,2010,131,13580,4.6,12.1,0.84,5.4,8.5,0.4605537,5.988107
9262,269,2010,132,4230,4.9,7.8,0.85,5,10.9,0.4584847,8
9263,269,2010,133,5470,6.2,10.3,0.93,2,0.3,0.4676989,8
9264,269,2010,134,14860,3.9,12.6,0.8,2,0,0.4656148,5.676126
9265,269,2010,135,15640,2.6,14.4,0.87,3.4,0,0.46361,5.436205
9266,269,2010,136,21690,7.7,15.2,0.93,4.7,0,0.4616822,3.275479
9267,269,2010,137,22100,7.7,15.1,1.04,3.9,0.6,0.4598295,3.106116
9268,269,2010,138,24660,7,14.1,0.94,4.1,0,0.4580498,2.134145
9269,269,2010,139,26990,8.4,15.7,0.94,4.9,0,0.4563412,1.156004
9270,269,2010,140,26220,6,20.1,0.96,3.2,0,0.4547021,1.542508
9271,269,2010,141,23610,7.7,18.7,1.21,3.1,0,0.4531306,2.583066
9272,269,2010,142,27870,7.7,17.1,1.22,3.4,0,0.451625,0.7461472
9273,269,2010,143,25070,8.5,22.3,1.33,2.6,0,0.4607171,1.995361
9274,269,2010,144,24610,11.1,21.6,1.41,4.5,0,0.4592205,2.198936
9275,269,2010,145,26750,6.3,16.5,0.94,3.2,0,0.4577919,1.554144
9276,269,2010,146,14940,4.7,14.6,0.79,4,0,0.4564298,5.88713
9277,269,2010,147,13750,6.9,15.3,0.96,1.8,0,0.4551327,6.199018
9278,269,2010,148,22790,4.7,16.7,0.95,3.9,0,0.453899,3.259568
9279,269,2010,149,18670,4.8,21.1,1.02,4.3,2.9,0.4527275,4.722134
9280,269,2010,150,6710,9.7,15,1.29,5.6,5.8,0.4516167,7.836908
9281,269,2010,151,12820,8.4,17.2,1.26,3.7,0.3,0.4505656,6.443732
9282,269,2010,152,17440,5.4,19.2,1.22,2,0,0.4495727,5.116674
9283,269,2010,153,28500,7.4,20.4,1.14,4,0,0.4486372,0.9618936
9284,269,2010,154,29570,7.6,20.9,1.12,4.1,0,0.4477578,0.5252285
9285,269,2010,155,29470,6.8,21.3,1.17,2.9,0,0.4469337,0.5698775
9286,269,2010,156,27750,7.3,25.3,1.24,2.2,0,0.4461639,1.317625
9287,269,2010,157,11790,11.8,26.4,1.7,2.7,1.4,0.4454475,6.700301
9288,269,2010,158,9880,10.4,17,1.38,4.8,0,0.4447838,7.195633
9289,269,2010,159,14160,11.4,24,1.76,2.2,4.3,0.4441721,6.06952
9290,269,2010,160,9430,14.4,19.5,1.82,2.3,2.8,0.4533817,7.268659
9291,269,2010,161,7760,15.2,21.9,2.01,2.3,1.6,0.4528294,7.621222
9292,269,2010,162,7360,9.8,20.8,1.6,4.6,0,0.4523328,7.725852
9293,269,2010,163,23670,7.9,17.9,1.18,4.5,0,0.4518908,3.105294
9294,269,2010,164,18680,8,18.1,1.08,2.1,0,0.4515028,4.877777
9295,269,2010,165,26770,10.4,20.5,1.28,4.4,0,0.4511678,1.854892
9296,269,2010,166,21450,6.8,17.1,0.98,4.6,0,0.4508853,4.002011
9297,269,2010,167,26050,5.9,22,1.18,5.4,0,0.4506548,2.207779
9298,269,2010,168,29430,9.2,22.8,1.31,5.6,0,0.4504759,0.71909
9299,269,2010,169,10640,10.3,15.6,1.18,5,1.2,0.4503484,7.066786
9300,269,2010,170,15350,9.4,14.4,1.1,5.2,8.5,0.4502719,5.881409
9301,269,2010,171,7850,10.3,13.2,1.08,4.6,1.4,0.4502464,7.668631
9302,269,2010,172,25570,6.6,16.4,1.02,3.5,0,0.4502719,2.478731
9303,269,2010,173,27010,3.9,19.1,1.03,1.3,0,0.4503484,1.895732
9304,269,2010,174,28300,7.4,25.3,1.3,1.4,0,0.4504759,1.209499
9305,269,2010,175,25400,10.1,26.4,1.47,2.4,0,0.4506548,2.334897
9306,269,2010,176,26790,12.5,23.4,1.5,2.4,0,0.4508853,1.741923
9307,269,2010,177,27420,9.9,24.4,1.35,2.5,0,0.4511678,1.53392
9308,269,2010,178,28990,10.5,27.5,1.36,2.4,0,0.4515028,0.835633
9309,269,2010,179,27800,12.8,28.4,1.63,2,0,0.4518908,1.214662
9310,269,2010,180,21950,12.5,26.9,1.72,2.7,0.5,0.4523328,3.54034
9311,269,2010,181,15890,13,24.7,1.87,1.5,8.4,0.4528294,5.54864
9312,269,2010,182,21960,13.8,27.7,1.84,2.3,0,0.4533817,3.477134
9313,269,2010,183,25290,19.1,34.5,2.11,3.7,0,0.4441721,2.042477
9314,269,2010,184,15250,17.2,26.5,2.15,2.9,6.1,0.4447838,5.675787
9315,269,2010,185,26830,13.9,27,1.66,3.1,0,0.4454475,1.505807
9316,269,2010,186,20270,12.5,23.3,1.46,3.6,0,0.4461639,4.141045
9317,269,2010,187,25970,10.1,21,1.18,3.8,0,0.4469337,2.035982
9318,269,2010,188,25120,9.1,26.7,1.21,3.3,0,0.4477578,2.345496
9319,269,2010,189,25080,15.4,26.7,1.7,2.7,0,0.4486372,2.134717
9320,269,2010,190,24680,15,34.7,2.01,2.8,0,0.4495727,2.165806
9321,269,2010,191,25530,16.9,30.9,2.14,2.6,20.9,0.4505656,1.719783
9322,269,2010,192,23120,18.4,30.3,2.44,3.3,0,0.4516167,2.634535
9323,269,2010,193,14630,15.8,26.2,2.14,4.2,6,0.4527275,5.760402
9324,269,2010,194,19110,14.2,26.4,1.86,2.5,0,0.453899,4.296225
9325,269,2010,195,21970,17.5,29.5,2.23,3.7,9.4,0.4551327,3.075645
9326,269,2010,196,16650,16.3,22.9,1.64,6.1,0,0.4564298,5.149777
9327,269,2010,197,14260,15.2,24.7,1.73,4.5,3.6,0.4577919,5.870466
9328,269,2010,198,19630,11.8,20.7,1.52,4.2,2.6,0.4592205,4.088368
9329,269,2010,199,25740,10.4,23.8,1.44,2.8,0,0.4607171,1.581251
9330,269,2010,200,26610,11.6,26.9,1.56,1.9,0,0.451625,1.077282
9331,269,2010,201,20720,13.8,30.1,1.63,2.7,0,0.4531306,3.543367
9332,269,2010,202,15640,18.5,25.5,1.82,2.8,0,0.4547021,5.317685
9333,269,2010,203,16730,13.3,22.8,1.59,3.1,0,0.4563412,4.967592
9334,269,2010,204,22220,11.3,23.3,1.54,2,2.3,0.4580498,2.839561
9335,269,2010,205,22250,10.1,19.6,1.22,3,2.1,0.4598295,2.902751
9336,269,2010,206,15150,9.8,21.8,1.45,2.8,0.3,0.4616822,5.450821
9337,269,2010,207,13480,15.4,20.3,1.76,3.9,6.5,0.46361,5.911799
9338,269,2010,208,16730,15.3,23,1.82,2.8,2.1,0.4656148,4.767868
9339,269,2010,209,21390,16.2,21.4,1.74,3.8,5.3,0.4676989,2.882171
9340,269,2010,210,12280,14.6,19.6,1.64,4,14.8,0.4584847,6.23357
9341,269,2010,211,24720,13,21.6,1.46,2.7,2.1,0.4605537,1.340967
9342,269,2010,212,6370,14.8,21.5,1.79,4,0.1,0.4627003,7.75088
9343,269,2010,213,14330,13.5,22.6,1.68,2.3,0,0.4649269,5.485482
9344,269,2010,214,7960,11.1,19.7,1.58,1.9,5.7,0.4672358,7.36724
9345,269,2010,215,21810,11,21,1.44,2.9,0,0.4696294,2.45019
9346,269,2010,216,8770,13.3,19.6,1.65,3.8,12.6,0.4721102,7.124234
9347,269,2010,217,16330,9.6,19.8,1.39,3.4,0.4,0.4746808,4.673736
9348,269,2010,218,19350,8.4,22.6,1.25,2,0,0.4773439,3.434842
9349,269,2010,219,6660,13.6,20.8,1.65,2.5,5.2,0.4678514,7.620808
9350,269,2010,220,12840,13,21.2,1.72,3.2,0.7,0.4704785,5.770955
9351,269,2010,221,18890,11.7,22.4,1.5,2.2,0,0.4731969,3.365409
9352,269,2010,222,11330,13.1,21.9,1.74,4.6,7.5,0.4760096,6.219243
9353,269,2010,223,21920,9.9,20.7,1.37,4,0.9,0.4789195,1.81766
9354,269,2010,224,13330,8.2,19.7,1.35,2.7,0,0.4819296,5.519037
9355,269,2010,225,17390,9.6,20.8,1.45,2.6,0.3,0.4850432,3.797335
9356,269,2010,226,20390,10.4,24.4,1.53,2.6,0,0.4882636,2.265662
9357,269,2010,227,13800,15.2,21.2,1.78,6.2,26.8,0.4915944,5.124702
9358,269,2010,228,12700,16.1,22.6,1.95,2.4,3,0.4816042,5.482639
9359,269,2010,229,3620,15.1,18,1.79,4.5,15.4,0.4848763,8
9360,269,2010,230,12170,13.5,20,1.58,5.3,5.7,0.4882578,5.664847
9361,269,2010,231,17410,13.4,21.2,1.56,4.5,1,0.4917521,3.32738
9362,269,2010,232,21010,15.6,27.3,1.76,4.2,0,0.4953631,1.233302
9363,269,2010,233,11760,17,25.4,2.09,5.1,0,0.4990948,5.610976
9364,269,2010,234,8060,16.4,23,2.02,4,0,0.5029512,6.934303
9365,269,2010,235,7690,16.5,21.3,1.9,7.2,10.1,0.5069366,7.039377
9366,269,2010,236,15160,10.7,19.8,1.3,7.1,19.1,0.4964183,4.118604
9367,269,2010,237,15190,12.3,19.5,1.48,3.5,3.7,0.5003246,3.973691
9368,269,2010,238,3570,13.4,16.8,1.68,3.3,32.4,0.5043589,8
9369,269,2010,239,6190,12.5,16.7,1.46,4.4,17.3,0.5085257,7.451981
9370,269,2010,240,12160,9.9,16.8,1.32,3.3,5.4,0.5128295,5.22488
9371,269,2010,241,8300,9.8,16.3,1.35,5.4,18.2,0.5172753,6.717617
9372,269,2010,242,17090,10.9,18.6,1.38,7.3,18.1,0.521868,2.530784
9373,269,2010,243,17580,7.6,17.6,1.18,2.8,0,0.5108907,2.218297
9374,269,2010,244,12930,6,18.2,1.23,1.5,0.2,0.5153867,4.628715
9375,269,2010,245,9150,6.7,17.1,1.24,1.8,0,0.5200285,6.2592
9376,269,2010,246,11970,7.3,19.1,1.31,1.5,0,0.5248214,4.932306
9377,269,2010,247,17390,6.7,18.2,1.16,2.7,0,0.5297707,1.836732
9378,269,2010,248,19440,5.9,18.9,1.11,3.6,0,0.5348822,0.3370466
9379,269,2010,249,18660,9.1,19.9,1.06,6.1,0,0.5401617,0.7502497
9380,269,2010,250,3740,10.4,14,1.19,4.8,9.1,0.5456155,8
9381,269,2010,251,5550,12.1,19.3,1.62,4,3.5,0.5337767,7.378096
9382,269,2010,252,11580,10.8,19.1,1.55,2.7,0.3,0.5391059,4.613955
9383,269,2010,253,6590,10.8,19.3,1.63,4.7,5.1,0.5446078,6.923078
9384,269,2010,254,14840,13.6,22.8,1.69,4.5,0,0.5502887,2.331381
9385,269,2010,255,7000,11.9,18.5,1.56,3,0.5,0.5561551,6.682841
9386,269,2010,256,11740,8.2,18.7,1.27,4.1,0.7,0.5622141,4.238636
9387,269,2010,257,2460,12.5,17,1.65,7.4,23.1,0.5684729,8
9388,269,2010,258,12590,9.8,16.5,1.16,7,15.8,0.5558914,3.534734
9389,269,2010,259,9570,8.5,16.5,1.3,4.8,3.5,0.5619997,5.224638
9390,269,2010,260,11860,8,15.7,1.15,4.4,2.5,0.5683055,3.7833
9391,269,2010,261,8510,6,15.5,1.08,3.4,0,0.5748159,5.7108
9392,269,2010,262,4020,7,15.7,1.17,5.1,0,0.5815388,7.699751
9393,269,2010,263,4910,12.2,17.4,1.53,5.9,1.9,0.5884819,7.288975
9394,269,2010,264,10610,10.1,20,1.57,1.8,0,0.5956537,4.028621
9395,269,2010,265,13060,8.4,22.1,1.46,2.6,0,0.5821833,2.081824
9396,269,2010,266,8890,12.1,21.5,1.68,2.4,9,0.5891726,4.952812
9397,269,2010,267,9940,12.2,17.8,1.5,4,1,0.5963868,4.177323
9398,269,2010,268,11600,7.1,14.7,1,4.1,2.4,0.6038343,2.988586
9399,269,2010,269,6820,5.2,12.7,1.1,1.5,0,0.6115237,6.112148
9400,269,2010,270,1080,6.8,13.1,1.21,2.2,7.9,0.6194641,8
9401,269,2010,271,2490,8,14.3,1.26,2,0,0.6276647,8
9402,269,2010,272,12500,4.1,14.4,0.98,2.8,0,0.6361355,1.540563
9403,269,2010,273,2540,6.2,12.2,1.14,2.7,4.1,0.6211191,8
9404,269,2010,274,11250,6.2,16.8,1.18,3.3,1.5,0.6293505,2.211022
9405,269,2010,275,6700,11.9,18.5,1.62,5.1,6.8,0.6378454,5.649964
9406,269,2010,276,11390,15,22.4,1.7,5,0,0.6466133,1.429654
9407,269,2010,277,6700,12.7,22.6,1.7,2.5,0,0.6556639,5.462816
9408,269,2010,278,4930,13.9,19,1.63,3.7,0,0.6650076,6.619672
9409,269,2010,279,3950,12.1,19,1.56,4.9,0.8,0.674655,7.171544
9410,269,2010,280,4950,10,16.1,1.44,2.8,0,0.6583203,6.514621
9411,269,2010,281,3380,10.6,15.9,1.4,4,0,0.6676702,7.431464
9412,269,2010,282,11050,8.3,18.5,1.31,4.1,0,0.677313,0.6353422
9413,269,2010,283,11780,6,16.5,1.08,4.3,0,0.6872585,0
9414,269,2010,284,11730,3.7,15.5,0.97,4.6,0,0.6975169,0
9415,269,2010,285,8940,2.1,13.8,0.97,2.3,0,0.7080988,2.591111
9416,269,2010,286,6040,3.3,13.7,0.98,1.1,0,0.7190148,5.296037
9417,269,2010,287,2950,2.8,12.2,0.93,1.9,0,0.7011604,7.512091
9418,269,2010,288,3160,7.5,12.8,1.15,2.6,12.1,0.7117022,7.32128
9419,269,2010,289,6150,4.2,10.6,0.82,6.1,0.2,0.7225609,4.919554
9420,269,2010,290,8890,0.1,10.8,0.76,2.7,0,0.7337458,1.744637
9421,269,2010,291,7030,-0.8,12.5,0.8,5.2,1.1,0.7452664,3.744579
9422,269,2010,292,6320,6,12.8,1.06,4.3,18.6,0.7571323,4.270998
9423,269,2010,293,6500,3.1,9.2,0.75,4,7.7,0.7693533,4.054075
9424,269,2010,294,7120,2.7,11.2,0.79,7,2.2,0.7819394,3.134941
9425,269,2010,295,5920,7.2,12.6,1.06,6.5,0,0.7615323,4.299793
9426,269,2010,296,2130,5.3,9,0.87,8,9,0.7736058,7.746029
9427,269,2010,297,7370,5.8,11.3,0.85,4.6,1.8,0.7860145,2.16416
9428,269,2010,298,8110,3.8,10.9,0.79,3,0,0.7987658,0.8502119
9429,269,2010,299,3230,0.7,9.6,0.74,5.3,0.7,0.8118664,6.774542
9430,269,2010,300,1070,6.6,9.9,1.06,7.3,5.6,0.8253233,8
9431,269,2010,301,2260,8.9,13.1,1.22,6.7,0.5,0.8391428,7.447277
9432,269,2010,302,3970,6.4,13.1,0.99,5.6,0,0.853331,5.742376
9433,269,2010,303,2370,7.1,12.9,1.08,4.1,0.2,0.829911,7.282755
9434,269,2010,304,2640,3.6,12.5,1.03,2.8,1.3,0.843395,6.988954
9435,269,2010,305,1510,6.9,9,1.04,1.8,0,0.8571998,7.93311
9436,269,2010,306,1360,7,12.7,1.16,6.7,0.3,0.8713273,8
9437,269,2010,307,3360,10.3,14.4,1.25,7,1.9,0.8857786,5.947789
9438,269,2010,308,1140,14,15.7,1.47,10.4,2,0.9005538,8
9439,269,2010,309,1510,9.2,15,1.29,5.8,8.8,0.9156522,7.81231
9440,269,2010,310,2860,4.8,11.4,1,2.7,5.6,0.9310723,6.374355
9441,269,2010,311,5710,1.2,9.2,0.8,3.5,0,0.9468111,1.770768
9442,269,2010,312,2700,1.4,6.8,0.75,5.2,0,0.9187459,6.479358
9443,269,2010,313,1310,3.1,4.5,0.75,5.7,2,0.933463,7.923083
9444,269,2010,314,2450,1.6,7.7,0.77,3.5,2.7,0.948423,6.653501
9445,269,2010,315,1020,2.3,10.3,0.84,8.6,10.7,0.963617,8
9446,269,2010,316,2480,9.3,12,0.99,10.5,3.3,0.9790346,6.440079
9447,269,2010,317,1570,8.5,10.9,1.13,4.2,0,0.994664,7.510203
9448,269,2010,318,1470,7.6,12.8,1.16,5.7,9.5,1.010491,7.585963
9449,269,2010,319,3490,0.3,9.8,0.81,2.5,0.1,1.026502,4.591293
9450,269,2010,320,4680,-0.6,9.9,0.81,1.3,0,1.042677,1.948131
9451,269,2010,321,1680,0.2,5.7,0.68,3.4,0,1.058999,7.278778
9452,269,2010,322,1240,3.4,6.2,0.83,2,0.2,1.024323,7.756043
9453,269,2010,323,2710,2.1,7.9,0.84,1.7,0,1.039163,5.561055
9454,269,2010,324,2440,4.3,8.8,0.9,2,0,1.054044,5.934894
9455,269,2010,325,3950,2.6,8.4,0.84,4.6,0,1.06894,2.70766
9456,269,2010,326,2970,3,7,0.77,4.4,0,1.083824,4.798942
9457,269,2010,327,2610,2.3,6.9,0.72,3.5,0.1,1.098668,5.4363
9458,269,2010,328,2410,-1,5.9,0.68,2.2,0,1.113442,5.749904
9459,269,2010,329,1460,-1.1,2.4,0.62,2.5,0,1.128114,7.284964
9460,269,2010,330,3330,-3.3,4.1,0.58,1.8,0,1.142652,3.629059
9461,269,2010,331,1070,-2.3,1.3,0.55,2.8,0.1,1.157019,7.774086
9462,269,2010,332,4650,-5.3,-1,0.45,3.9,0,1.17118,0
9463,269,2010,333,430,-3.9,-0.2,0.48,4.8,0.6,1.185096,8
9464,269,2010,334,2750,-4.8,-0.5,0.42,7.2,0,1.198729,4.662048
9465,269,2010,335,2860,-7.2,-4.8,0.27,8.8,0,1.152804,4.417104
9466,269,2010,336,1690,-8.7,-5.7,0.32,3.6,2,1.164385,6.728103
9467,269,2010,337,2590,-8.5,-2.6,0.35,3.7,0,1.175584,4.83298
9468,269,2010,338,1290,-5.7,0.5,0.45,7.3,3.5,1.186362,7.308727
9469,269,2010,339,2590,-0.4,3.9,0.67,5.1,2.4,1.196684,4.526459
9470,269,2010,340,2640,-2.1,1.9,0.6,1.4,0,1.206514,4.364739
9471,269,2010,341,1200,-3.5,-0.7,0.52,2.8,0,1.215816,7.380562
9472,269,2010,342,1150,-3.7,0.4,0.53,3.3,0,1.224556,7.443511
9473,269,2010,343,3210,-0.2,4.6,0.63,5.2,2.4,1.232701,2.514112
9474,269,2010,344,1230,-0.5,6.2,0.73,3.9,0.6,1.240217,7.246886
9475,269,2010,345,780,4.5,7.8,0.81,7.1,0.5,1.247076,7.951632
9476,269,2010,346,1960,-3.4,5.8,0.55,4.9,0,1.253249,5.774434
9477,269,2010,347,1100,-5,2.6,0.51,3.8,0.7,1.258711,7.465895
9478,269,2010,348,1200,-4.7,0.2,0.44,2.7,0,1.263437,7.298333
9479,269,2010,349,2840,-2.6,3.2,0.57,3,0.1,1.267408,3.362989
9480,269,2010,350,260,-4.3,3.7,0.59,4.6,11.1,1.270606,8
9481,269,2010,351,910,-6.2,-0.3,0.46,3.8,3.2,1.273017,7.756652
9482,269,2010,352,1690,-7.2,-2.6,0.39,3.2,0,1.274631,6.339477
9483,269,2010,353,1520,-12.5,-4.3,0.31,4.5,4.6,1.275439,6.709453
9484,269,2010,354,2300,-16.9,-4,0.26,2.5,0,1.275439,4.993876
9485,269,2010,355,1110,-16.6,-3.4,0.27,3,0,1.274631,7.464083
9486,269,2010,356,1110,-3.6,-2.1,0.47,4.9,0,1.273017,7.430587
9487,269,2010,357,970,-2.2,0.1,0.51,8.3,1.2,1.270606,7.660188
9488,269,2010,358,1810,-2.9,-0.3,0.43,7.9,0,1.267408,6.097529
9489,269,2010,359,2890,-5.4,1.7,0.43,3.6,0.2,1.263437,3.35785
9490,269,2010,360,3130,-4.9,2.6,0.53,3,0.7,1.258711,2.595914
9491,269,2010,361,1840,-0.9,2.3,0.6,4.4,0,1.253249,6.033453
9492,269,2010,362,1190,-0.3,1,0.53,2.8,0,1.247076,7.336815
9493,269,2010,363,2000,-6.2,0.3,0.44,2.6,0,1.240217,5.793666
9494,269,2010,364,1720,-7.5,0.9,0.46,2,0,1.232701,6.407075
9495,269,2010,365,1490,0.7,3.5,0.7,2.2,1.6,1.224556,6.824411
9496,269,2011,1,1880,0.5,5.2,0.7,3.5,0.5,1.215816,6.075352
9497,269,2011,2,2860,-0.1,3.5,0.64,2.7,1.1,1.206514,3.783113
9498,269,2011,3,2520,-3.1,3.1,0.59,2.4,0,1.196684,4.756126
9499,269,2011,4,2070,-0.8,2.4,0.56,5.5,0,1.186362,5.846175
9500,269,2011,5,2910,-1.2,2.3,0.5,6.5,0.7,1.175584,3.986948
9501,269,2011,6,550,1.7,4.7,0.76,3.7,13.5,1.164385,8
9502,269,2011,7,610,-0.3,8.9,0.81,3.3,0.9,1.152804,8
9503,269,2011,8,1140,2.3,11.8,0.89,7,3.5,1.198729,7.580936
9504,269,2011,9,3340,0,6.2,0.69,5,0,1.185096,3.19004
9505,269,2011,10,3860,-1.2,3.6,0.63,3.9,0,1.17118,1.962591
9506,269,2011,11,610,-0.4,5.7,0.68,5.8,1.6,1.157019,8
9507,269,2011,12,510,1.2,7.9,0.81,4.6,10.2,1.142652,8
9508,269,2011,13,490,7.3,10.5,1.12,5.1,10.7,1.128114,8
9509,269,2011,14,390,7.7,10.6,1.1,8,14.8,1.113442,8
9510,269,2011,15,840,5.8,9.7,0.94,8,0,1.098668,8
9511,269,2011,16,2480,8,11.8,1.01,7.5,0,1.083824,5.707284
9512,269,2011,17,880,4.7,9.3,0.93,5.1,1.1,1.06894,8
9513,269,2011,18,950,-0.1,5.2,0.71,2,2.5,1.054044,8
9514,269,2011,19,3170,1.6,6.6,0.77,3,0.5,1.039163,4.767541
9515,269,2011,20,4490,-2.6,4.7,0.58,3.6,0,1.024323,2.219037
9516,269,2011,21,1910,-3,4.4,0.62,2.6,0,1.058999,7.007683
9517,269,2011,22,1540,0.9,5.7,0.73,3.5,0.7,1.042677,7.493291
9518,269,2011,23,890,1.6,5.7,0.76,3.9,0.2,1.026502,8
9519,269,2011,24,2130,4,6.1,0.83,4.2,0.9,1.010491,6.838333
9520,269,2011,25,3770,2,6,0.72,5.3,2.7,0.994664,4.431554
9521,269,2011,26,3050,0.4,3.5,0.65,3.2,0,0.9790346,5.740069
9522,269,2011,27,4540,-3.2,1,0.47,5.5,0,0.963617,3.490935
9523,269,2011,28,6300,-4.7,0.1,0.43,4.6,0,0.948423,0.1999149
9524,269,2011,29,6050,-6,0.4,0.47,4,0,0.933463,0.9684245
9525,269,2011,30,1490,-4,0.2,0.52,2.8,0,0.9187459,7.819709
9526,269,2011,31,1630,-2.1,0.1,0.51,1.7,0,0.9468111,7.725409
9527,269,2011,32,1220,-3.1,2.3,0.55,5,0.6,0.9310723,8
9528,269,2011,33,1060,2.1,4.4,0.76,7.4,1.1,0.9156522,8
9529,269,2011,34,5480,2.3,8.3,0.8,6.6,1.2,0.9005538,2.919726
9530,269,2011,35,1000,5.7,10.2,0.92,12.8,1.2,0.8857786,8
9531,269,2011,36,1990,9.5,11.3,1.03,13.4,0,0.8713273,7.51976
9532,269,2011,37,2750,8.4,11.7,0.99,11.8,0,0.8571998,6.855119
9533,269,2011,38,4130,6.4,10.4,0.86,9.2,0,0.843395,5.432741
9534,269,2011,39,7110,-2.5,8.3,0.65,3.3,0,0.829911,1.415391
9535,269,2011,40,6620,-3.7,9.7,0.63,2.5,0,0.853331,2.440064
9536,269,2011,41,1990,3.9,10,0.93,4.7,9.1,0.8391428,7.701805
9537,269,2011,42,1060,4.1,7.3,0.89,2.1,2.2,0.8253233,8
9538,269,2011,43,840,1.4,7.7,0.8,4.8,14.7,0.8118664,8
9539,269,2011,44,5030,4.2,8.6,0.87,4,0,0.7987658,5.056846
9540,269,2011,45,1740,4.6,7.2,0.85,3,0.2,0.7860145,7.987457
9541,269,2011,46,5720,2,8.2,0.8,3.5,0.1,0.7736058,4.561355
9542,269,2011,47,8180,0.6,10.7,0.79,3.2,0.4,0.7615323,1.637676
9543,269,2011,48,8480,0.2,8,0.72,4.8,0,0.7819394,1.508949
9544,269,2011,49,1310,-0.3,1.3,0.54,4,0,0.7693533,8
9545,269,2011,50,3390,0,2.7,0.56,6,0,0.7571323,7.090618
9546,269,2011,51,6260,-3.3,1.8,0.41,5.8,0,0.7452664,4.818329
9547,269,2011,52,9790,-5.2,1.5,0.34,4.6,0,0.7337458,1.126064
9548,269,2011,53,9440,-6.6,2.1,0.33,3.5,0,0.7225609,1.800589
9549,269,2011,54,3480,-3.5,3,0.43,4.8,3.1,0.7117022,7.2391
9550,269,2011,55,2170,0.6,5,0.74,3.4,1.4,0.7011604,7.976668
9551,269,2011,56,1680,4.2,7.5,0.92,3.8,0,0.7190148,8
9552,269,2011,57,2190,5.4,9.2,1,5.3,4.8,0.7080988,7.992674
9553,269,2011,58,920,0.4,5.6,0.73,6.6,20,0.6975169,8
9554,269,2011,59,1330,0.8,3.7,0.7,3.6,0.9,0.6872585,8
9555,269,2011,60,3220,0.7,4.3,0.68,5.6,0,0.677313,7.574657
9556,269,2011,61,10480,-1,5.2,0.62,6.2,0,0.6676702,2.093729
9557,269,2011,62,9760,-2.9,4.7,0.59,5.5,0,0.6583203,2.997886
9558,269,2011,63,4700,-3.3,1.8,0.57,3.1,0,0.674655,6.901675
9559,269,2011,64,3680,-1.3,6.6,0.67,2.5,0,0.6650076,7.4716
9560,269,2011,65,12400,-2.3,6.6,0.56,4,0,0.6556639,1.04766
9561,269,2011,66,12940,-3.8,8,0.4,3,0,0.6466133,0.8990796
9562,269,2011,67,12700,-5.1,10.4,0.43,3.9,0,0.6378454,1.320252
9563,269,2011,68,6400,0,9.4,0.72,6.5,0.6,0.6293505,6.16334
9564,269,2011,69,3960,2.7,10.7,0.81,9.2,0,0.6211191,7.48401
9565,269,2011,70,10520,1.3,9.7,0.65,5,0,0.6361355,3.544846
9566,269,2011,71,9290,0.9,13.8,0.74,3.2,0,0.6276647,4.534077
9567,269,2011,72,4470,9,13.4,1.06,3.5,0,0.6194641,7.321917
9568,269,2011,73,4520,5.9,12.3,1.12,1.7,1,0.6115237,7.327055
9569,269,2011,74,9720,5.9,14.3,1.11,5.8,0,0.6038343,4.429634
9570,269,2011,75,9280,4.7,9.7,0.86,7.5,0,0.5963868,4.906717
9571,269,2011,76,4810,4.2,7.4,0.83,4,0,0.5891726,7.331517
9572,269,2011,77,7240,3.4,10.6,0.85,3.1,1.8,0.5821833,6.23063
9573,269,2011,78,12060,-0.9,9.4,0.69,1.5,0,0.5956537,3.470856
9574,269,2011,79,15620,-3.3,11.6,0.59,1.7,0,0.5884819,1.050976
9575,269,2011,80,13880,-1.6,14.2,0.68,2.5,0,0.5815388,2.474646
9576,269,2011,81,15520,-0.4,15.3,0.84,2.1,0,0.5748159,1.306989
9577,269,2011,82,15250,0.6,14.7,0.85,1.8,0,0.5683055,1.679932
9578,269,2011,83,16410,-0.2,15.7,0.89,2,0,0.5619997,0.9487299
9579,269,2011,84,11480,3.1,13.2,0.83,2.2,0,0.5558914,4.440133
9580,269,2011,85,9880,-0.6,7.7,0.61,3.2,0.4,0.5684729,5.466324
9581,269,2011,86,18260,-3,11,0.57,3.1,0,0.5622141,0.3609004
9582,269,2011,87,14460,-3,10.4,0.65,1.7,0,0.5561551,3.058896
9583,269,2011,88,18350,-3.6,13.7,0.65,1.4,0,0.5502887,0.5914502
9584,269,2011,89,8520,-0.1,16.2,0.89,3.3,0.7,0.5446078,6.263843
9585,269,2011,90,3430,8.9,13.5,1.24,7.4,5.1,0.5391059,8
9586,269,2011,91,5710,9.9,15,1.3,6.3,0,0.5337767,7.373433
9587,269,2011,92,16610,10.1,22.5,1.39,4.6,0,0.5456155,1.959266
9588,269,2011,93,5800,6.5,14.3,1.16,2.3,0.9,0.5401617,7.404383
9589,269,2011,94,13440,5.6,13.6,0.94,5.3,0,0.5348822,4.228586
9590,269,2011,95,4470,6.5,12.8,0.98,7.9,0.2,0.5297707,7.865119
9591,269,2011,96,11090,10.4,19.7,1.49,5.3,0,0.5248214,5.377399
9592,269,2011,97,12850,4,14.6,0.96,4.3,0,0.5200285,4.754076
9593,269,2011,98,19060,3.4,15.4,0.97,4,0,0.5153867,1.448367
9594,269,2011,99,19140,4.1,13.6,0.86,3.3,0,0.5108907,1.598164
9595,269,2011,100,19300,2.1,17,0.92,2.3,0,0.521868,1.59344
9596,269,2011,101,18780,4.8,21.3,1.1,3.5,2.9,0.5172753,1.922187
9597,269,2011,102,15970,6.4,11.2,0.85,7.3,0.3,0.5128295,3.664083
9598,269,2011,103,18680,1.7,12.5,0.72,4.3,0,0.5085257,2.419742
9599,269,2011,104,8850,2.8,12.6,0.81,1.5,0,0.5043589,6.737019
9600,269,2011,105,15930,1.4,16.2,0.77,1.5,0,0.5003246,3.962343
9601,269,2011,106,12980,3.1,16.4,0.83,1.7,0,0.4964183,5.291231
9602,269,2011,107,16680,7.1,17,1.07,2.4,0,0.5069366,3.636925
9603,269,2011,108,21450,4.5,19.4,0.87,3.4,0,0.5029512,1.359874
9604,269,2011,109,21490,5.3,23.8,0.91,2.5,0,0.4990948,1.425466
9605,269,2011,110,21640,6.4,24.1,0.97,3.1,0,0.4953631,1.41715
9606,269,2011,111,19450,7.6,24.8,0.99,2.6,0,0.4917521,2.649425
9607,269,2011,112,19330,9.3,26.1,1.09,3.5,0,0.4882578,2.748712
9608,269,2011,113,21780,9,26.3,1.11,3.5,0,0.4848763,1.578797
9609,269,2011,114,20840,9,25.7,1.13,2.6,0,0.4816042,2.152139
9610,269,2011,115,23390,7.5,23.7,0.96,3.8,0,0.4915944,1.014978
9611,269,2011,116,21220,7.7,21,1.03,5.4,0,0.4882636,2.187447
9612,269,2011,117,17760,8.3,15.6,1.09,5.4,1.1,0.4850432,3.837273
9613,269,2011,118,13300,9.1,19.4,1.28,3.2,0.8,0.4819296,5.594668
9614,269,2011,119,20170,10.6,22.6,1.23,6.4,0,0.4789195,2.835654
9615,269,2011,120,22960,8.5,21.1,0.76,7.7,0,0.4760096,1.831635
9616,269,2011,121,25820,5.8,19.1,0.65,7.4,0,0.4731969,0.5752801
9617,269,2011,122,24770,3.2,15,0.59,7.4,0,0.4704785,1.244305
9618,269,2011,123,26060,1,13.9,0.56,4.7,0,0.4678514,0.718864
9619,269,2011,124,21600,-0.2,13.3,0.71,3.4,0.1,0.4773439,2.783537
9620,269,2011,125,23550,-0.4,18.2,0.7,2.1,0,0.4746808,1.98151
9621,269,2011,126,22070,3.8,22.7,0.75,2.6,0,0.4721102,2.682913
9622,269,2011,127,22500,10,27.5,0.95,3.8,0,0.4696294,2.449722
9623,269,2011,128,22970,15,28.1,1.29,4.3,0,0.4672358,2.138767
9624,269,2011,129,9800,12,19.1,1.5,2.1,0,0.4649269,6.931955
9625,269,2011,130,16300,9.5,22.3,1.37,2.4,9.4,0.4627003,4.937333
9626,269,2011,131,25240,9.5,20.1,1.28,3.1,0.5,0.4605537,1.281529
9627,269,2011,132,20350,8.4,17.5,1.16,4.3,0,0.4584847,3.541571
9628,269,2011,133,20420,7,18,1.04,2.9,0,0.4676989,3.604451
9629,269,2011,134,18470,8.4,15.1,0.99,4.8,0,0.4656148,4.401575
9630,269,2011,135,21850,9.1,15.8,1.04,5.1,0.5,0.46361,3.119485
9631,269,2011,136,5160,10.3,15,1.29,5.7,7.1,0.4616822,8
9632,269,2011,137,7970,12.2,15,1.36,4.4,2.9,0.4598295,7.491966
9633,269,2011,138,8260,11.7,16.8,1.37,4.5,0,0.4580498,7.434122
9634,269,2011,139,14890,6.3,17.2,1.06,2,0.7,0.4563412,5.717326
9635,269,2011,140,22680,5,20.7,1.16,2.7,0,0.4547021,2.945231
9636,269,2011,141,25810,5.2,21.7,1.1,1.9,0,0.4531306,1.694882
9637,269,2011,142,15300,10.7,18.9,1.28,5.4,4.1,0.451625,5.604806
9638,269,2011,143,26470,8.5,21.5,1.13,6.3,0,0.4607171,1.481572
9639,269,2011,144,27260,6.3,15.8,0.82,6.1,0,0.4592205,1.363288
9640,269,2011,145,26930,5.4,21.6,0.88,2.6,0,0.4577919,1.512308
9641,269,2011,146,13170,11.3,19.3,1.08,7.2,4,0.4564298,6.324214
9642,269,2011,147,13270,7.6,14.4,1.06,5.7,12.7,0.4551327,6.312374
9643,269,2011,148,12490,8.1,16.3,1.14,6.5,0.4,0.453899,6.519106
9644,269,2011,149,12250,11.2,21.1,1.4,7,0,0.4527275,6.5562
9645,269,2011,150,24990,10.2,27.9,1.52,3.5,0.2,0.4516167,2.202041
9646,269,2011,151,12150,7.5,16,1.15,4,4,0.4505656,6.633699
9647,269,2011,152,29990,6.9,19.1,1.02,2.5,0,0.4495727,0.3318821
9648,269,2011,153,28620,5.4,21.1,1.05,3.1,0,0.4486372,0.9615316
9649,269,2011,154,27410,11.2,24.3,1.56,5.5,0,0.4477578,1.259508
9650,269,2011,155,27680,12.6,26.8,1.63,6.1,0,0.4469337,1.135157
9651,269,2011,156,11240,12.5,19.9,1.66,4.2,26.4,0.4461639,6.836947
9652,269,2011,157,12720,12.5,19.6,1.66,2.3,7.1,0.4454475,6.463547
9653,269,2011,158,16790,11.5,19.3,1.42,2.5,0.3,0.4447838,5.344234
9654,269,2011,159,17060,9.8,18.1,1.21,4.3,2.8,0.4441721,5.315465
9655,269,2011,160,19830,7.4,18.1,1.03,4.1,0,0.4533817,4.490116
9656,269,2011,161,17050,5.5,19.6,1.05,2.5,1.2,0.4528294,5.37115
9657,269,2011,162,17550,5.7,16.1,1.1,3.5,9.3,0.4523328,5.213599
9658,269,2011,163,25130,5.3,19.4,0.96,2.8,0,0.4518908,2.644791
9659,269,2011,164,9730,12.4,19.2,1.47,5,0.1,0.4515028,7.23875
9660,269,2011,165,27580,9.6,20,1.25,2.5,0,0.4511678,1.531177
9661,269,2011,166,14330,8.7,23.6,1.47,2,0,0.4508853,6.094927
9662,269,2011,167,7620,12.3,17.9,1.51,3.5,10.4,0.4506548,7.685276
9663,269,2011,168,16700,10.7,18.3,1.3,4.4,2.1,0.4504759,5.448284
9664,269,2011,169,14390,11.1,17.9,1.35,7.5,6.6,0.4503484,6.10191
9665,269,2011,170,12150,11.5,16.9,1.38,6.3,5.6,0.4502719,6.68343
9666,269,2011,171,18320,11,20.2,1.4,3,0.1,0.4502464,4.926605
9667,269,2011,172,13540,14,21,1.62,4.9,1.7,0.4502719,6.292272
9668,269,2011,173,8450,12.9,17,1.33,5,0.8,0.4503484,7.528981
9669,269,2011,174,17320,12.1,18.7,1.4,5.5,2.6,0.4504759,5.235099
9670,269,2011,175,21530,9.2,18,1.18,4.3,1.8,0.4506548,3.901072
9671,269,2011,176,5880,11.4,16.7,1.51,4.3,7.3,0.4508853,8
9672,269,2011,177,25890,15.9,24.8,1.96,3,1.1,0.4511678,1.930475
9673,269,2011,178,28880,15.1,31.3,1.82,3,0,0.4515028,0.6620351
9674,269,2011,179,20420,19.8,32.6,2.45,3.2,19.6,0.4518908,3.936193
9675,269,2011,180,13640,12.7,20.1,1.57,4.2,4.7,0.4523328,6.247838
9676,269,2011,181,25270,12.3,19.1,1.27,4,0,0.4528294,2.402329
9677,269,2011,182,19430,12.2,17.6,1.24,4.6,1.7,0.4533817,4.544323
9678,269,2011,183,16550,11.7,17.4,1.16,4.6,0,0.4441721,5.467161
9679,269,2011,184,21920,10.1,17.9,1.14,4.5,0,0.4447838,3.683834
9680,269,2011,185,23300,9.4,19,1.26,2.6,0,0.4454475,3.108892
9681,269,2011,186,28020,8,23.6,1.33,2.1,0,0.4461639,1.111711
9682,269,2011,187,16210,12.5,22.6,1.57,3.8,2.1,0.4469337,5.445518
9683,269,2011,188,18830,12.2,23,1.37,3.5,0,0.4477578,4.630301
9684,269,2011,189,20210,12.4,21.9,1.35,4.5,0.3,0.4486372,4.141483
9685,269,2011,190,15700,11.6,21.2,1.4,4.9,4.3,0.4495727,5.595837
9686,269,2011,191,17920,10.3,21,1.46,2.4,3.4,0.4505656,4.862716
9687,269,2011,192,25550,8.6,22.6,1.33,1.8,0,0.4516167,1.996007
9688,269,2011,193,16420,13.2,22.6,1.68,6.2,29.1,0.4527275,5.272782
9689,269,2011,194,3340,13,13.9,1.47,8,16.5,0.453899,8
9690,269,2011,195,4370,13.3,18,1.69,8.1,35.6,0.4551327,8
9691,269,2011,196,24540,13.4,21,1.53,4.7,1.7,0.4564298,2.197437
9692,269,2011,197,10180,13.1,21.2,1.66,4.8,15.3,0.4577919,7.002846
9693,269,2011,198,18570,13.5,20,1.55,6.8,2.3,0.4592205,4.465104
9694,269,2011,199,6620,13.6,16.6,1.53,6.8,7.8,0.4607171,7.802345
9695,269,2011,200,21040,12.3,20.8,1.43,3.3,0,0.451625,3.515994
9696,269,2011,201,16940,13.3,21.2,1.56,1.6,0,0.4531306,4.954502
9697,269,2011,202,21540,12.8,20.6,1.58,3.5,0,0.4547021,3.192643
9698,269,2011,203,13720,11.3,17.7,1.19,4.7,0.2,0.4563412,6.014509
9699,269,2011,204,14530,11.7,17.6,1.35,7.1,12,0.4580498,5.716944
9700,269,2011,205,5210,12,13.9,1.4,7.3,13,0.4598295,8
9701,269,2011,206,13110,9.1,20.6,1.4,2.5,0.4,0.4616822,6.102256
9702,269,2011,207,9770,13.1,17.4,1.54,2,1.5,0.46361,7.003062
9703,269,2011,208,17390,10.4,21.7,1.57,2,0,0.4656148,4.581906
9704,269,2011,209,19780,13,24.5,1.8,3,0,0.4676989,3.546056
9705,269,2011,210,8400,13.4,17.3,1.43,3.6,1.1,0.4584847,7.319579
9706,269,2011,211,6510,13.4,15.9,1.33,3.8,0,0.4605537,7.753468
9707,269,2011,212,10740,9.8,16.9,1.2,1.7,0,0.4627003,6.701926
9708,269,2011,213,24590,7.2,21.7,1.27,1.5,0,0.4649269,1.352119
9709,269,2011,214,22410,11.4,26.9,1.66,2.8,0,0.4672358,2.150759
9710,269,2011,215,7450,14.3,23.1,1.81,2.5,0,0.4696294,7.465442
9711,269,2011,216,18940,11.9,24.6,1.76,3.4,11.1,0.4721102,3.559658
9712,269,2011,217,17480,13.2,22.3,1.71,3.8,0,0.4746808,4.135239
9713,269,2011,218,13980,14.1,24.8,1.99,3.4,13.9,0.4773439,5.389796
9714,269,2011,219,20380,12.6,20.7,1.54,6.2,4,0.4678514,2.804892
9715,269,2011,220,14710,12.7,19.2,1.52,5.7,9.2,0.4704785,5.132071
9716,269,2011,221,17750,12.4,17.5,1.31,6.3,5.9,0.4731969,3.924718
9717,269,2011,222,11470,10.1,19,1.29,5.8,2.6,0.4760096,6.239083
9718,269,2011,223,8770,15,19.9,1.77,6.8,4,0.4789195,6.988539
9719,269,2011,224,7640,12.9,19.4,1.65,2.5,0.2,0.4819296,7.298874
9720,269,2011,225,6240,11.9,19.6,1.66,2.7,2,0.4850432,7.650319
9721,269,2011,226,12310,11.4,21.9,1.63,3.3,4.4,0.4882636,5.763925
9722,269,2011,227,22950,10,20.7,1.38,2.9,0,0.4915944,0.8757302
9723,269,2011,228,12630,12.7,21,1.48,3.1,0.6,0.4816042,5.592709
9724,269,2011,229,16350,11.6,20.9,1.52,2.9,0,0.4848763,3.984918
9725,269,2011,230,8880,12.6,19,1.62,3.5,3.3,0.4882578,6.810595
9726,269,2011,231,18000,9,19.2,1.29,4.2,0.3,0.4917521,3.133193
9727,269,2011,232,16640,8.7,22.9,1.44,2.6,0,0.4953631,3.662834
9728,269,2011,233,12130,12.3,27.1,1.91,3.5,3.5,0.4990948,5.490102
9729,269,2011,234,15420,12.1,22.6,1.78,2.2,1.1,0.5029512,4.001982
9730,269,2011,235,7320,14.9,23,2.02,3.1,6.5,0.5069366,7.14764
9731,269,2011,236,5270,13.4,20.4,1.77,2.7,0.7,0.4964183,7.746462
9732,269,2011,237,15470,12.6,24.2,1.74,2.7,0.1,0.5003246,3.758709
9733,269,2011,238,5920,13.7,21.9,1.79,4.3,0.9,0.5043589,7.528761
9734,269,2011,239,12490,11,19.9,1.53,5,1.7,0.5085257,5.090042
9735,269,2011,240,6570,10.8,16.5,1.42,5.4,13,0.5128295,7.317688
9736,269,2011,241,7110,9.5,15.2,1.19,4.9,4.8,0.5172753,7.143068
9737,269,2011,242,12640,8.8,18.1,1.28,2.5,0.9,0.521868,4.892719
9738,269,2011,243,10740,7.8,17.1,1.24,2.7,0.5,0.5108907,5.694007
9739,269,2011,244,15080,6,18.2,1.17,1.7,0,0.5153867,3.537825
9740,269,2011,245,17460,6.9,24.7,1.45,2.4,0,0.5200285,1.917567
9741,269,2011,246,16980,11.3,27.4,1.77,2.5,0,0.5248214,1.956854
9742,269,2011,247,7270,15.8,22.3,1.98,2.9,4.5,0.5297707,6.830007
9743,269,2011,248,12750,12.1,18.3,1.43,7.2,4.2,0.5348822,4.347417
9744,269,2011,249,4720,13.4,16.9,1.52,9.3,19.7,0.5401617,7.705968
9745,269,2011,250,9840,11.7,17.2,1.35,6.9,8.7,0.5456155,5.685277
9746,269,2011,251,5540,12.1,16.5,1.48,5,4.2,0.5337767,7.392544
9747,269,2011,252,6260,13.9,20.4,1.84,3.6,0.1,0.5391059,7.067652
9748,269,2011,253,11210,16.1,25.7,2.18,3.3,9.6,0.5446078,4.592884
9749,269,2011,254,9810,14.3,20.5,1.73,5.1,0,0.5502887,5.370173
9750,269,2011,255,5290,13.9,20.5,1.67,9.2,0.3,0.5561551,7.363143
9751,269,2011,256,12190,11.2,18.2,1.29,7.2,0.5,0.5622141,3.96025
9752,269,2011,257,8380,10.1,16.7,1.25,5.2,0,0.5684729,5.994223
9753,269,2011,258,15390,7.5,17.7,1.18,2.7,0,0.5558914,1.562218
9754,269,2011,259,13280,5.4,18.4,1.14,3.3,0,0.5619997,2.956794
9755,269,2011,260,4940,12.2,18,1.51,5.3,2.9,0.5683055,7.37024
9756,269,2011,261,6940,7.8,14.7,1.21,3.3,11.3,0.5748159,6.484846
9757,269,2011,262,12340,6.8,17.5,1.22,3.8,0,0.5815388,3.180276
9758,269,2011,263,5880,11.2,18.7,1.46,5.7,0,0.5884819,6.861951
9759,269,2011,264,4630,12.7,18.1,1.45,5.9,0,0.5956537,7.38352
9760,269,2011,265,12950,8.3,17.2,1.18,4.5,0.1,0.5821833,2.299455
9761,269,2011,266,10910,8,18.8,1.34,2.3,0,0.5891726,3.649172
9762,269,2011,267,12840,7.8,20.5,1.36,1.6,0,0.5963868,1.965894
9763,269,2011,268,13040,7,21.8,1.35,2.3,0,0.6038343,1.615858
9764,269,2011,269,10830,12.5,22.7,1.77,3.2,0,0.6115237,3.15294
9765,269,2011,270,8840,10.6,20.8,1.62,1.3,0.1,0.6194641,4.602479
9766,269,2011,271,14120,9,23.1,1.55,1.7,0,0.6276647,0
9767,269,2011,272,13610,10.6,25.9,1.76,2,0,0.6361355,0
9768,269,2011,273,13780,10,25.3,1.64,1.5,0,0.6211191,0
9769,269,2011,274,12680,9.1,25.2,1.64,0.8,0,0.6293505,0.5571254
9770,269,2011,275,12330,9.1,24.7,1.64,1.4,0,0.6378454,0.6937418
9771,269,2011,276,6860,13.1,23,1.59,4.6,0,0.6466133,5.456168
9772,269,2011,277,6620,14,19.7,1.65,4.7,0.1,0.6556639,5.531456
9773,269,2011,278,3960,14,18.3,1.54,7.2,0.1,0.6650076,7.208346
9774,269,2011,279,6590,8.2,17.2,1.16,8.1,10.9,0.674655,5.48094
9775,269,2011,280,6500,8.2,14,1.08,5.8,14.7,0.6583203,5.478973
9776,269,2011,281,8740,7.8,13,1.01,4.2,4.4,0.6676702,3.466342
9777,269,2011,282,4060,5.2,16.4,1.22,5.1,5.2,0.677313,7.006951
9778,269,2011,283,3830,15.9,17.7,1.65,8.9,0.3,0.6872585,7.057924
9779,269,2011,284,1130,11.6,17,1.45,7.5,5.7,0.6975169,8
9780,269,2011,285,2350,9.5,12.3,1.23,1.3,15.7,0.7080988,7.883979
9781,269,2011,286,10260,4.9,14.6,1,1.6,0,0.7190148,0.8014769
9782,269,2011,287,11040,3.7,14.5,0.95,2.6,0,0.7011604,0
9783,269,2011,288,11160,1,13.5,0.82,2.8,0,0.7117022,0
9784,269,2011,289,10940,3.5,14,0.9,2.3,0,0.7225609,0
9785,269,2011,290,6140,4.6,15.5,1.1,5,0,0.7337458,4.712756
9786,269,2011,291,5780,6.3,13.3,0.99,7.1,6.5,0.7452664,4.988125
9787,269,2011,292,3300,3,10.6,0.87,4.1,3.7,0.7571323,7.078997
9788,269,2011,293,6140,2,10.3,0.85,3.4,2.6,0.7693533,4.409819
9789,269,2011,294,7610,2.2,12.1,0.85,3.8,0,0.7819394,2.473446
9790,269,2011,295,9450,2.5,11,0.75,3.2,0,0.7615323,0
9791,269,2011,296,9250,4.1,14.9,0.91,4,0,0.7736058,0
9792,269,2011,297,9150,3.8,12.4,0.78,5.7,0,0.7860145,0
9793,269,2011,298,2020,8.7,11.6,0.97,5,0.6,0.7987658,7.753595
9794,269,2011,299,4870,8.3,13.2,1.07,4.2,0,0.8118664,4.998549
9795,269,2011,300,5720,6.5,15.8,1.09,3.8,0,0.8253233,3.773179
9796,269,2011,301,2670,8.7,14.1,1.24,2.2,0,0.8391428,7.092228
9797,269,2011,302,3230,7.1,16.9,1.32,2.5,0.4,0.853331,6.480279
9798,269,2011,303,1750,11.7,14,1.38,4.9,0,0.829911,7.7781
9799,269,2011,304,4770,10.7,16.5,1.36,3.2,0,0.843395,4.380305
9800,269,2011,305,6760,9.8,16.8,1.38,3.3,3.4,0.8571998,0.8875842
9801,269,2011,306,3720,10.3,14.5,1.34,3.3,0.4,0.8713273,5.566247
9802,269,2011,307,2220,10.9,16.2,1.29,3.5,0,0.8857786,7.218356
9803,269,2011,308,6080,12.4,18,1.3,4.4,0.1,0.9005538,1.461794
9804,269,2011,309,4190,6.7,16.5,1.22,1.9,0,0.9156522,4.585147
9805,269,2011,310,1520,6.5,12,1.07,3.8,0,0.9310723,7.789995
9806,269,2011,311,610,8.6,10.5,1.07,5.8,0,0.9468111,8
9807,269,2011,312,3430,5.9,9.9,0.99,3.7,0,0.9187459,5.432828
9808,269,2011,313,5160,4,11.2,1,2.6,0,0.933463,2.28039
9809,269,2011,314,1820,3.3,7.1,0.87,3.9,0,0.948423,7.37405
9810,269,2011,315,2050,3,9.9,0.81,5,0,0.963617,7.077333
9811,269,2011,316,5150,1.3,11.1,0.83,2.3,0,0.9790346,1.749645
9812,269,2011,317,5800,-0.2,8.1,0.77,3,0,0.994664,0.03676453
9813,269,2011,318,4720,-1.2,5.7,0.71,3.1,0,1.010491,2.345396
9814,269,2011,319,1950,-0.4,2.8,0.66,4.7,0,1.026502,7.029594
9815,269,2011,320,5350,-2.2,5.6,0.63,3.5,0,1.042677,0.4727793
9816,269,2011,321,1250,-1.6,5.8,0.7,2.3,0,1.058999,7.783566
9817,269,2011,322,4800,0.9,12.4,0.94,2.3,0,1.024323,1.112433
9818,269,2011,323,4210,-1,9.7,0.82,1.7,0,1.039163,2.449108
9819,269,2011,324,1830,-1.3,2.6,0.64,0.8,0,1.054044,6.952179
9820,269,2011,325,1600,-0.5,2.5,0.66,1.5,0,1.06894,7.227289
9821,269,2011,326,2720,-0.9,3.8,0.67,1.3,0,1.083824,5.330352
9822,269,2011,327,1460,1.9,10,0.92,2.1,1,1.098668,7.313164
9823,269,2011,328,3360,6.1,10.4,1.07,5.4,0,1.113442,3.564986
9824,269,2011,329,1140,6.6,10.3,1.03,6.7,0.4,1.128114,7.681954
9825,269,2011,330,2990,3.8,10.6,0.91,7.4,0,1.142652,4.267043
9826,269,2011,331,1930,5.9,13,0.99,9,1.6,1.157019,6.365186
9827,269,2011,332,4180,1,8.6,0.79,3.6,0,1.17118,0.8342555
9828,269,2011,333,2620,4.1,10,0.93,7.2,0.9,1.185096,4.819903
9829,269,2011,334,3970,3.9,10,0.87,5.6,0,1.198729,1.058062
9830,269,2011,335,1040,5.2,11.7,1.05,5.8,14.1,1.152804,7.684421
9831,269,2011,336,2990,3.9,8.9,0.88,4.6,6.3,1.164385,3.639047
9832,269,2011,337,1090,4.1,10.1,0.88,8,5.3,1.175584,7.585747
9833,269,2011,338,1260,4.8,8.6,0.81,5.8,3,1.186362,7.302613
9834,269,2011,339,2170,3.4,6.6,0.68,6.6,1.7,1.196684,5.522631
9835,269,2011,340,1800,1.8,6.6,0.71,5.7,3.5,1.206514,6.264469
9836,269,2011,341,1990,3.6,7.8,0.74,9.7,5.8,1.215816,5.814239
9837,269,2011,342,800,2.2,10.3,0.81,10,7.6,1.224556,7.948854
9838,269,2011,343,2090,1.6,8.3,0.67,7.8,0.9,1.232701,5.529195
9839,269,2011,344,3740,0.7,6.2,0.7,4.8,3.2,1.240217,0.6103715
9840,269,2011,345,1960,1.2,5.8,0.69,5.2,0,1.247076,5.754827
9841,269,2011,346,2750,4.6,7.7,0.84,6.1,1.6,1.253249,3.58795
9842,269,2011,347,1290,4.6,10.2,0.88,10.6,13.5,1.258711,7.073416
9843,269,2011,348,1780,2.9,6.1,0.76,7.6,8.2,1.263437,6.074093
9844,269,2011,349,890,3.5,6.2,0.79,7.8,4.7,1.267408,7.760605
9845,269,2011,350,980,2.9,4.8,0.76,5.5,10.4,1.270606,7.613338
9846,269,2011,351,1870,1.8,6.3,0.72,4.3,1.4,1.273017,5.841565
9847,269,2011,352,2200,-0.7,5.8,0.68,3.8,5.8,1.274631,5.038467
9848,269,2011,353,3060,-1.6,4.1,0.62,5.2,1.9,1.275439,2.578208
9849,269,2011,354,1660,0.4,7.3,0.71,5.7,2.9,1.275439,6.30923
9850,269,2011,355,510,3.4,6.3,0.83,2.6,1.9,1.274631,8
9851,269,2011,356,600,5.9,9.7,1.04,4.6,1.9,1.273017,8
9852,269,2011,357,480,6,9.9,1.01,6.5,3.8,1.270606,8
9853,269,2011,358,2970,4,7.4,0.78,6.4,3.4,1.267408,2.838665
9854,269,2011,359,1260,6.5,10.6,0.98,7.1,0,1.263437,7.107488
9855,269,2011,360,1860,9.9,12.6,1.19,6.4,0,1.258711,5.81069
9856,269,2011,361,840,7.5,10.2,0.95,4.9,0,1.253249,7.845974
9857,269,2011,362,690,5.8,7.6,0.83,7.8,0.6,1.247076,8
9858,269,2011,363,950,4.7,7.4,0.73,8.6,3.5,1.240217,7.714025
9859,269,2011,364,3160,2.7,7.1,0.73,5.6,1,1.232701,2.620238
9860,269,2011,365,550,3.4,10.3,0.94,4.6,6.1,1.224556,8
9861,269,2012,1,940,9.6,12.7,1.25,7.1,17.8,1.215816,7.722896
9862,269,2012,2,1840,3.9,9.9,0.87,5.7,1.8,1.206514,6.154548
9863,269,2012,3,410,3.9,10.4,0.84,11.7,15.5,1.196684,8
9864,269,2012,4,2060,5.2,8.2,0.8,9.5,6.4,1.186362,5.793637
9865,269,2012,5,1650,2.3,9.7,0.72,11.4,8.7,1.175584,6.674762
9866,269,2012,6,2360,3.8,7.9,0.75,6.7,0.8,1.164385,5.267031
9867,269,2012,7,1090,4.6,9,0.84,7.8,2.3,1.152804,7.636606
9868,269,2012,8,1650,5.2,7.9,0.83,5.3,0.2,1.198729,6.769373
9869,269,2012,9,1180,5.6,8.9,0.93,4.6,0.4,1.185096,7.542648
9870,269,2012,10,2490,1.6,8.4,0.81,3.3,0,1.17118,5.258596
9871,269,2012,11,670,7,8.8,1,4.9,0.7,1.157019,8
9872,269,2012,12,940,5.1,9.7,0.88,8.2,4.2,1.142652,7.935838
9873,269,2012,13,3430,4,6.7,0.7,5.2,1,1.128114,3.489386
9874,269,2012,14,3250,-0.1,6.4,0.64,2.7,0,1.113442,4.071378
9875,269,2012,15,3890,-2.3,6.5,0.63,1.3,0,1.098668,2.710478
9876,269,2012,16,5710,-3.9,3.1,0.53,1.5,0,1.083824,0
9877,269,2012,17,4550,-4.6,4,0.51,2.2,0,1.06894,1.519981
9878,269,2012,18,1370,-3,5.9,0.61,6.2,2.4,1.054044,7.57818
9879,269,2012,19,1390,3,7.2,0.79,5.2,11.1,1.039163,7.563981
9880,269,2012,20,1550,0.4,5.5,0.63,5.6,7,1.024323,7.422147
9881,269,2012,21,1890,1.6,9.7,0.78,8.4,7.8,1.058999,7.006026
9882,269,2012,22,1010,5,8.7,0.8,8.9,2.8,1.042677,8
9883,269,2012,23,2940,2.9,7.3,0.76,4.8,1.8,1.026502,5.597838
9884,269,2012,24,2490,-0.2,5.6,0.68,2.4,0.4,1.010491,6.380528
9885,269,2012,25,2230,0.6,4.9,0.68,3.3,0,0.994664,6.792509
9886,269,2012,26,920,3.4,5.1,0.77,4.8,4.9,0.9790346,8
9887,269,2012,27,5230,0.5,7.7,0.74,4.3,0,0.963617,1.952747
9888,269,2012,28,4190,0.5,6.3,0.72,2.4,0.7,0.948423,4.123301
9889,269,2012,29,1190,-2.4,0.9,0.49,4,0,0.933463,8
9890,269,2012,30,760,-3.5,-1.6,0.41,4.1,0,0.9187459,8
9891,269,2012,31,6080,-6.9,-2.1,0.31,6.9,0,0.9468111,1.593318
9892,269,2012,32,6900,-7.5,-1.7,0.24,7.4,0,0.9310723,0.3606869
9893,269,2012,33,7140,-9.6,-4,0.22,5.3,0,0.9156522,0.2112471
9894,269,2012,34,2550,-20.9,-5.8,0.19,2.2,7.2,0.9005538,7.051018
9895,269,2012,35,7690,-22.9,-9,0.16,1.2,0,0.8857786,0
9896,269,2012,36,7760,-11.5,-4.5,0.22,2.3,0,0.8713273,0
9897,269,2012,37,7770,-16.6,-5.7,0.19,2.2,0,0.8571998,0.273366
9898,269,2012,38,8160,-19.9,-3.9,0.18,4.7,0,0.843395,0
9899,269,2012,39,4570,-12.1,-1.8,0.29,5.8,0,0.829911,5.248555
9900,269,2012,40,3160,-12.6,0.3,0.34,3.2,0,0.853331,6.775389
9901,269,2012,41,9910,-13.6,-3.3,0.23,3.6,0,0.8391428,0
9902,269,2012,42,8260,-16.9,-3.6,0.22,2.5,0,0.8253233,0.8163058
9903,269,2012,43,3310,-11.6,-0.2,0.35,2.8,1,0.8118664,6.821235
9904,269,2012,44,3590,-0.2,3.7,0.66,2.7,1.6,0.7987658,6.565025
9905,269,2012,45,4130,2.3,5.4,0.73,5.5,2.1,0.7860145,6.126567
9906,269,2012,46,4130,2.9,6.1,0.72,6.5,1.9,0.7736058,6.21007
9907,269,2012,47,3370,1.5,6.6,0.78,4,0.1,0.7615323,6.911996
9908,269,2012,48,6010,2.8,8.2,0.83,4.3,1.4,0.7819394,4.496907
9909,269,2012,49,2280,3.1,9,0.85,7.6,4.6,0.7693533,7.754267
9910,269,2012,50,8200,-0.1,5.3,0.6,4.9,0.3,0.7571323,2.409545
9911,269,2012,51,8980,-3.8,6.1,0.51,4.9,0,0.7452664,1.729751
9912,269,2012,52,4220,2.2,9.2,0.77,6.4,0,0.7337458,6.552886
9913,269,2012,53,6110,5,9,0.81,8.8,1.8,0.7225609,5.027002
9914,269,2012,54,5510,6.3,13.3,1.1,6.3,1.2,0.7117022,5.585752
9915,269,2012,55,2410,2.8,10.5,0.9,5.4,0.3,0.7011604,7.839458
9916,269,2012,56,9540,2.3,8.3,0.78,4.1,0,0.7190148,1.955483
9917,269,2012,57,4990,2.4,8.3,0.8,2.8,0.1,0.7080988,6.312399
9918,269,2012,58,2750,1.7,8.2,0.81,4.5,0,0.6975169,7.746583
9919,269,2012,59,1420,7.2,9.7,1.06,4.4,0.3,0.6872585,8
9920,269,2012,60,2180,6.8,9.6,1.06,2.9,0.1,0.677313,8
9921,269,2012,61,2910,6.8,10.7,1.08,1.7,0,0.6676702,7.726048
9922,269,2012,62,6750,4.2,10.3,0.96,3.1,0,0.6583203,5.382061
9923,269,2012,63,2790,5.9,11.6,0.99,3.1,0.1,0.674655,7.841294
9924,269,2012,64,5660,2.8,11.5,0.91,3.3,1.7,0.6650076,6.310765
9925,269,2012,65,2710,4.8,8.3,0.78,4.5,2,0.6556639,7.936401
9926,269,2012,66,7220,1.6,9.2,0.65,3,0,0.6466133,5.503915
9927,269,2012,67,2000,1.6,6.3,0.71,6.2,9,0.6378454,8
9928,269,2012,68,10660,0.5,8.8,0.7,4.5,0,0.6293505,3.113122
9929,269,2012,69,6790,3,10.8,0.83,5.3,0,0.6211191,5.968486
9930,269,2012,70,4260,7.6,11,1.04,4,1.6,0.6361355,7.353096
9931,269,2012,71,13180,4.5,12.2,0.95,3.7,0,0.6276647,1.284088
9932,269,2012,72,8040,1.7,11.6,0.89,2,0,0.6194641,5.410134
9933,269,2012,73,3320,6.6,8.6,0.87,2,0,0.6115237,7.851022
9934,269,2012,74,2760,1.8,7.3,0.66,1.3,0,0.6038343,8
9935,269,2012,75,14490,-0.7,15.6,0.82,2.1,0,0.5963868,1.025515
9936,269,2012,76,6630,3.3,10.6,0.87,3.1,0,0.5891726,6.482307
9937,269,2012,77,8370,3.8,12.4,0.85,3.8,0,0.5821833,5.620852
9938,269,2012,78,3020,3.4,9.3,0.84,4.3,0.8,0.5956537,8
9939,269,2012,79,15740,-2.2,11,0.69,3.5,0,0.5884819,0.8697527
9940,269,2012,80,13720,1.6,13,0.81,4.2,0,0.5815388,2.510172
9941,269,2012,81,15620,5.2,14.9,0.96,2.4,0,0.5748159,1.147797
9942,269,2012,82,16150,3.8,17.6,1.06,4.3,0,0.5683055,0.850765
9943,269,2012,83,16440,3.9,17.9,1.03,3.5,0,0.5619997,0.8314134
9944,269,2012,84,15570,4.3,15.9,1.03,2.8,0,0.5558914,1.661742
9945,269,2012,85,16100,3.5,14.3,0.96,3,0,0.5684729,1.479591
9946,269,2012,86,17210,2.3,15.1,0.84,2.7,0,0.5622141,0.9168962
9947,269,2012,87,15400,1.9,16.2,0.92,2.2,0,0.5561551,2.297395
9948,269,2012,88,18140,1,16.9,0.86,3,0,0.5502887,0.574947
9949,269,2012,89,7910,5,11.1,0.89,5.6,0,0.5446078,6.521987
9950,269,2012,90,5660,7.5,10.5,0.95,6,0,0.5391059,7.398157
9951,269,2012,91,10170,-0.4,9.1,0.6,5.9,0.3,0.5337767,5.7167
9952,269,2012,92,14050,-1.6,9.4,0.59,4.7,0,0.5456155,3.874863
9953,269,2012,93,10870,1.5,12.4,0.76,2.5,0,0.5401617,5.471805
9954,269,2012,94,10560,0.4,13.5,0.75,2.1,0,0.5348822,5.672732
9955,269,2012,95,3720,4.9,8.3,0.86,5.4,1.4,0.5297707,8
9956,269,2012,96,11650,3.7,8.2,0.69,5,0,0.5248214,5.328173
9957,269,2012,97,15710,0.9,9.8,0.61,3.6,1.7,0.5200285,3.461671
9958,269,2012,98,12440,1.4,7.2,0.56,4,2.6,0.5153867,5.148321
9959,269,2012,99,13950,-0.4,10,0.59,3.8,0.7,0.5108907,4.517053
9960,269,2012,100,4280,6.6,10.3,1.01,7.1,7.5,0.521868,7.982696
9961,269,2012,101,7100,7,11.5,1,6,2.7,0.5172753,7.195042
9962,269,2012,102,15210,4,12.9,0.9,4.2,0,0.5128295,4.016858
9963,269,2012,103,16700,3.8,12.4,0.86,2,0,0.5085257,3.380555
9964,269,2012,104,10980,2.2,11.6,0.82,2,0.3,0.5043589,5.980087
9965,269,2012,105,19430,2.7,11.4,0.75,3.1,0,0.5003246,2.211654
9966,269,2012,106,11690,4.4,9.6,0.67,6,0,0.4964183,5.838205
9967,269,2012,107,18290,-0.5,8.8,0.53,3.8,0.6,0.5069366,3.122273
9968,269,2012,108,10540,-1.9,10.1,0.61,6.3,1.1,0.5029512,6.339294
9969,269,2012,109,13520,4.5,12.5,0.88,5.8,4.3,0.4990948,5.214315
9970,269,2012,110,12220,5.8,13.9,0.89,4.8,0.4,0.4953631,5.755534
9971,269,2012,111,12140,4.5,12.9,0.88,4.2,0,0.4917521,5.827956
9972,269,2012,112,13590,4.2,11.2,0.87,4,4.8,0.4882578,5.335802
9973,269,2012,113,9600,5,13,0.93,4.8,3.7,0.4848763,6.731331
9974,269,2012,114,13300,5.2,14,0.88,4.3,2.9,0.4816042,5.529375
9975,269,2012,115,12770,6,12.5,0.95,2.8,1,0.4915944,5.742168
9976,269,2012,116,12710,5.4,14.7,0.96,6.3,0.6,0.4882636,5.797924
9977,269,2012,117,12450,9.2,14.6,1.06,8,6.2,0.4850432,5.901435
9978,269,2012,118,14230,9.1,16.8,1.13,5.7,0,0.4819296,5.290166
9979,269,2012,119,3570,8.3,11.2,1.09,7,5.8,0.4789195,8
9980,269,2012,120,8300,7.7,17.4,1.24,3.7,0,0.4760096,7.211905
9981,269,2012,121,20820,4.2,22.2,1.09,4.1,0,0.4731969,2.739215
9982,269,2012,122,10860,11.8,18.7,1.39,3.8,1,0.4704785,6.503844
9983,269,2012,123,19660,9.3,20.7,1.36,3.3,0,0.4678514,3.282261
9984,269,2012,124,5380,10.7,14.9,1.27,3.2,0.6,0.4773439,7.953926
9985,269,2012,125,3640,6.1,11.8,0.97,4.2,0,0.4746808,8
9986,269,2012,126,10040,6.2,11.4,0.83,5.1,0,0.4721102,6.898907
9987,269,2012,127,16720,2.6,12.4,0.72,4.4,0,0.4696294,4.865934
9988,269,2012,128,18930,2.3,14.6,0.72,2.3,0,0.4672358,4.090917
9989,269,2012,129,7460,9.6,17,1.21,3.6,10.2,0.4649269,7.543037
9990,269,2012,130,11910,12.7,18.6,1.55,3.6,17,0.4627003,6.345443
9991,269,2012,131,7640,15.2,21.2,1.8,6.8,4.2,0.4605537,7.481029
9992,269,2012,132,13200,8.3,17.1,1.13,6.9,0,0.4584847,6.067527
9993,269,2012,133,18920,3.5,12.4,0.72,4.5,0,0.4676989,4.300419
9994,269,2012,134,19150,1.2,14.3,0.72,2.5,0,0.4656148,4.253432
9995,269,2012,135,22420,5.2,16.5,0.86,5,0,0.46361,2.969346
9996,269,2012,136,11940,7.6,12.1,0.96,4.8,8,0.4616822,6.53524
9997,269,2012,137,23250,2.2,11.7,0.68,6.2,1.9,0.4598295,2.818778
9998,269,2012,138,18570,1.4,15.7,0.72,3,0,0.4580498,4.591214
9999,269,2012,139,12750,8.8,18.7,1.07,4.1,1.6,0.4563412,6.341712
10000,269,2012,140,20620,11.3,20.3,1.35,3.3,0,0.4547021,3.688608
10001,269,2012,141,17640,10.9,22.4,1.54,2.9,0.4,0.4531306,4.756725
10002,269,2012,142,21130,12.6,25.6,1.7,3.2,0,0.451625,3.449221
10003,269,2012,143,25310,14.6,28.1,1.8,3.1,0,0.4607171,1.692439
10004,269,2012,144,24600,16.8,27.9,2,3,0,0.4592205,1.976837
10005,269,2012,145,26770,16.3,27.1,1.66,4.5,0,0.4577919,1.179309
10006,269,2012,146,28180,12,25.5,1.17,5.9,0,0.4564298,0.8275474
10007,269,2012,147,28860,11.9,25.6,1.19,4.9,0,0.4551327,0.5480982
10008,269,2012,148,27920,11.1,25.2,1.38,3.1,0,0.453899,0.9166208
10009,269,2012,149,28640,13.1,22.2,1.58,3.3,0,0.4527275,0.5233089
10010,269,2012,150,19470,8.8,18,1.18,3.3,0,0.4516167,4.423281
10011,269,2012,151,21810,7.1,20.6,1.2,1.9,0,0.4505656,3.602303
10012,269,2012,152,6540,11.2,18,1.46,4.4,4.1,0.4495727,7.867828
10013,269,2012,153,13950,8.2,15.5,0.97,4,0,0.4486372,6.207323
10014,269,2012,154,25780,7.4,15.4,0.86,3.3,0,0.4477578,2.29168
10015,269,2012,155,4440,8.5,9.9,1.01,2.5,7.7,0.4469337,8
10016,269,2012,156,6820,8.3,11.6,1.02,2.9,7,0.4461639,7.850421
10017,269,2012,157,17170,7.7,15.5,0.85,2.9,0,0.4454475,5.354316
10018,269,2012,158,9680,9.7,18.3,1.31,3.8,6.7,0.4447838,7.246958
10019,269,2012,159,13760,12.6,19.9,1.48,3.5,0.8,0.4441721,6.220301
10020,269,2012,160,19940,11.4,19.7,1.22,7.7,2.1,0.4533817,4.395463
10021,269,2012,161,9180,10.6,16.1,1.16,8.1,0.1,0.4528294,7.37904
10022,269,2012,162,24500,9.3,18.9,1.19,3.8,0,0.4523328,2.774183
10023,269,2012,163,13080,11.7,21,1.53,3.3,4.7,0.4518908,6.414398
10024,269,2012,164,13490,11,16.6,1.28,4.3,0,0.4515028,6.34482
10025,269,2012,165,17700,6.2,15.7,0.92,3.2,0,0.4511678,5.230289
10026,269,2012,166,20990,4.5,16.9,0.91,2.1,0,0.4508853,4.184602
10027,269,2012,167,6440,8.8,18.4,1.34,4.3,8.1,0.4506548,7.920153
10028,269,2012,168,21480,12.2,20.9,1.36,5.9,1.3,0.4504759,3.870405
10029,269,2012,169,19750,9.8,21.1,1.21,6,0,0.4503484,4.510275
10030,269,2012,170,12000,9.7,18,1.33,3.5,9.7,0.4502719,6.726697
10031,269,2012,171,22470,8.2,20,1.21,2.2,0,0.4502464,3.568025
10032,269,2012,172,20830,10.6,21.5,1.42,4.1,0,0.4502719,4.081749
10033,269,2012,173,12260,13.5,21.3,1.67,3.8,16.2,0.4503484,6.619969
10034,269,2012,174,19310,11.7,18.1,1.25,7.8,8.7,0.4504759,4.63812
10035,269,2012,175,19110,11.8,19.4,1.24,6.4,0,0.4506548,4.702332
10036,269,2012,176,7580,11.3,16.2,1.34,6.1,14.6,0.4508853,7.700851
10037,269,2012,177,13260,11.8,16.4,1.29,5.8,0,0.4511678,6.401674
10038,269,2012,178,27030,9.2,19.8,1.26,2.8,0,0.4515028,1.729316
10039,269,2012,179,11140,14.3,21.9,1.77,3.5,0.3,0.4518908,6.874914
10040,269,2012,180,19030,13,27.5,1.83,3.2,0.1,0.4523328,4.552955
10041,269,2012,181,17170,15.1,22.8,1.53,3.7,0,0.4528294,5.215558
10042,269,2012,182,23140,14.4,24.3,1.59,4.5,2.7,0.4533817,3.103468
10043,269,2012,183,18080,9.8,19.1,1.22,5.6,0,0.4441721,4.979556
10044,269,2012,184,22860,10.3,21.3,1.17,2.9,0,0.4447838,3.327073
10045,269,2012,185,17700,14.4,23.6,1.58,2.5,0,0.4454475,4.996049
10046,269,2012,186,22480,16.3,26.9,1.73,2.8,0,0.4461639,3.245012
10047,269,2012,187,19360,16.1,27.1,2.06,2.7,5.2,0.4469337,4.299912
10048,269,2012,188,16120,15.9,22.3,1.7,4.1,0,0.4477578,5.437436
10049,269,2012,189,23100,13.2,24,1.41,2.9,0.8,0.4486372,3.045807
10050,269,2012,190,8010,14.9,19.2,1.67,3.5,23.3,0.4495727,7.551808
10051,269,2012,191,13550,13.2,20.5,1.61,5.8,0,0.4505656,6.177884
10052,269,2012,192,12720,13.3,20.1,1.56,4.4,1.6,0.4516167,6.403666
10053,269,2012,193,17270,12.1,19.1,1.44,5.7,4.9,0.4527275,5.046132
10054,269,2012,194,16480,10.4,17.6,1.3,4.4,10.8,0.453899,5.313871
10055,269,2012,195,11900,11.8,20.8,1.61,4.3,6.4,0.4551327,6.585662
10056,269,2012,196,8420,12,18.1,1.47,3.6,8,0.4564298,7.441241
10057,269,2012,197,18560,9.2,18.2,1.19,3.5,0,0.4577919,4.590447
10058,269,2012,198,12410,11.8,19.4,1.54,5.6,20.2,0.4592205,6.418229
10059,269,2012,199,13500,14.7,19.1,1.68,4.3,2,0.4607171,6.071876
10060,269,2012,200,10310,14.9,19.1,1.67,7,9.3,0.451625,6.937699
10061,269,2012,201,17670,12.4,18.3,1.43,6,14.6,0.4531306,4.732043
10062,269,2012,202,22390,7.9,18.1,1.12,3.2,0,0.4547021,3.017339
10063,269,2012,203,15800,7.6,17.4,1.09,2.4,0,0.4563412,5.391016
10064,269,2012,204,25090,7.2,21.4,1.19,1.5,0,0.4580498,1.73725
10065,269,2012,205,26420,11.6,25.4,1.34,2.8,0,0.4598295,0.9869212
10066,269,2012,206,26880,11.7,28.1,1.56,1.9,0,0.4616822,0.5862271
10067,269,2012,207,26060,13.9,27.3,1.75,2.5,0,0.46361,0.8323569
10068,269,2012,208,25340,13.3,26.4,1.76,3.8,0,0.4656148,1.112777
10069,269,2012,209,19110,13.4,27.4,1.89,2.6,6.4,0.4676989,3.795551
10070,269,2012,210,14570,15.8,21.4,1.76,2.1,2,0.4584847,5.478354
10071,269,2012,211,19340,11.7,20,1.39,3.3,9.1,0.4605537,3.756172
10072,269,2012,212,20070,11.1,18.8,1.31,5,3.5,0.4627003,3.435033
10073,269,2012,213,7890,9.8,17.8,1.34,3.5,1.8,0.4649269,7.415203
10074,269,2012,214,22890,12.6,27,1.73,3,18,0.4672358,1.895147
10075,269,2012,215,14230,13,21.4,1.65,3.8,1.2,0.4696294,5.462413
10076,269,2012,216,21710,12.9,21.8,1.55,3.1,5.2,0.4721102,2.386637
10077,269,2012,217,19310,14.1,23,1.73,2.8,0,0.4746808,3.351574
10078,269,2012,218,15480,13.1,22.9,1.73,1.9,8.2,0.4773439,4.878363
10079,269,2012,219,14060,14.5,21.3,1.78,4.7,1.4,0.4678514,5.360387
10080,269,2012,220,11330,12.4,19,1.53,5.3,6.4,0.4704785,6.303684
10081,269,2012,221,14610,12.4,21.3,1.63,2.9,0,0.4731969,5.105281
10082,269,2012,222,18990,9.9,20.3,1.37,2.3,0,0.4760096,3.300023
10083,269,2012,223,24170,8,20.9,1.22,1.7,0,0.4789195,0.716202
10084,269,2012,224,18380,10.4,20.7,1.4,2.5,0,0.4819296,3.433143
10085,269,2012,225,24420,11.3,23.8,1.26,4.3,0,0.4850432,0.3408262
10086,269,2012,226,18080,12.4,24.5,1.59,2.8,2.6,0.4882636,3.37157
10087,269,2012,227,15530,15.2,25.8,1.93,1.6,0.2,0.4915944,4.368817
10088,269,2012,228,20020,13.9,28.7,1.82,4,0.2,0.4816042,2.166424
10089,269,2012,229,18330,13.5,23.8,1.61,3,0,0.4848763,3.017175
10090,269,2012,230,17410,15.6,26.7,1.53,3.2,0,0.4882578,3.414711
10091,269,2012,231,21810,15.2,31.7,1.79,2.9,0,0.4917521,0.8702774
10092,269,2012,232,19890,17,32.5,2.25,2.8,0.6,0.4953631,1.68671
10093,269,2012,233,19530,15.2,25.5,1.98,2.6,0,0.4990948,1.88151
10094,269,2012,234,14200,13.5,25.5,1.84,2.5,0,0.5029512,4.558212
10095,269,2012,235,16300,13.5,21.5,1.54,5.1,0,0.5069366,3.564761
10096,269,2012,236,17640,13.3,21.7,1.56,3.4,0,0.4964183,2.774784
10097,269,2012,237,11660,13.1,23,1.57,1.9,1.4,0.5003246,5.548699
10098,269,2012,238,10260,15.1,21.5,1.77,6,5.6,0.5043589,6.035641
10099,269,2012,239,9580,11.1,19.9,1.53,4.7,11.1,0.5085257,6.292764
10100,269,2012,240,17870,10.4,21.4,1.34,3.4,0,0.5128295,2.319865
10101,269,2012,241,12850,12.8,22,1.61,3.6,2.2,0.5172753,4.779603
10102,269,2012,242,17280,10.7,24.2,1.46,3.5,2.7,0.521868,2.386945
10103,269,2012,243,15410,12.4,21.1,1.58,4.2,1.8,0.5108907,3.307378
10104,269,2012,244,8550,11.3,16.5,1.24,5,7.9,0.5153867,6.535276
10105,269,2012,245,18960,6.7,18.7,1.04,2.3,0,0.5200285,1.177094
10106,269,2012,246,11840,10,19.4,1.37,3.4,0,0.5248214,4.98068
10107,269,2012,247,18140,11.8,21.7,1.58,1.4,0,0.5297707,1.133291
10108,269,2012,248,18240,10.3,23.8,1.59,2.8,0,0.5348822,0.9059784
10109,269,2012,249,11570,10.5,18.9,1.2,3.2,0,0.5401617,4.944495
10110,269,2012,250,12480,10.5,18.7,1.21,3,0,0.5456155,4.387574
10111,269,2012,251,16230,11.5,21.7,1.57,4.3,0,0.5337767,1.852814
10112,269,2012,252,15280,12.6,23.7,1.77,2,0,0.5391059,2.275875
10113,269,2012,253,18140,10.2,28,1.59,2.6,0,0.5446078,0.1179342
10114,269,2012,254,10520,15.3,22.3,1.74,4.4,0.1,0.5502887,4.988742
10115,269,2012,255,8250,9.5,17.9,1.24,4.6,5.9,0.5561551,6.168567
10116,269,2012,256,12710,8.3,16.6,1.13,3.9,9.7,0.5622141,3.695979
10117,269,2012,257,14030,10.2,17,1.23,2.6,3.8,0.5684729,2.666974
10118,269,2012,258,4970,10.7,17.2,1.31,6.2,5.2,0.5558914,7.431311
10119,269,2012,259,10500,9.5,18.3,1.3,3.4,0,0.5619997,4.687393
10120,269,2012,260,9890,8.4,19.2,1.34,4,0,0.5683055,4.948633
10121,269,2012,261,8990,13.6,19.5,1.54,4.4,0.1,0.5748159,5.34399
10122,269,2012,262,9650,7.4,17,1.21,4.8,5.3,0.5815388,4.951512
10123,269,2012,263,12150,5.1,14.6,1.02,3.7,4.7,0.5884819,3.268111
10124,269,2012,264,6270,5.2,15.6,1.06,4.3,1.8,0.5956537,6.685265
10125,269,2012,265,7250,9.7,15.5,1.12,3.7,0.4,0.5821833,6.121401
10126,269,2012,266,12980,4.9,15.3,0.95,3,2,0.5891726,2.233824
10127,269,2012,267,7610,2.4,13.7,0.9,4,3.4,0.5963868,5.838044
10128,269,2012,268,6220,9.4,21.2,1.51,7.7,16.4,0.6038343,6.441125
10129,269,2012,269,11150,10.8,16.7,1.27,6.3,0.7,0.6115237,3.077384
10130,269,2012,270,7060,10.4,16,1.28,5.1,0.2,0.6194641,5.865952
10131,269,2012,271,7480,8.7,16.2,1.27,4.2,0,0.6276647,5.526048
10132,269,2012,272,10120,9.2,17.2,1.26,6,1,0.6361355,3.483194
10133,269,2012,273,13850,8.2,15.7,1.12,5.1,0.3,0.6211191,0
10134,269,2012,274,13180,7.4,16.5,1.1,5.2,0,0.6293505,0.3606209
10135,269,2012,275,7880,10.7,18,1.32,5.8,0.6,0.6378454,4.859813
10136,269,2012,276,10280,12.2,17.6,1.44,5.5,0.4,0.6466133,2.642563
10137,269,2012,277,3410,10.5,14,1.26,7.1,4.3,0.6556639,7.558526
10138,269,2012,278,9580,9.9,14.7,1.22,5.3,3.2,0.6650076,3.057989
10139,269,2012,279,6340,9.6,16.5,1.28,6.7,12.1,0.674655,5.639673
10140,269,2012,280,8350,4.6,14.5,1.06,2.5,19.9,0.6583203,3.953084
10141,269,2012,281,11960,3.8,14.1,0.94,2.5,0,0.6676702,0.06896036
10142,269,2012,282,7870,2.3,13.6,0.92,1.9,0,0.677313,4.16554
10143,269,2012,283,9090,2,13.5,0.88,1.8,0,0.6872585,2.848838
10144,269,2012,284,8070,3.3,13.4,0.93,1.3,0,0.6975169,3.68498
10145,269,2012,285,11050,2.4,14.3,0.85,3.7,0,0.7080988,0.1788759
10146,269,2012,286,3240,7.4,14.9,1.18,5.5,15.8,0.7190148,7.347199
10147,269,2012,287,2790,7,11.2,1.06,4.6,4.7,0.7011604,7.595556
10148,269,2012,288,6800,6.5,11.3,1.03,6.4,4.3,0.7117022,4.333529
10149,269,2012,289,8460,7,12.9,0.94,5.3,0.5,0.7225609,2.375011
10150,269,2012,290,5710,8,14.5,1.09,7.5,1.1,0.7337458,5.140219
10151,269,2012,291,3390,7.3,14.9,1.18,5,1.1,0.7452664,7.021555
10152,269,2012,292,2470,13,18.1,1.54,3.5,4.4,0.7571323,7.593689
10153,269,2012,293,7120,13.2,20.7,1.57,2.6,5.6,0.7693533,2.967726
10154,269,2012,294,3550,13,16.8,1.47,3.3,0,0.7819394,6.690225
10155,269,2012,295,1870,11.6,14,1.39,5,0,0.7615323,7.908601
10156,269,2012,296,7310,12.3,20.9,1.74,2.1,0,0.7736058,2.016516
10157,269,2012,297,5320,11.2,15.9,1.44,3.2,0,0.7860145,4.608789
10158,269,2012,298,1740,10.6,12.5,1.29,2.7,0.4,0.7987658,7.925257
10159,269,2012,299,3390,7.6,12.9,1.04,3.1,0.2,0.8118664,6.573921
10160,269,2012,300,7350,0.3,7.8,0.6,3.5,0,0.8253233,1.687536
10161,269,2012,301,7050,-0.1,7.6,0.66,3.3,0,0.8391428,1.871396
10162,269,2012,302,6950,-2.4,10,0.64,3.9,0,0.853331,1.813045
10163,269,2012,303,1500,5,8.8,0.91,6.5,19.9,0.829911,7.996543
10164,269,2012,304,3910,2.4,9.4,0.85,2.5,2.1,0.843395,5.654274
10165,269,2012,305,4860,3.4,12,0.85,4.8,0,0.8571998,4.292058
10166,269,2012,306,1840,5.9,10.5,0.88,6.8,0.8,0.8713273,7.648789
10167,269,2012,307,4270,4.4,9.3,0.82,7.5,1.9,0.8857786,4.863369
10168,269,2012,308,2100,3.7,8.2,0.83,5.2,2.4,0.9005538,7.343506
10169,269,2012,309,2990,1.8,8.2,0.78,4.5,7,0.9156522,6.337412
10170,269,2012,310,3660,2.9,9.1,0.83,3.2,2.6,0.9310723,5.365965
10171,269,2012,311,4940,0.3,10.2,0.78,4.8,6,0.9468111,3.219511
10172,269,2012,312,2040,8.6,11.2,1.09,5.6,0.1,0.9187459,7.194797
10173,269,2012,313,2000,8.5,10.9,1.1,5.5,1.4,0.933463,7.191427
10174,269,2012,314,1370,6.7,10.1,0.94,3.8,0,0.948423,7.826975
10175,269,2012,315,1000,7.7,11.1,1.11,4.2,3.6,0.963617,8
10176,269,2012,316,4840,4.9,11,0.99,4.5,0,0.9790346,2.316133
10177,269,2012,317,3970,4.3,8.4,0.87,5.3,0,0.994664,3.94601
10178,269,2012,318,1210,6.9,9.9,1.06,4.7,0.2,1.010491,7.874461
10179,269,2012,319,4250,1.6,12.3,0.88,2.3,0,1.026502,3.055365
10180,269,2012,320,1470,0.1,4.4,0.66,2,0,1.042677,7.570589
10181,269,2012,321,1160,1.7,4.7,0.65,2.6,0,1.058999,7.88551
10182,269,2012,322,2180,1.4,8,0.79,4,0.4,1.024323,6.517517
10183,269,2012,323,2650,-0.1,9.6,0.81,1.5,2.4,1.039163,5.675602
10184,269,2012,324,1710,-1.9,10.2,0.8,3,0,1.054044,7.094489
10185,269,2012,325,3460,6.1,11.7,1.03,4.5,0,1.06894,3.760105
10186,269,2012,326,2060,2.7,9.5,0.85,5.7,2,1.083824,6.452618
10187,269,2012,327,5040,5.4,10.8,0.92,6.3,0,1.098668,0
10188,269,2012,328,550,1.8,7.6,0.79,5,4.7,1.113442,8
10189,269,2012,329,1750,-0.3,8.1,0.79,2.9,5.4,1.128114,6.813082
10190,269,2012,330,2100,8,12.5,1,10.7,1.3,1.142652,6.107435
10191,269,2012,331,2010,5.3,9.2,0.91,3.6,0.8,1.157019,6.235029
10192,269,2012,332,1970,1.2,8.6,0.79,2.1,0.1,1.17118,6.28075
10193,269,2012,333,3230,0.6,8.4,0.78,1.8,0.4,1.185096,3.388109
10194,269,2012,334,3660,1.5,6.5,0.7,3.2,0,1.198729,2.120905
10195,269,2012,335,2850,-2.3,5.3,0.64,2.1,0,1.152804,4.214763
10196,269,2012,336,1740,1.4,5.4,0.73,5.2,8.4,1.164385,6.532768
10197,269,2012,337,3400,-1.4,6.8,0.66,3,2.8,1.175584,2.51056
10198,269,2012,338,640,-1.3,6.4,0.69,5,3.9,1.186362,8
10199,269,2012,339,1430,0.1,6.4,0.68,5.1,5.5,1.196684,7.007055
10200,269,2012,340,3130,-2.1,4.3,0.6,3.9,3.9,1.206514,3.02637
10201,269,2012,341,4170,-3.4,1.4,0.51,4.3,3.7,1.215816,0
10202,269,2012,342,1340,-6.6,1.1,0.44,6,7,1.224556,7.140011
10203,269,2012,343,4170,-10.8,1.3,0.4,2.8,0.5,1.232701,0
10204,269,2012,344,1410,1.2,7.5,0.74,7.7,8.4,1.240217,6.917103
10205,269,2012,345,880,0.7,5.6,0.62,5.8,0.2,1.247076,7.819583
10206,269,2012,346,3310,-1.1,2.9,0.55,3,0,1.253249,2.046956
10207,269,2012,347,1550,-0.7,4.4,0.63,4.4,4.3,1.258711,6.612683
10208,269,2012,348,1860,-2.7,-0.2,0.43,2.8,0,1.263437,5.999482
10209,269,2012,349,840,-0.5,9.4,0.78,5.5,7.2,1.267408,7.839632
10210,269,2012,350,1620,6.8,9.3,0.95,6.7,0.9,1.270606,6.357552
10211,269,2012,351,1190,4.7,7.8,0.89,4.9,2.7,1.273017,7.226408
10212,269,2012,352,630,4.2,7.5,0.9,3.3,2.6,1.274631,8
10213,269,2012,353,1050,3.3,6.3,0.84,1.8,2,1.275439,7.478409
10214,269,2012,354,1090,4.1,6,0.84,2.5,0,1.275439,7.408745
10215,269,2012,355,1880,2.2,4.9,0.69,6,3.3,1.274631,5.822295
10216,269,2012,356,420,2.1,4.3,0.75,3.3,4.7,1.273017,8
10217,269,2012,357,390,4.1,7.6,0.89,4.1,11.7,1.270606,8
10218,269,2012,358,850,6.9,12.3,1.1,6.5,15.8,1.267408,7.800394
10219,269,2012,359,670,7.5,12.2,1.09,6.3,2.2,1.263437,8
10220,269,2012,360,1210,6.6,9.8,0.98,6.3,17.7,1.258711,7.21135
10221,269,2012,361,2020,4.5,8.9,0.88,6.8,6.8,1.253249,5.534354
10222,269,2012,362,1300,4.2,9.2,0.87,4.6,0.2,1.247076,7.088438
10223,269,2012,363,910,1.4,10.4,0.85,5.3,1.4,1.240217,7.764584
10224,269,2012,364,2380,8.7,11.5,1.03,8.3,0.1,1.232701,4.699187
10225,269,2012,365,2390,5.4,9,0.85,9.2,0.4,1.224556,4.791774
10226,269,2012,366,660,8.7,10.2,1.01,10.7,6.3,1.215816,8
10227,269,2013,1,1750,3.2,8.9,0.84,4.9,8.8,1.215816,6.311412
10228,269,2013,2,2570,4.9,8.3,0.87,5.2,0.3,1.206514,4.444597
10229,269,2013,3,1590,7.4,11.3,1.11,5.8,0.9,1.196684,6.647375
10230,269,2013,4,530,8.1,10,1.09,5.4,0.1,1.186362,8
10231,269,2013,5,310,7.1,8.5,1.01,3.2,0.1,1.175584,8
10232,269,2013,6,2710,5.5,9.6,0.99,3.5,0,1.164385,4.346523
10233,269,2013,7,370,6,8.3,0.98,4.2,0.2,1.152804,8
10234,269,2013,8,1000,6.1,8.6,0.99,5.3,0.2,1.198729,7.771896
10235,269,2013,9,550,2.2,8,0.84,4.3,7.4,1.185096,8
10236,269,2013,10,2800,-1.4,7.6,0.69,4,1.8,1.17118,4.623489
10237,269,2013,11,1950,-1.1,2.6,0.55,1.9,0,1.157019,6.447824
10238,269,2013,12,2880,-2.7,1.5,0.5,3,0,1.142652,4.733785
10239,269,2013,13,4030,-4.2,-0.5,0.45,3.9,0,1.128114,2.165949
10240,269,2013,14,4170,-7.3,-1.4,0.38,2.5,0,1.113442,2.040837
10241,269,2013,15,1760,-7.7,-2.4,0.35,4.1,5.6,1.098668,6.993691
10242,269,2013,16,4130,-12.5,-5.3,0.29,1.9,0,1.083824,2.58467
10243,269,2013,17,2380,-7,-2.4,0.38,1.5,0,1.06894,6.14217
10244,269,2013,18,3750,-2.8,-0.7,0.45,4.5,0,1.054044,3.62567
10245,269,2013,19,1740,-5.5,-2.5,0.34,6.9,0,1.039163,7.195382
10246,269,2013,20,1830,-6.9,-2.8,0.35,8,2.7,1.024323,7.12097
10247,269,2013,21,2240,-3.2,-2,0.44,4.9,2.6,1.058999,6.598638
10248,269,2013,22,3720,-9.8,-2.8,0.32,3.7,0,1.042677,4.344011
10249,269,2013,23,2330,-10.7,-3.7,0.3,3.9,0,1.026502,6.638829
10250,269,2013,24,6490,-10.7,-0.5,0.35,1.6,0,1.010491,0
10251,269,2013,25,2320,-11.5,-2.4,0.33,2.7,0,0.994664,6.761626
10252,269,2013,26,1740,-3.8,1.7,0.49,6.5,0.6,0.9790346,7.448103
10253,269,2013,27,1270,1.4,5.6,0.72,7.8,6.1,0.963617,7.922759
10254,269,2013,28,4950,1.5,7.2,0.74,7.1,5.2,0.948423,2.725475
10255,269,2013,29,2030,7.2,12.8,1.14,8.7,3.4,0.933463,7.171422
10256,269,2013,30,3200,6.8,12.8,1.01,10.5,15,0.9187459,5.794366
10257,269,2013,31,2250,5.7,9.7,0.83,10,4.2,0.9468111,7.070373
10258,269,2013,32,1220,2.1,7,0.78,4.3,4,0.9310723,8
10259,269,2013,33,6170,1.2,5.4,0.65,5,3.5,0.9156522,1.578084
10260,269,2013,34,2500,2,7.2,0.74,6.9,4.6,0.9005538,6.979445
10261,269,2013,35,5740,6.2,8.9,0.83,8,2.6,0.8857786,2.663944
10262,269,2013,36,3670,0.6,6.3,0.65,6.9,5.6,0.8713273,5.849208
10263,269,2013,37,5840,-0.3,5.4,0.66,3.5,4.9,0.8571998,3.006953
10264,269,2013,38,4700,-0.4,4.3,0.65,3.9,3.8,0.843395,4.794702
10265,269,2013,39,4330,-0.6,3.5,0.6,2.7,0.6,0.829911,5.390668
10266,269,2013,40,2310,-2.9,1.1,0.54,1.9,3.2,0.853331,7.461926
10267,269,2013,41,6100,-2.7,0.3,0.45,4.3,4.5,0.8391428,3.505253
10268,269,2013,42,6440,-3.4,-0.2,0.36,6.5,0,0.8253233,3.294681
10269,269,2013,43,7600,-4.7,0.5,0.41,4.2,0,0.8118664,1.835273
10270,269,2013,44,4620,-4.5,1.5,0.42,1.8,0,0.7987658,5.658795
10271,269,2013,45,2250,-2.4,1,0.47,5.5,4.7,0.7860145,7.691553
10272,269,2013,46,4640,0.9,6,0.76,2.7,0.3,0.7736058,5.715808
10273,269,2013,47,2870,2.3,6.1,0.81,1.8,0.7,0.7615323,7.2885
10274,269,2013,48,5290,-0.5,5.6,0.68,2.2,0,0.7819394,5.30264
10275,269,2013,49,6200,-1.7,6.6,0.67,1.4,0,0.7693533,4.494771
10276,269,2013,50,1930,-0.9,5,0.64,3.2,0.3,0.7571323,8
10277,269,2013,51,7420,-2,2.8,0.48,4.9,0,0.7452664,3.584689
10278,269,2013,52,8190,-3.1,2,0.44,5.2,0,0.7337458,2.93653
10279,269,2013,53,5250,-4,1.4,0.41,5.8,0,0.7225609,5.918087
10280,269,2013,54,2480,-4.9,0.6,0.4,6.2,0,0.7117022,7.822143
10281,269,2013,55,1910,-1.1,0.9,0.56,6.4,2.8,0.7011604,8
10282,269,2013,56,1540,0.7,2.4,0.65,5.3,0.2,0.7190148,8
10283,269,2013,57,3570,0.7,4.9,0.7,4.5,0,0.7080988,7.26709
10284,269,2013,58,3950,-0.7,3.1,0.6,3.9,0,0.6975169,7.098173
10285,269,2013,59,4060,-1.7,3.2,0.6,2.3,0,0.6872585,7.07855
10286,269,2013,60,3060,2.3,4.7,0.65,3.3,0.3,0.677313,7.660216
10287,269,2013,61,4660,1.6,4.4,0.59,2.2,0,0.6676702,6.820038
10288,269,2013,62,4550,-1.2,6.1,0.61,2.2,1,0.6583203,6.931536
10289,269,2013,63,12740,-2.5,10.8,0.58,3.4,0,0.674655,0.189314
10290,269,2013,64,12040,1,16.2,0.66,3,0,0.6650076,1.100461
10291,269,2013,65,8820,1.5,17.7,0.85,2.5,0,0.6556639,4.12658
10292,269,2013,66,4910,4.7,10.1,0.8,5,0.2,0.6466133,6.889592
10293,269,2013,67,6510,3.8,11,0.9,6,1.7,0.6378454,5.981156
10294,269,2013,68,1350,0.5,3.8,0.69,5.1,16.6,0.6293505,8
10295,269,2013,69,2050,-1.8,0.5,0.5,7.5,2.2,0.6211191,8
10296,269,2013,70,4100,-3.5,-1.4,0.4,8.4,0,0.6361355,7.50424
10297,269,2013,71,11420,-7.3,0.8,0.33,6.5,0,0.6276647,3.207244
10298,269,2013,72,11320,-7.9,4.7,0.42,2.8,0.1,0.6194641,3.35917
10299,269,2013,73,12840,-5.6,3.1,0.43,3,0,0.6115237,2.330873
10300,269,2013,74,4960,-5.9,3.6,0.48,5.1,2.7,0.6038343,7.249133
10301,269,2013,75,6900,1,8,0.55,6.7,1.2,0.5963868,6.360954
10302,269,2013,76,6590,2.3,9.3,0.75,5,4.2,0.5891726,6.525653
10303,269,2013,77,9360,1.3,10,0.78,4.1,3.1,0.5821833,5.065821
10304,269,2013,78,4640,0.5,5.1,0.64,4.5,0,0.5956537,7.483206
10305,269,2013,79,6280,-0.3,2.1,0.52,5.7,0,0.5884819,6.856981
10306,269,2013,80,12480,-2.6,4.9,0.52,2.5,0,0.5815388,3.538206
10307,269,2013,81,9320,-3.3,3.6,0.45,7.4,0,0.5748159,5.528147
10308,269,2013,82,10930,-3.4,1.7,0.29,10.3,0,0.5683055,4.819723
10309,269,2013,83,12240,-4.6,3.3,0.19,10.8,0,0.5619997,4.246098
10310,269,2013,84,15920,-3.1,4,0.3,9.4,0,0.5558914,1.962283
10311,269,2013,85,17580,-4,5,0.33,7.4,0,0.5684729,0.9288362
10312,269,2013,86,17930,-5.8,6.2,0.33,5.8,0,0.5622141,0.8557428
10313,269,2013,87,9620,-4.8,3.1,0.39,4.9,0,0.5561551,5.799743
10314,269,2013,88,6170,-6.6,3,0.47,2.2,0.3,0.5502887,7.228038
10315,269,2013,89,10560,-6.8,4.7,0.46,3.3,0,0.5446078,5.462336
10316,269,2013,90,10010,-1.9,5,0.49,3.6,0,0.5391059,5.765836
10317,269,2013,91,18730,-5.4,7.8,0.42,5.2,0,0.5337767,1.048991
10318,269,2013,92,19440,-4.8,9.2,0.38,6.1,0,0.5456155,0.7792374
10319,269,2013,93,17220,-2.8,8.2,0.4,7.2,0,0.5401617,2.306912
10320,269,2013,94,5410,-1.6,5.3,0.44,6.5,0,0.5348822,7.624288
10321,269,2013,95,11890,-1.8,8.6,0.5,6.5,0,0.5297707,5.225325
10322,269,2013,96,13990,-2.3,8.9,0.51,4.6,0,0.5248214,4.303837
10323,269,2013,97,17390,-3.8,8.6,0.53,1.9,0,0.5200285,2.594217
10324,269,2013,98,15430,-3.7,11.6,0.49,5.2,0,0.5153867,3.766809
10325,269,2013,99,11430,-0.8,11.1,0.68,3.4,0.5,0.5108907,5.598212
10326,269,2013,100,8480,0.9,9.6,0.79,3.4,0,0.521868,6.739225
10327,269,2013,101,2960,3,10,0.93,5.2,4.4,0.5172753,8
10328,269,2013,102,6660,4,13.9,1.04,5.1,16,0.5128295,7.349571
10329,269,2013,103,12450,4.7,14.2,0.97,5,0.5,0.5085257,5.308213
10330,269,2013,104,11220,10.7,20.8,1.34,5.1,0.1,0.5043589,5.778052
10331,269,2013,105,12100,6.7,17.1,1.12,3.5,0.7,0.5003246,5.520248
10332,269,2013,106,11670,5.2,17.7,1.11,6,0,0.4964183,5.74042
10333,269,2013,107,11010,6.2,20.3,1.13,4.5,0,0.5069366,6.027667
10334,269,2013,108,21490,8,18,0.93,11.7,0,0.5029512,1.299251
10335,269,2013,109,13320,2.6,11.2,0.81,4.9,0.5,0.4990948,5.313719
10336,269,2013,110,23560,0,12.2,0.65,5.3,0,0.4953631,0.5787021
10337,269,2013,111,16180,-1.1,13.6,0.68,2.9,0,0.4917521,4.302506
10338,269,2013,112,18930,-0.9,15.5,0.72,4.3,0,0.4882578,3.123151
10339,269,2013,113,10330,7.3,13.9,1.05,4.5,1.4,0.4848763,6.482211
10340,269,2013,114,21170,5.8,20.3,1.14,4.5,0,0.4816042,1.978983
10341,269,2013,115,15810,9.8,22.4,1.41,3.2,0,0.4915944,4.451303
10342,269,2013,116,3520,5.4,10.9,0.96,3.9,4.9,0.4882636,8
10343,269,2013,117,19270,1.3,9.9,0.7,4.2,0,0.4850432,3.345859
10344,269,2013,118,21120,0.1,12.9,0.7,2.7,0,0.4819296,2.580273
10345,269,2013,119,19160,3.1,12.6,0.75,5.8,0.4,0.4789195,3.500777
10346,269,2013,120,18660,2.4,12.7,0.78,4,0,0.4760096,3.76028
10347,269,2013,121,24810,1.1,17,0.77,5,0,0.4731969,0.9974811
10348,269,2013,122,12800,4.4,17.3,0.85,5.7,0,0.4704785,5.990461
10349,269,2013,123,23870,3.5,18.4,0.88,2.6,0,0.4678514,1.563361
10350,269,2013,124,20560,3.9,17.4,0.92,5.2,0,0.4773439,3.129022
10351,269,2013,125,23180,5.2,19,1.03,3,0,0.4746808,1.960384
10352,269,2013,126,24260,4.5,22.3,1.03,3.2,0,0.4721102,1.521835
10353,269,2013,127,15960,8,24.1,1.37,4.4,0.7,0.4696294,4.952815
10354,269,2013,128,13430,11.9,22.1,1.65,4.3,0.4,0.4672358,5.805956
10355,269,2013,129,20250,9,16.6,0.99,4.8,0,0.4649269,3.504256
10356,269,2013,130,11490,10,16.2,1.07,7.8,0.2,0.4627003,6.536814
10357,269,2013,131,9230,7.3,13.9,1.09,5.6,6,0.4605537,7.152242
10358,269,2013,132,14000,6.7,12.7,0.98,5.3,2.7,0.4584847,5.852452
10359,269,2013,133,9070,6.9,14,1.04,6.3,4.3,0.4676989,7.22232
10360,269,2013,134,12700,5.4,13.2,1.02,4.2,2,0.4656148,6.276721
10361,269,2013,135,14300,5.5,17.4,1,4.8,0,0.46361,5.825349
10362,269,2013,136,5310,3.8,12.2,1,3.6,8,0.4616822,8
10363,269,2013,137,4280,8.8,11.1,1.15,3,0.2,0.4598295,8
10364,269,2013,138,5160,8.3,12.5,1.11,3.3,0.4,0.4580498,8
10365,269,2013,139,9980,7,13.7,1.08,3.3,0,0.4563412,7.065111
10366,269,2013,140,2860,10.2,12.7,1.31,1.9,5.9,0.4547021,8
10367,269,2013,141,2450,9,11.4,1.2,3.8,13.6,0.4531306,8
10368,269,2013,142,10600,2.6,12.2,0.8,6.3,0.2,0.451625,6.982335
10369,269,2013,143,15460,2.3,10.9,0.8,3.7,7.5,0.4607171,5.683567
10370,269,2013,144,20410,2.6,13.9,0.84,4,0.4,0.4592205,4.072295
10371,269,2013,145,15650,3.6,12.2,0.93,4.4,7.9,0.4577919,5.629637
10372,269,2013,146,11000,7.8,12.2,1.07,5.9,0,0.4564298,6.888212
10373,269,2013,147,28960,7.1,18.7,1,3.8,0,0.4551327,0.6186519
10374,269,2013,148,27590,7,21.5,1.04,4.3,0,0.453899,1.248615
10375,269,2013,149,8130,8,16.4,1.35,2.5,20.4,0.4527275,7.540403
10376,269,2013,150,12350,9.9,17,1.37,2.6,0,0.4516167,6.543287
10377,269,2013,151,26800,11,19.3,1.48,5.9,0,0.4505656,1.474765
10378,269,2013,152,5390,9.4,12.1,1.12,5.6,0,0.4495727,8
10379,269,2013,153,29560,6.8,15.9,0.97,4.6,0,0.4486372,0.5935763
10380,269,2013,154,16580,8.4,15,0.99,4.8,0,0.4477578,5.463389
10381,269,2013,155,29360,9.2,20.2,1.15,4.3,0,0.4469337,0.6313317
10382,269,2013,156,28080,7.7,21.3,1.11,4,0,0.4461639,1.244839
10383,269,2013,157,27620,9.7,24.6,1.45,4.3,0,0.4454475,1.293463
10384,269,2013,158,28940,9.5,23.6,1.43,4.4,0,0.4447838,0.7412943
10385,269,2013,159,28420,10,19.8,1.24,5.8,0,0.4441721,1.092217
10386,269,2013,160,15390,10.1,16.8,1.13,5.4,0,0.4533817,5.832163
10387,269,2013,161,13270,8.4,15.3,0.99,2.8,0,0.4528294,6.436649
10388,269,2013,162,21430,8.4,21.2,1.06,2,0,0.4523328,3.953958
10389,269,2013,163,10160,15.7,21.4,1.65,4.5,1.7,0.4518908,7.123573
10390,269,2013,164,10700,13.1,18.5,1.42,7.5,2.3,0.4515028,7.021531
10391,269,2013,165,18410,11.3,18.7,1.16,4.2,0,0.4511678,4.94654
10392,269,2013,166,21760,10.9,18.1,1.07,7.5,2.7,0.4508853,3.861572
10393,269,2013,167,18050,10.2,18.6,1.13,4.8,0,0.4506548,5.073942
10394,269,2013,168,21900,7.8,23.5,1.23,4.6,0,0.4504759,3.76334
10395,269,2013,169,22830,13.6,29.7,1.89,2,0,0.4503484,3.215606
10396,269,2013,170,14810,17.3,25.7,2.1,3.3,0,0.4502719,5.873602
10397,269,2013,171,7850,15.8,22.1,2.02,2.3,4.5,0.4502464,7.611661
10398,269,2013,172,4180,14.8,18.6,1.73,6.1,7.9,0.4502719,8
10399,269,2013,173,10760,12.9,19.4,1.52,7.5,9.3,0.4503484,7.003069
10400,269,2013,174,11120,12.2,18.1,1.45,6.8,11.2,0.4504759,6.923606
10401,269,2013,175,12090,11.8,16.6,1.36,4.5,1.3,0.4506548,6.695853
10402,269,2013,176,21880,9.6,16.5,1.08,3.8,0,0.4508853,3.806885
10403,269,2013,177,22000,9.2,17.2,1.12,3.9,0.3,0.4511678,3.742948
10404,269,2013,178,12270,10.8,15.4,1.18,4.4,0.2,0.4515028,6.666186
10405,269,2013,179,10540,10.8,16.2,1.33,5,7.8,0.4518908,7.060918
10406,269,2013,180,23120,8.7,16.4,1.11,4.8,1.9,0.4523328,3.310816
10407,269,2013,181,21330,7.5,21.8,1.32,4.4,0,0.4528294,3.875733
10408,269,2013,182,16390,11.1,19.1,1.41,4.3,0,0.4533817,5.471528
10409,269,2013,183,21180,8.6,20.6,1.23,2.3,0.4,0.4441721,3.932679
10410,269,2013,184,8650,13.9,18.8,1.66,3.3,3.6,0.4447838,7.440203
10411,269,2013,185,17100,13.1,22.4,1.75,4,0.1,0.4454475,5.154933
10412,269,2013,186,21090,12.2,22.2,1.61,3.2,0,0.4461639,3.803518
10413,269,2013,187,27740,10,24,1.43,3.1,0,0.4469337,1.157301
10414,269,2013,188,28460,11.2,23.5,1.57,3.4,0,0.4477578,0.7342798
10415,269,2013,189,28270,12.1,24.6,1.58,4.5,0,0.4486372,0.7829474
10416,269,2013,190,28020,9.7,22.1,1.41,3.6,0,0.4495727,0.9456999
10417,269,2013,191,11980,11.1,18.1,1.31,3.6,0,0.4505656,6.641868
10418,269,2013,192,13380,10.5,17.3,1.18,3.2,0,0.4516167,6.278692
10419,269,2013,193,16470,10.9,18.9,1.41,2.3,1,0.4527275,5.310375
10420,269,2013,194,20260,11.9,20,1.45,2.2,0,0.453899,3.985072
10421,269,2013,195,17480,11.6,20.7,1.51,1.8,0,0.4551327,4.922083
10422,269,2013,196,27810,10.8,24.5,1.47,2,0,0.4564298,0.7640796
10423,269,2013,197,20330,10.2,24.4,1.48,1.5,0,0.4577919,3.868644
10424,269,2013,198,20780,13.3,24.5,1.79,2.4,0,0.4592205,3.57576
10425,269,2013,199,27780,13.5,25.8,1.72,3.8,0,0.4607171,0.4996779
10426,269,2013,200,26770,12.1,25.5,1.61,4.3,0,0.451625,0.9788968
10427,269,2013,201,13640,15.2,23.2,1.71,3.3,0,0.4531306,5.991173
10428,269,2013,202,27530,13.2,30.7,1.71,3.4,0,0.4547021,0.4512553
10429,269,2013,203,25210,15.3,31.8,1.86,2.4,0,0.4563412,1.439188
10430,269,2013,204,24570,16.1,31.8,2.02,2.1,0,0.4580498,1.621518
10431,269,2013,205,15220,13.9,27,1.9,2.6,0,0.4598295,5.370574
10432,269,2013,206,20440,12.7,28.9,1.79,2.3,0,0.4616822,3.411965
10433,269,2013,207,13740,14.8,27,2.18,1.8,6.2,0.46361,5.768175
10434,269,2013,208,13480,17,25.6,2.23,2.6,20.9,0.4656148,5.821988
10435,269,2013,209,18950,16.2,23.4,1.78,4.7,3.1,0.4676989,3.889042
10436,269,2013,210,21330,15.6,24.1,1.69,4.6,0,0.4584847,2.871531
10437,269,2013,211,10740,14.7,21.5,1.75,5.2,2.4,0.4605537,6.654214
10438,269,2013,212,16340,15.8,22.6,1.87,4.1,0,0.4627003,4.759561
10439,269,2013,213,24280,18.2,30.2,2.05,3.3,0,0.4649269,1.157208
10440,269,2013,214,24010,17.5,34.3,2.31,3.2,0,0.4672358,1.118535
10441,269,2013,215,20490,13,23.6,1.49,4.8,0,0.4696294,3.026753
10442,269,2013,216,22860,12.3,25.2,1.54,2.7,0,0.4721102,1.842944
10443,269,2013,217,21930,12.8,28.9,1.7,3.4,7.7,0.4746808,2.15524
10444,269,2013,218,17680,13.2,21.1,1.6,3.9,0.4,0.4773439,4.031301
10445,269,2013,219,5750,11.8,17.3,1.52,5,12.3,0.4678514,7.840404
10446,269,2013,220,23720,11.5,20.2,1.44,2.7,0.1,0.4704785,1.127184
10447,269,2013,221,16020,10.4,22.6,1.45,3,0,0.4731969,4.596929
10448,269,2013,222,17830,9.9,19.4,1.27,4.6,0,0.4760096,3.845716
10449,269,2013,223,16980,9.7,21.1,1.35,4.1,0,0.4789195,4.125269
10450,269,2013,224,16790,10.3,20,1.33,3.9,0,0.4819296,4.155096
10451,269,2013,225,17920,8.9,18.7,1.22,4.3,2.5,0.4850432,3.637075
10452,269,2013,226,22810,7.6,20.4,1.18,2.2,0,0.4882636,1.164914
10453,269,2013,227,11110,7.7,20.5,1.42,3.5,1.9,0.4915944,6.186701
10454,269,2013,228,16760,13.8,26.2,1.89,3.5,2.9,0.4816042,3.760608
10455,269,2013,229,15270,15.6,23.1,1.82,4.4,0.3,0.4848763,4.389982
10456,269,2013,230,15670,13.5,22.7,1.75,4.8,5.3,0.4882578,4.16564
10457,269,2013,231,12780,10.3,20,1.45,2.8,1.7,0.4917521,5.408049
10458,269,2013,232,13980,8.2,21.5,1.32,1.5,0,0.4953631,4.895596
10459,269,2013,233,15820,8.5,23,1.41,2,0,0.4990948,3.988013
10460,269,2013,234,11980,10,22.6,1.54,1.4,0,0.5029512,5.569048
10461,269,2013,235,19730,12.3,24.6,1.66,2.6,0,0.5069366,1.675501
10462,269,2013,236,14750,15,25.3,1.77,3.6,1.9,0.4964183,4.18194
10463,269,2013,237,10060,14,24.2,1.88,2.8,0.1,0.5003246,6.139614
10464,269,2013,238,20940,11,23.3,1.37,4.3,0,0.5043589,0.7138192
10465,269,2013,239,20530,9.5,23.5,1.3,3.1,0,0.5085257,0.8709335
10466,269,2013,240,18080,11.1,23.2,1.55,2.7,0,0.5128295,2.108414
10467,269,2013,241,15010,9.6,22.8,1.46,2,0,0.5172753,3.74456
10468,269,2013,242,14010,10.2,22.7,1.55,3.3,0,0.521868,4.150702
10469,269,2013,243,15030,12.4,20.8,1.38,4.6,0.1,0.5108907,3.583063
10470,269,2013,244,9650,8.8,17.7,1.13,4.6,0,0.5153867,6.121299
10471,269,2013,245,5180,14,18.8,1.53,5.2,0,0.5200285,7.637414
10472,269,2013,246,12320,13.7,23.6,1.85,2.5,0,0.5248214,4.628072
10473,269,2013,247,14020,12.6,25.4,1.8,2.5,0,0.5297707,3.629983
10474,269,2013,248,18640,14,31.3,1.84,3.1,0,0.5348822,0.5014952
10475,269,2013,249,14530,12.8,26.9,1.71,2.6,0.8,0.5401617,3.148396
10476,269,2013,250,4650,12.4,19.5,1.6,1.7,1,0.5456155,7.704781
10477,269,2013,251,11400,11.7,18.8,1.44,2.1,19.7,0.5337767,4.820502
10478,269,2013,252,12420,10.7,17.9,1.37,3.2,14.2,0.5391059,4.193656
10479,269,2013,253,8930,10.6,17.3,1.43,4.6,20.9,0.5446078,5.92569
10480,269,2013,254,15660,11,18.7,1.37,4.5,1.3,0.5502887,1.896884
10481,269,2013,255,15040,10.8,19.4,1.48,2.5,1.8,0.5561551,2.135678
10482,269,2013,256,9400,8.4,19.5,1.4,3.5,0.1,0.5622141,5.511814
10483,269,2013,257,4670,12.9,18.1,1.59,4.8,8.7,0.5684729,7.547877
10484,269,2013,258,10710,9.4,17.5,1.2,5.7,5.3,0.5558914,4.681761
10485,269,2013,259,13590,7.8,15.7,1.08,5.9,4,0.5619997,2.769087
10486,269,2013,260,8690,8.2,14,1.15,6,8,0.5683055,5.667248
10487,269,2013,261,10730,7,15.9,1.16,3,4.1,0.5748159,4.396496
10488,269,2013,262,7530,6,15.8,1.12,5.1,1.6,0.5815388,6.153367
10489,269,2013,263,7650,8.3,16.5,1.25,3.6,1.9,0.5884819,6.00556
10490,269,2013,264,8180,7.4,17.8,1.24,2.9,0,0.5956537,5.647088
10491,269,2013,265,7390,13.3,20.4,1.77,3.7,0,0.5821833,5.932287
10492,269,2013,266,6310,11.9,19.1,1.66,2.5,0,0.5891726,6.481758
10493,269,2013,267,5820,9,17.7,1.39,1.3,0,0.5963868,6.720408
10494,269,2013,268,4610,8.8,17.2,1.35,1.7,0,0.6038343,7.27111
10495,269,2013,269,9110,5.9,15.4,1,3.7,0,0.6115237,4.694991
10496,269,2013,270,13910,3.7,16.5,0.99,3.1,0,0.6194641,0.6267933
10497,269,2013,271,13850,3.6,17.1,0.92,4.2,0,0.6276647,0.5116893
10498,269,2013,272,13710,7.4,16.7,0.97,6.8,0,0.6361355,0.3834661
10499,269,2013,273,11980,4.9,16.2,0.93,5.1,0,0.6211191,1.860577
10500,269,2013,274,13580,3.5,15.8,0.86,4.8,0,0.6293505,0.1267565
10501,269,2013,275,11120,5.5,15,0.82,5.1,0,0.6378454,2.348521
10502,269,2013,276,10960,5.6,17,0.8,4.5,1.4,0.6466133,2.326691
10503,269,2013,277,9160,10.8,21.7,1.61,4.3,19.4,0.6556639,3.455637
10504,269,2013,278,9900,8.3,18.5,1.38,2.3,0,0.6650076,2.683921
10505,269,2013,279,10710,7,17.7,1.19,1.3,0,0.674655,1.766811
10506,269,2013,280,9170,5.2,18.3,1.23,1.5,0,0.6583203,3.118969
10507,269,2013,281,5350,9.5,18.1,1.42,3,0,0.6676702,6.175182
10508,269,2013,282,5920,6.1,15.8,1.09,4.4,2,0.677313,5.740167
10509,269,2013,283,9650,5.5,12.6,0.98,2.7,0.2,0.6872585,2.200989
10510,269,2013,284,600,5.4,10.1,1.02,2.1,30.2,0.6975169,8
10511,269,2013,285,5420,5.7,11.4,1.04,2.7,8.8,0.7080988,5.886915
10512,269,2013,286,1050,7.2,9.2,0.98,6.9,24.4,0.7190148,8
10513,269,2013,287,2440,8.7,11.3,1.12,3.6,6.4,0.7011604,7.791963
10514,269,2013,288,3240,3.5,11.6,0.99,2.8,1.7,0.7117022,7.286927
10515,269,2013,289,7020,3.5,14.2,1.07,3,1.1,0.7225609,3.946559
10516,269,2013,290,6510,6.4,15.2,1.11,6.3,0,0.7337458,4.327756
10517,269,2013,291,5920,5.2,14.2,1.07,2.3,0,0.7452664,4.82196
10518,269,2013,292,4760,8.9,16.1,1.28,3.8,6.7,0.7571323,5.793965
10519,269,2013,293,5220,11.1,18.4,1.48,5.2,0,0.7693533,5.199322
10520,269,2013,294,4760,11.9,17.5,1.47,5.7,0,0.7819394,5.566193
10521,269,2013,295,7670,13.6,21.5,1.69,5.3,2.8,0.7615323,1.738058
10522,269,2013,296,4610,11.8,18.3,1.47,7.5,4.1,0.7736058,5.519375
10523,269,2013,297,8770,6.6,16.1,1.1,3.1,0,0.7860145,0
10524,269,2013,298,1780,9.2,17.2,1.34,4.4,0.8,0.7987658,7.895262
10525,269,2013,299,6260,13.3,18.7,1.56,6.2,0,0.8118664,3.005777
10526,269,2013,300,4630,12.4,15.5,1.28,10.5,4.9,0.8253233,5.106583
10527,269,2013,301,3740,10.1,16.7,1.26,11.2,12.4,0.8391428,6.028837
10528,269,2013,302,4850,7.1,12.7,1.04,7.5,5.7,0.853331,4.655079
10529,269,2013,303,6560,6.7,12.8,0.99,5,0.1,0.829911,1.974851
10530,269,2013,304,3770,6.8,12.6,0.99,6.6,0.4,0.843395,5.782892
10531,269,2013,305,1790,9.7,12.4,1.16,6.1,0,0.8571998,7.699771
10532,269,2013,306,1240,8.7,12.4,1.16,4.1,6.9,0.8713273,8
10533,269,2013,307,3710,6.8,10.9,0.93,7.7,5.8,0.8857786,5.579667
10534,269,2013,308,1930,6.6,11.5,1.01,4.5,26.4,0.9005538,7.484834
10535,269,2013,309,2200,4.5,9.6,0.88,5.8,8.9,0.9156522,7.19365
10536,269,2013,310,2180,6.9,14,1.11,5,4.3,0.9310723,7.13718
10537,269,2013,311,2440,7.9,14.1,1.17,4.6,6.2,0.9468111,6.782765
10538,269,2013,312,4150,4.1,10.7,0.96,3,11.2,0.9187459,4.320819
10539,269,2013,313,5030,3.2,10.4,0.83,6,13.1,0.933463,2.637045
10540,269,2013,314,4660,4,9.6,0.84,3.3,2.3,0.948423,3.148544
10541,269,2013,315,4500,0.3,10.4,0.73,4.5,0,0.963617,3.336076
10542,269,2013,316,730,3.4,8.8,0.86,4.1,4,0.9790346,8
10543,269,2013,317,5060,1,10.9,0.83,2.5,0,0.994664,1.723484
10544,269,2013,318,1510,5.2,8.7,0.9,4.5,2.4,1.010491,7.565303
10545,269,2013,319,5200,2.6,11.4,0.92,2,0,1.026502,0.8529693
10546,269,2013,320,2300,2.7,8.3,0.89,3.1,0,1.042677,6.446721
10547,269,2013,321,1580,5.8,8.5,0.96,1.5,0,1.058999,7.367741
10548,269,2013,322,1460,2.5,6.8,0.78,3.6,0.4,1.024323,7.501176
10549,269,2013,323,2030,0.9,8.5,0.76,3.4,1.4,1.039163,6.689235
10550,269,2013,324,2770,-1.4,5.6,0.6,4.6,0.7,1.054044,5.444068
10551,269,2013,325,3370,-0.7,5.1,0.63,4,0.2,1.06894,4.1446
10552,269,2013,326,1680,0.1,5.9,0.67,4.1,0.6,1.083824,7.072767
10553,269,2013,327,2870,1.7,7.7,0.73,2.6,0,1.098668,4.917078
10554,269,2013,328,1830,4.2,7.9,0.78,3.5,0.1,1.113442,6.733809
10555,269,2013,329,2830,2.8,7.7,0.75,2.9,0,1.128114,4.794735
10556,269,2013,330,1560,2.6,7.1,0.81,2.1,0.6,1.142652,7.068868
10557,269,2013,331,1490,1.7,8.4,0.84,3.1,0.6,1.157019,7.136388
10558,269,2013,332,2090,6.2,10,0.96,2.5,0,1.17118,6.011682
10559,269,2013,333,600,5,8.8,0.85,6.2,5,1.185096,8
10560,269,2013,334,2460,3.5,9.3,0.84,3.1,0.4,1.198729,5.133486
10561,269,2013,335,1880,2.3,8.9,0.82,2.8,0.1,1.152804,6.289953
10562,269,2013,336,2950,-0.7,8.4,0.73,1.1,0,1.164385,3.819916
10563,269,2013,337,3880,-2.5,4.5,0.62,1.5,0,1.175584,1.072536
10564,269,2013,338,580,1.8,7.9,0.78,4.3,2.3,1.186362,8
10565,269,2013,339,480,1.5,8.3,0.72,9.7,11.8,1.196684,8
10566,269,2013,340,1800,1.4,5.2,0.58,8,1,1.206514,6.298462
10567,269,2013,341,860,2.8,7.2,0.79,4,0.9,1.215816,7.874919
10568,269,2013,342,1410,5,9.5,0.93,6.4,0.3,1.224556,6.927404
10569,269,2013,343,1800,6.6,10.4,1,6,0.2,1.232701,6.09263
10570,269,2013,344,3520,0.2,8.8,0.78,3.1,0,1.240217,1.306587
10571,269,2013,345,3180,-1,3.8,0.66,2.8,0,1.247076,2.44025
10572,269,2013,346,2940,0.7,5.3,0.7,4.3,0,1.253249,3.098822
10573,269,2013,347,2020,-0.1,4.7,0.68,4,0,1.258711,5.564221
10574,269,2013,348,2480,2.6,8.5,0.82,5.5,3.9,1.263437,4.295936
10575,269,2013,349,1560,6.1,8.9,0.88,7.6,1,1.267408,6.510947
10576,269,2013,350,2450,7.8,12.1,0.93,7.8,0,1.270606,4.285963
10577,269,2013,351,980,4.6,9.8,0.93,2.6,1,1.273017,7.592249
10578,269,2013,352,1510,5.1,8.7,0.84,6,0,1.274631,6.60198
10579,269,2013,353,2090,2.9,9.2,0.84,5.8,4.3,1.275439,5.257696
10580,269,2013,354,3190,3.2,7.9,0.8,6.6,0,1.275439,2.022929
10581,269,2013,355,450,5.9,7.4,0.85,10.1,7.7,1.274631,8
10582,269,2013,356,710,5.5,10.2,0.92,8.9,4.8,1.273017,8
10583,269,2013,357,2380,4.2,10.6,0.89,8.7,5.4,1.270606,4.502418
10584,269,2013,358,260,7.2,11.4,0.98,11.1,9.5,1.267408,8
10585,269,2013,359,2360,2.2,8.2,0.78,5,3.1,1.263437,4.648363
10586,269,2013,360,1410,1.6,6.4,0.76,3.1,0,1.258711,6.867497
10587,269,2013,361,460,2.7,9.3,0.81,9.3,6.6,1.253249,8
10588,269,2013,362,2710,3.1,8.5,0.83,5.7,1.7,1.247076,3.772541
10589,269,2013,363,2990,2.9,7.7,0.8,5.3,1.1,1.240217,3.022157
10590,269,2013,364,2440,1.8,7.1,0.71,7.8,0.8,1.232701,4.668263
10591,269,2013,365,2310,5.2,8.4,0.78,6.1,0.7,1.224556,5.018813
10592,269,2014,1,2330,4.7,8.9,0.84,7.1,0.8,1.215816,5.000371
10593,269,2014,2,1430,5.9,10.4,0.93,6.8,0.6,1.206514,6.94752
10594,269,2014,3,1320,5.9,11.4,0.95,8.8,9.1,1.196684,7.166418
10595,269,2014,4,1810,5.6,9.3,0.85,6,0,1.186362,6.30058
10596,269,2014,5,3290,3.4,7.8,0.79,5.8,0.1,1.175584,2.778789
10597,269,2014,6,1630,6.1,13.8,1.05,8.5,4.4,1.164385,6.688807
10598,269,2014,7,1280,9.1,11.5,1,8.3,1.5,1.152804,7.330083
10599,269,2014,8,1580,5.3,9.8,0.95,6,12.4,1.198729,6.870853
10600,269,2014,9,760,6.1,11.7,0.98,8.6,4.3,1.185096,8
10601,269,2014,10,2680,3.2,8.8,0.82,6,0,1.17118,4.840018
10602,269,2014,11,1480,2.7,7.4,0.77,6,1.2,1.157019,7.173281
10603,269,2014,12,3670,-1.2,6.4,0.68,3.1,0,1.142652,2.757372
10604,269,2014,13,2680,1.7,9,0.8,5,0.1,1.128114,5.121201
10605,269,2014,14,2180,2.4,8.3,0.81,3.1,0,1.113442,6.153965
10606,269,2014,15,1010,2.5,6.1,0.77,5.4,3.9,1.098668,7.918708
10607,269,2014,16,1260,5.4,8.7,0.94,5.2,4,1.083824,7.622133
10608,269,2014,17,1510,5.6,8.7,0.87,5.5,3.4,1.06894,7.333069
10609,269,2014,18,2990,2.7,9.2,0.79,3.4,0,1.054044,4.996665
10610,269,2014,19,2870,2.9,7.5,0.74,3.4,0,1.039163,5.338574
10611,269,2014,20,700,1.6,5.6,0.73,3.3,0,1.024323,8
10612,269,2014,21,740,1.5,4.3,0.73,1.1,0,1.058999,8
10613,269,2014,22,1710,1.9,4.8,0.68,3.1,0,1.042677,7.297032
10614,269,2014,23,590,1.2,4.6,0.71,3.6,5.5,1.026502,8
10615,269,2014,24,1530,0.6,5.2,0.72,2.5,0,1.010491,7.574873
10616,269,2014,25,2100,0.7,5.8,0.68,5,3,0.994664,6.956266
10617,269,2014,26,2920,2.4,6.3,0.71,5.9,11.2,0.9790346,5.912642
10618,269,2014,27,2770,2.1,5.7,0.69,6.1,1,0.963617,6.210638
10619,269,2014,28,4850,1.6,7.2,0.65,6.2,0.1,0.948423,2.974505
10620,269,2014,29,1520,-2.6,1.8,0.5,6.1,0,0.933463,7.766055
10621,269,2014,30,3600,-3.4,2.1,0.5,4.2,0,0.9187459,5.398484
10622,269,2014,31,5230,-2.9,6.2,0.58,3.5,0.4,0.9468111,2.908975
10623,269,2014,32,1680,4,8.1,0.79,7.6,4.2,0.9310723,7.68188
10624,269,2014,33,5430,2.8,7.8,0.72,6.1,0,0.9156522,2.85729
10625,269,2014,34,6560,-0.4,7.6,0.67,3.2,0,0.9005538,1.079744
10626,269,2014,35,4520,2.6,9.3,0.74,4.9,0,0.8857786,4.600015
10627,269,2014,36,5560,2.9,9.9,0.75,7.7,1.5,0.8713273,3.199885
10628,269,2014,37,4100,5.9,9.8,0.86,7.8,5.6,0.8571998,5.360943
10629,269,2014,38,890,4.1,9.9,0.9,7,14.7,0.843395,8
10630,269,2014,39,1160,4,8.7,0.8,8.3,2.8,0.829911,8
10631,269,2014,40,1790,3.8,7.1,0.69,11.2,1,0.853331,7.840575
10632,269,2014,41,3370,1.4,7.4,0.73,3.3,0,0.8391428,6.549465
10633,269,2014,42,4390,3,7.8,0.77,6.2,1.5,0.8253233,5.577181
10634,269,2014,43,5850,2.6,8.9,0.75,8.4,1.5,0.8118664,3.989456
10635,269,2014,44,3060,2,7.3,0.72,6.9,0.6,0.7987658,7.00864
10636,269,2014,45,4720,2,9.4,0.8,6.6,4,0.7860145,5.523645
10637,269,2014,46,3700,5.3,12.5,0.79,12.8,2.1,0.7736058,6.57583
10638,269,2014,47,5670,0,8.9,0.7,6.3,0.1,0.7615323,4.787418
10639,269,2014,48,3790,0.2,9.7,0.77,3.1,0,0.7819394,6.634346
10640,269,2014,49,3170,4.4,8.4,0.8,3.9,0.1,0.7693533,7.161581
10641,269,2014,50,4600,5.6,9.9,0.95,4.8,0.3,0.7571323,6.0566
10642,269,2014,51,1910,5.1,9.9,0.96,6.2,3,0.7452664,8
10643,269,2014,52,5810,4.6,9.5,0.84,6.3,2.6,0.7337458,5.183913
10644,269,2014,53,5040,4.1,9.9,0.84,6.3,0.6,0.7225609,5.958591
10645,269,2014,54,7460,3.5,11.1,0.85,6,0,0.7117022,3.819392
10646,269,2014,55,8720,3.4,12.1,0.79,4.5,0,0.7011604,2.670692
10647,269,2014,56,4200,6,11.2,0.88,5.2,2,0.7190148,6.788849
10648,269,2014,57,6610,2.5,10.8,0.87,3.5,0,0.7080988,5.00716
10649,269,2014,58,4110,2.6,8.4,0.81,5.5,2,0.6975169,6.964944
10650,269,2014,59,5670,2.6,8,0.79,3.3,0.2,0.6872585,5.96984
10651,269,2014,60,5800,3,7.9,0.78,2.5,0.9,0.677313,5.95788
10652,269,2014,61,9790,2.7,9.7,0.73,5,0,0.6676702,2.709578
10653,269,2014,62,2830,-0.3,8.2,0.69,4.2,0.2,0.6583203,7.821908
10654,269,2014,63,9950,-0.9,11.1,0.76,2.1,0,0.674655,2.885123
10655,269,2014,64,8770,0.9,11.5,0.83,1.5,0,0.6650076,4.044661
10656,269,2014,65,7710,0.6,12.7,0.76,3.1,0,0.6556639,5.023398
10657,269,2014,66,5690,2,11.8,0.79,4.1,0,0.6466133,6.443644
10658,269,2014,67,12030,-1.5,15.7,0.77,3.1,0,0.6378454,1.668344
10659,269,2014,68,13360,4.5,18.8,0.86,3.5,0,0.6293505,0.5245936
10660,269,2014,69,13050,2.7,15.7,0.92,3.9,0,0.6211191,1.008473
10661,269,2014,70,11160,4,14.1,0.96,5.6,0,0.6361355,2.866578
10662,269,2014,71,13610,1.1,15.9,0.9,3.6,0,0.6276647,0.920992
10663,269,2014,72,13100,0.1,15,0.85,1.5,0,0.6194641,1.619542
10664,269,2014,73,7390,1.1,11.1,0.86,3.5,0,0.6115237,5.888424
10665,269,2014,74,11070,7.8,11.5,0.94,7.4,0,0.6038343,3.532096
10666,269,2014,75,7830,9.3,12,1.04,6.6,0,0.5963868,5.735121
10667,269,2014,76,5720,7.9,11.5,0.99,5.5,0,0.5891726,6.905083
10668,269,2014,77,4020,7.5,10.9,0.99,6.4,4.4,0.5821833,7.662942
10669,269,2014,78,12310,7.2,14,0.98,7.7,0,0.5956537,3.150855
10670,269,2014,79,15880,6.1,20.2,1,6.9,0,0.5884819,0.5195128
10671,269,2014,80,5170,4.3,11,0.88,4.5,24.8,0.5815388,7.304336
10672,269,2014,81,9300,3.2,10.3,0.78,6,0.1,0.5748159,5.426028
10673,269,2014,82,11030,0.1,10.2,0.73,4.2,0.3,0.5683055,4.553179
10674,269,2014,83,15480,0,9.6,0.68,2.3,3.1,0.5619997,1.790973
10675,269,2014,84,15000,-2.2,11,0.65,2.8,0,0.5558914,2.302523
10676,269,2014,85,12910,0.1,9.5,0.7,2.4,0.6,0.5684729,3.750341
10677,269,2014,86,15540,1.5,13.3,0.74,5.5,0,0.5622141,2.167154
10678,269,2014,87,16510,3.3,16.2,0.88,4.9,0,0.5561551,1.56082
10679,269,2014,88,16340,2.6,19,0.95,3.5,0,0.5502887,1.790491
10680,269,2014,89,13510,2.7,19.5,0.99,2.4,0,0.5446078,3.694632
10681,269,2014,90,13260,7.3,18.9,1.18,3.3,0,0.5391059,3.870158
10682,269,2014,91,13650,5.1,19.4,1.11,2.3,0,0.5337767,3.77249
10683,269,2014,92,14180,4.1,19.2,1.12,2.9,0,0.5456155,3.566352
10684,269,2014,93,15130,6.1,20.8,1.25,3.3,4.6,0.5401617,3.067903
10685,269,2014,94,4300,10.8,13.7,1.27,1.7,0,0.5348822,7.880941
10686,269,2014,95,12260,7.6,17.2,1.18,2.1,0,0.5297707,4.828224
10687,269,2014,96,5170,6.7,16.3,1.19,4.7,1.1,0.5248214,7.664231
10688,269,2014,97,11510,11.5,20.7,1.54,4.6,9.4,0.5200285,5.234771
10689,269,2014,98,11120,7.2,13.3,1.01,7.6,7.7,0.5153867,5.587769
10690,269,2014,99,17050,4.1,13.6,0.9,5.5,0,0.5108907,2.784244
10691,269,2014,100,5900,6.6,14.3,1.1,2,0,0.521868,7.529957
10692,269,2014,101,18260,4.8,15,0.99,2.4,0,0.5172753,2.278764
10693,269,2014,102,16250,2.8,14.9,0.89,3.1,0,0.5128295,3.505534
10694,269,2014,103,14950,7.6,12.4,0.91,5.7,0,0.5085257,4.214223
10695,269,2014,104,14990,6.1,11.2,0.79,8.5,1.3,0.5043589,4.315268
10696,269,2014,105,15690,2.2,10,0.65,5.4,0.1,0.5003246,4.1268
10697,269,2014,106,21780,-0.5,14.8,0.66,1.8,0,0.4964183,1.086289
10698,269,2014,107,15230,4.2,17,0.84,5.8,1.4,0.5069366,4.393244
10699,269,2014,108,14440,6.2,11.6,0.86,5.8,0.3,0.5029512,4.789347
10700,269,2014,109,20520,5,16,0.94,5.7,0,0.4990948,1.932634
10701,269,2014,110,20560,9.1,21.1,1.13,6.5,0,0.4953631,1.911444
10702,269,2014,111,5490,7.8,13.8,1.17,3.5,2.5,0.4917521,7.805942
10703,269,2014,112,17430,7.6,17.4,1.19,3,0,0.4882578,3.614908
10704,269,2014,113,16480,5.3,19.5,1.18,2.2,0.5,0.4848763,4.113263
10705,269,2014,114,13520,6,20.9,1.36,2.5,7.3,0.4816042,5.333342
10706,269,2014,115,18980,12,21.8,1.6,4.9,2.6,0.4915944,2.961859
10707,269,2014,116,16150,9.1,18,1.21,2.4,0,0.4882636,4.421088
10708,269,2014,117,5080,9.5,13.5,1.25,1.9,6.2,0.4850432,7.960562
10709,269,2014,118,8680,8.2,14.8,1.24,2.3,0,0.4819296,7.072362
10710,269,2014,119,8450,12.3,16,1.5,1.7,4.9,0.4789195,7.129229
10711,269,2014,120,16220,11.1,18.4,1.49,3,0,0.4760096,4.523157
10712,269,2014,121,10630,10.2,16.6,1.38,3.1,0,0.4731969,6.551173
10713,269,2014,122,9260,6.1,12.6,0.91,5.9,0,0.4704785,7.026589
10714,269,2014,123,23750,2.7,13,0.74,3.6,0,0.4678514,1.710265
10715,269,2014,124,18830,2.6,13,0.75,1.9,0,0.4773439,3.924324
10716,269,2014,125,21850,4,19.1,0.79,3,0,0.4746808,2.693818
10717,269,2014,126,11650,10.3,18.3,1.16,4.3,3.6,0.4721102,6.392537
10718,269,2014,127,13060,9.4,16.4,1.18,6.2,1.6,0.4696294,5.97976
10719,269,2014,128,5930,11.2,14.3,1.3,6.3,14.2,0.4672358,7.867136
10720,269,2014,129,11650,7.8,15.4,1.15,7,3.5,0.4649269,6.45879
10721,269,2014,130,5580,8,14.7,1.21,7.5,6.3,0.4627003,7.958767
10722,269,2014,131,7850,9.4,12.1,1.15,8.5,13.6,0.4605537,7.478577
10723,269,2014,132,16990,5,14.7,1.01,5.3,2.5,0.4584847,4.856151
10724,269,2014,133,23730,4.9,13.7,0.87,3.7,0.6,0.4676989,2.311668
10725,269,2014,134,17330,7.6,13.1,0.92,4.3,0.5,0.4656148,4.829343
10726,269,2014,135,19260,5.3,14.4,0.88,2.4,0,0.46361,4.186795
10727,269,2014,136,27360,2.4,17.1,0.91,2.3,0,0.4616822,0.8262851
10728,269,2014,137,26700,5.4,19.5,1.11,2,0,0.4598295,1.072907
10729,269,2014,138,27170,7.4,22.2,1.2,2.4,0,0.4580498,0.8610104
10730,269,2014,139,25800,9.1,24.5,1.36,2.7,0,0.4563412,1.467944
10731,269,2014,140,20160,11.3,27,1.51,3.5,10.1,0.4547021,3.815148
10732,269,2014,141,15280,12.9,22.3,1.53,2.5,0.4,0.4531306,5.542983
10733,269,2014,142,22290,15,22.4,1.42,4.5,1.6,0.451625,3.078915
10734,269,2014,143,14330,10.6,20.2,1.33,2.9,0,0.4607171,5.907474
10735,269,2014,144,18790,10,20.1,1.2,3.8,0,0.4592205,4.52121
10736,269,2014,145,24200,10.2,21,1.29,2.9,0,0.4577919,2.460066
10737,269,2014,146,10030,11.5,21.9,1.62,4.3,10.7,0.4564298,7.066596
10738,269,2014,147,9430,14,19.4,1.73,2.5,13.4,0.4551327,7.208652
10739,269,2014,148,4410,10.5,14.8,1.41,4.1,12.3,0.453899,8
10740,269,2014,149,8510,4.9,12.5,1,4.6,1.2,0.4527275,7.487319
10741,269,2014,150,19830,4.6,16.9,1.01,2.3,0,0.4516167,4.352854
10742,269,2014,151,27920,4.6,18.1,0.98,2.2,0,0.4505656,1.246229
10743,269,2014,152,24510,7.6,17.6,1.11,2.4,0,0.4495727,2.625602
10744,269,2014,153,24020,6.1,19.5,1.14,2,0,0.4486372,2.829523
10745,269,2014,154,20480,7.3,20.3,1.2,1.9,1.2,0.4477578,4.138142
10746,269,2014,155,13590,12,19.1,1.57,3.5,15,0.4469337,6.226134
10747,269,2014,156,15090,8.4,17.1,1.19,6,3.7,0.4461639,5.875966
10748,269,2014,157,27660,7.7,21.6,1.2,3.5,0,0.4454475,1.400227
10749,269,2014,158,21010,10.3,27.6,1.62,3,0,0.4447838,3.884546
10750,269,2014,159,19010,15,23.4,1.85,2.4,0.8,0.4441721,4.542073
10751,269,2014,160,20170,15.8,26.8,2.1,2.6,0.5,0.4533817,4.090239
10752,269,2014,161,19570,14.6,25.4,1.94,3.2,4.9,0.4528294,4.348201
10753,269,2014,162,28520,10.7,21,1.33,2.8,0,0.4523328,1.052599
10754,269,2014,163,28900,8.7,21.9,1.25,2.1,0,0.4518908,0.9424607
10755,269,2014,164,22930,10.5,21.2,1.35,3.5,0,0.4515028,3.327425
10756,269,2014,165,18730,13.5,18.8,1.3,4.3,0,0.4511678,4.808247
10757,269,2014,166,23510,10.8,19.8,1.27,3.6,0,0.4508853,3.152303
10758,269,2014,167,13060,12.6,17.7,1.34,4.3,1.4,0.4506548,6.45536
10759,269,2014,168,22380,10.4,19.4,1.34,4.8,0,0.4504759,3.553329
10760,269,2014,169,19670,10.4,19.5,1.33,3.5,0.1,0.4503484,4.503381
10761,269,2014,170,6190,12.9,17.1,1.36,4.2,1.8,0.4502719,7.965612
10762,269,2014,171,15020,11.1,17.6,1.26,4.3,1.1,0.4502464,5.943239
10763,269,2014,172,23040,10.5,20.1,1.3,3,0,0.4502719,3.325539
10764,269,2014,173,23270,8.9,19.4,1.23,3.3,0,0.4503484,3.263024
10765,269,2014,174,24700,7.4,19.8,1.18,2.4,0,0.4504759,2.736597
10766,269,2014,175,19570,10.6,20.6,1.38,2.8,0,0.4506548,4.513223
10767,269,2014,176,25550,8.6,19,1.09,2.6,0,0.4508853,2.431498
10768,269,2014,177,26140,10.6,21.1,1.3,2,0,0.4511678,2.089436
10769,269,2014,178,12200,12.1,21.2,1.48,2.1,0.2,0.4515028,6.64556
10770,269,2014,179,16830,13.9,21.2,1.55,3.5,0,0.4518908,5.331855
10771,269,2014,180,22140,12.3,19,1.37,2.6,4.4,0.4523328,3.578204
10772,269,2014,181,14970,8.7,17.5,1.22,2.6,10.5,0.4528294,5.929815
10773,269,2014,182,22220,7.2,18.3,1.12,2.9,0.1,0.4533817,3.611389
10774,269,2014,183,25090,10.6,19.8,1.26,1.8,0,0.4441721,2.444979
10775,269,2014,184,27820,10.2,25.1,1.33,3.5,0,0.4447838,1.250448
10776,269,2014,185,21600,12.3,28.7,1.47,3.3,0,0.4454475,3.674683
10777,269,2014,186,11950,17.3,22,1.88,4.5,4,0.4461639,6.623731
10778,269,2014,187,14910,14.3,24.5,1.89,5,10.2,0.4469337,5.78657
10779,269,2014,188,21340,12.5,22.4,1.58,3.4,0,0.4477578,3.682893
10780,269,2014,189,5120,13.7,17.5,1.51,3.8,3,0.4486372,8
10781,269,2014,190,3460,13.7,18.5,1.74,6.3,4.5,0.4495727,8
10782,269,2014,191,23420,14.7,26.4,2.11,2.4,20.3,0.4505656,2.634665
10783,269,2014,192,22640,15.1,25.8,2.14,2.7,0.9,0.4516167,2.918055
10784,269,2014,193,26770,13.4,25.4,1.71,2.4,0,0.4527275,1.259613
10785,269,2014,194,19400,15,23.1,1.81,3.5,0,0.453899,4.203038
10786,269,2014,195,21010,13.6,21.8,1.7,3.9,0.5,0.4551327,3.604061
10787,269,2014,196,10950,13.3,21.7,1.76,3.5,0,0.4564298,6.808159
10788,269,2014,197,24880,13.3,25.7,1.75,1.5,0,0.4577919,1.923061
10789,269,2014,198,25520,13.8,27,1.8,2.3,0,0.4592205,1.57346
10790,269,2014,199,25240,15.8,30.9,2.01,3.5,0,0.4607171,1.572765
10791,269,2014,200,22690,17.8,33.7,1.92,3.2,0,0.451625,2.685071
10792,269,2014,201,16490,19.9,25.6,2.21,2.8,1,0.4531306,4.983206
10793,269,2014,202,3730,18.9,20.7,2.17,3.1,11.6,0.4547021,8
10794,269,2014,203,26010,17.6,28,2.05,4.8,0,0.4563412,0.9824893
10795,269,2014,204,27750,17,28.8,1.84,5.4,0,0.4580498,0.1499365
10796,269,2014,205,23220,14.5,26.5,1.64,5,0,0.4598295,2.323093
10797,269,2014,206,7330,16.3,19.8,1.88,2,2.5,0.4616822,7.582065
10798,269,2014,207,17310,17.2,24.9,2.12,2.5,0,0.46361,4.524374
10799,269,2014,208,20580,17.5,25.4,2.12,3.1,0,0.4656148,3.167383
10800,269,2014,209,5290,15.7,22,2,3.7,37.3,0.4676989,7.994713
10801,269,2014,210,24030,17.4,25.9,2.15,4.4,0.9,0.4584847,1.460051
10802,269,2014,211,21180,12.4,22.9,1.56,3.2,0,0.4605537,2.92727
10803,269,2014,212,22790,12,24.8,1.65,2.9,0,0.4627003,2.108507
10804,269,2014,213,21730,12.4,26,1.76,1.8,0,0.4649269,2.49462
10805,269,2014,214,15090,15.8,29,2.22,2.8,4.2,0.4672358,5.086665
10806,269,2014,215,21610,14,25.3,1.76,2.4,0,0.4696294,2.422278
10807,269,2014,216,20980,12.9,23.3,1.56,3,0,0.4721102,2.72013
10808,269,2014,217,19400,10.3,24.3,1.5,1.5,0,0.4746808,3.384468
10809,269,2014,218,9730,14.2,22.9,1.71,3.5,3.5,0.4773439,6.815845
10810,269,2014,219,17650,13.1,23.9,1.81,2.5,0,0.4678514,3.933912
10811,269,2014,220,10730,13.1,23.5,1.85,3.7,1.4,0.4704785,6.453232
10812,269,2014,221,21640,14,23.3,1.61,5.6,4.6,0.4731969,2.023551
10813,269,2014,222,8340,14.2,24.1,1.89,4.8,10,0.4760096,7.120612
10814,269,2014,223,16810,13.7,21,1.53,7.5,2.9,0.4789195,4.145557
10815,269,2014,224,16810,13.2,20.1,1.48,6.7,10.3,0.4819296,4.102623
10816,269,2014,225,21180,12.1,21.3,1.46,5.1,0,0.4850432,1.979047
10817,269,2014,226,17890,12.9,20.8,1.57,4.3,4.9,0.4882636,3.466482
10818,269,2014,227,16990,11.3,19.7,1.48,2.6,2.4,0.4915944,3.839356
10819,269,2014,228,9430,11.9,18.5,1.35,4.5,1.7,0.4816042,6.719387
10820,269,2014,229,5350,11.7,16.5,1.43,6.6,10.5,0.4848763,7.834333
10821,269,2014,230,9590,8.5,17,1.31,5.6,7.6,0.4882578,6.618939
10822,269,2014,231,12100,9.2,17.3,1.29,4.8,4.6,0.4917521,5.70357
10823,269,2014,232,17960,8.6,17.4,1.21,3.8,0.8,0.4953631,3.101467
10824,269,2014,233,14550,7.4,17.6,1.16,3.8,0.1,0.4990948,4.636579
10825,269,2014,234,6770,8.7,16.4,1.28,4.8,11.3,0.5029512,7.393253
10826,269,2014,235,14240,7.5,17,1.26,2.8,3.4,0.5069366,4.621463
10827,269,2014,236,18220,6.9,18.1,1.19,3.7,0,0.4964183,2.613674
10828,269,2014,237,7440,9.4,17,1.26,2.3,1.5,0.5003246,7.129646
10829,269,2014,238,11840,7.7,18.1,1.25,4.5,3.4,0.5043589,5.487692
10830,269,2014,239,19910,5.4,21.3,1.16,1.4,0,0.5085257,1.328311
10831,269,2014,240,12390,9.7,21.7,1.52,3.3,0.7,0.5128295,5.077008
10832,269,2014,241,16240,13.7,21.2,1.6,5.4,0,0.5172753,3.035193
10833,269,2014,242,9750,13.3,19.9,1.64,5.2,2.2,0.521868,6.085311
10834,269,2014,243,15110,10.2,19.3,1.44,3.4,3.2,0.5108907,3.519342
10835,269,2014,244,16650,7.9,20.6,1.35,1.9,0,0.5153867,2.576615
10836,269,2014,245,12010,9,20.2,1.46,2,0,0.5200285,4.945567
10837,269,2014,246,18180,9.9,22,1.47,3.5,0,0.5248214,1.307088
10838,269,2014,247,17910,11.2,24.4,1.63,3.5,0,0.5297707,1.265534
10839,269,2014,248,9720,12.4,22.9,1.76,1.5,0,0.5348822,5.78118
10840,269,2014,249,4870,13.5,19.7,1.74,1.8,0,0.5401617,7.645245
10841,269,2014,250,14200,11.7,21.6,1.57,2.3,0,0.5456155,3.285339
10842,269,2014,251,18150,8.1,19.8,1.21,2.2,0,0.5337767,0.6899119
10843,269,2014,252,8000,13.9,17.5,1.32,2.9,0,0.5391059,6.414614
10844,269,2014,253,9290,12,18.2,1.29,2.8,0,0.5446078,5.780427
10845,269,2014,254,13070,11,21.5,1.44,4,0,0.5502887,3.581455
10846,269,2014,255,15820,8.8,22.2,1.43,4.1,0,0.5561551,1.60032
10847,269,2014,256,11570,13.4,22.1,1.71,4,0,0.5622141,4.214845
10848,269,2014,257,11050,10.9,20.7,1.54,2.9,0,0.5684729,4.477692
10849,269,2014,258,13490,10.2,22.8,1.61,2.8,0,0.5558914,2.754959
10850,269,2014,259,11730,14.6,24.7,1.92,2.3,0,0.5619997,3.738575
10851,269,2014,260,15550,11.8,25.1,1.7,2.8,0,0.5683055,0.8120956
10852,269,2014,261,14870,11.9,25.9,1.73,2.6,0,0.5748159,1.17272
10853,269,2014,262,13060,12.5,23.8,1.81,1.5,0,0.5815388,2.417825
10854,269,2014,263,11070,13.1,22.7,1.81,2,0,0.5884819,3.754211
10855,269,2014,264,12130,14.1,18.3,1.38,5.4,4.5,0.5956537,2.99605
10856,269,2014,265,9350,12.6,16.9,1.09,5.5,0.5,0.5821833,4.900206
10857,269,2014,266,8770,6.4,17.7,1.08,2.5,0,0.5891726,5.177878
10858,269,2014,267,3190,11.4,15.3,1.35,4,9.4,0.5963868,7.895752
10859,269,2014,268,8300,11.7,17.2,1.28,4.6,0,0.6038343,5.247694
10860,269,2014,269,4260,10.6,19.4,1.55,4,0.2,0.6115237,7.381465
10861,269,2014,270,11960,8.5,21.1,1.41,1.7,0,0.6194641,2.174066
10862,269,2014,271,10950,9.1,21.5,1.48,1.8,0,0.6276647,2.853661
10863,269,2014,272,5950,11.6,20,1.65,2.6,0.4,0.6361355,6.344155
10864,269,2014,273,8390,11.2,19.6,1.59,3.5,0.4,0.6211191,4.619051
10865,269,2014,274,8690,10.8,20.6,1.62,2.4,0,0.6293505,4.26044
10866,269,2014,275,3550,12.2,17.2,1.54,1.7,0,0.6378454,7.529674
10867,269,2014,276,12080,11.1,22,1.53,1.5,0,0.6466133,0.7867918
10868,269,2014,277,11190,12.6,21.4,1.49,3.5,1,0.6556639,1.52642
10869,269,2014,278,4430,12.3,14.8,1.23,3,0.1,0.6650076,6.972496
10870,269,2014,279,3910,12.6,15.5,1.41,3.2,1.6,0.674655,7.208339
10871,269,2014,280,7390,9.1,15.5,1.19,7.1,7.3,0.6583203,4.738746
10872,269,2014,281,3430,8.5,16.1,1.26,5.1,3,0.6676702,7.415748
10873,269,2014,282,8470,12,17.9,1.38,6.1,2.2,0.677313,3.418905
10874,269,2014,283,10010,9.4,17.8,1.31,4.5,0,0.6872585,1.618136
10875,269,2014,284,5060,7.7,16.1,1.3,2.3,5.9,0.6975169,6.190451
10876,269,2014,285,9720,8.3,16.2,1.33,3.4,1.4,0.7080988,1.503227
10877,269,2014,286,4620,11.6,18.2,1.42,3.5,0.6,0.7190148,6.362439
10878,269,2014,287,2800,9.8,13.5,1.25,5.3,1,0.7011604,7.573726
10879,269,2014,288,7630,10.1,16.8,1.4,3.8,0.1,0.7117022,3.311257
10880,269,2014,289,4290,11.9,17.6,1.54,3.6,1.5,0.7225609,6.395371
10881,269,2014,290,5010,9.8,18.3,1.49,3.1,3.7,0.7337458,5.702849
10882,269,2014,291,7110,12.8,21.4,1.64,4.5,0,0.7452664,3.31241
10883,269,2014,292,4480,14.3,20.4,1.7,6.5,0.1,0.7571323,5.976668
10884,269,2014,293,6650,12.7,17,1.44,5.6,4.1,0.7693533,3.603267
10885,269,2014,294,1780,8.6,13,1.11,7.9,16.7,0.7819394,8
10886,269,2014,295,6580,6.7,12.7,0.94,6.1,1.1,0.7615323,3.556291
10887,269,2014,296,3230,9.1,14.1,1.2,4.8,0.4,0.7736058,6.877509
10888,269,2014,297,1800,11.1,12.5,1.25,5.6,4,0.7860145,7.912111
10889,269,2014,298,2850,9,14.5,1.26,3.8,1.6,0.7987658,7.083593
10890,269,2014,299,3480,9,14.9,1.2,4.7,0,0.8118664,6.46091
10891,269,2014,300,7250,9.6,16.3,1.25,3.9,0,0.8253233,1.405304
10892,269,2014,301,8220,7.6,13.6,1.13,4.5,0,0.8391428,0
10893,269,2014,302,1110,8.6,12.6,1.24,3.9,0.3,0.853331,8
10894,269,2014,303,1860,10.4,14.5,1.4,2.7,0,0.829911,7.688586
10895,269,2014,304,4350,9.9,17,1.4,3.1,0,0.843395,4.94732
10896,269,2014,305,6770,10.5,18.2,1.41,3.3,0,0.8571998,0.8512781
10897,269,2014,306,6810,12.5,16.9,1.39,6.1,10,0.8713273,0.5093007
10898,269,2014,307,2620,9.5,15.1,1.2,7.7,6.1,0.8857786,6.815405
10899,269,2014,308,3040,5.6,10.7,1.01,3.2,0.5,0.9005538,6.304109
10900,269,2014,309,2250,3.6,9,0.94,1.4,0,0.9156522,7.134891
10901,269,2014,310,2110,4.5,8,0.9,2.3,0,0.9310723,7.237196
10902,269,2014,311,1930,4.5,9.6,0.85,6.5,0.2,0.9468111,7.384103
10903,269,2014,312,6140,7.9,12.5,1.03,5.3,0,0.9187459,0.4458714
10904,269,2014,313,4990,7.6,13.3,1.06,3.3,0.2,0.933463,2.584403
10905,269,2014,314,5690,6.3,12.6,1.03,4.5,0.8,0.948423,0.9018262
10906,269,2014,315,4310,5.1,12.8,1.03,3.9,0,0.963617,3.54505
10907,269,2014,316,1830,5,11.9,1.03,2.4,0.2,0.9790346,7.260551
10908,269,2014,317,5300,2.4,13.6,1,2.4,0,0.994664,1.058267
10909,269,2014,318,3300,6.6,12,1.08,3.3,4,1.010491,4.95707
10910,269,2014,319,1150,7.6,11.1,1.13,2.8,4,1.026502,7.907869
10911,269,2014,320,640,7,9.5,1.07,2.3,16.6,1.042677,8
10912,269,2014,321,3860,7.3,11.7,1.08,3.2,0,1.058999,3.450602
10913,269,2014,322,830,6.8,8.1,0.97,3.9,0.2,1.024323,8
10914,269,2014,323,640,6.7,7.9,0.98,2.3,0.1,1.039163,8
10915,269,2014,324,1190,6.2,7.9,0.91,2.3,0,1.054044,7.75513
10916,269,2014,325,4830,1.8,8.1,0.76,3.5,0,1.06894,0.4677591
10917,269,2014,326,2830,4.1,11.4,0.94,2.7,0,1.083824,5.023993
10918,269,2014,327,3570,8.4,13.8,1.2,3.3,2.1,1.098668,3.135631
10919,269,2014,328,4170,2.2,10.9,0.86,2.5,2.1,1.113442,1.582155
10920,269,2014,329,3430,-0.5,8,0.77,2.8,0,1.128114,3.406672
10921,269,2014,330,2430,2.7,5.6,0.73,4.4,0,1.142652,5.542443
10922,269,2014,331,1390,5.3,8.5,0.92,3.4,3.1,1.157019,7.279599
10923,269,2014,332,2210,2,7.2,0.75,5.3,0,1.17118,5.831118
10924,269,2014,333,3240,1.3,4.2,0.66,4.3,0,1.185096,3.431409
10925,269,2014,334,400,1.1,2.8,0.68,3.2,0,1.198729,8
10926,269,2014,335,690,-0.1,1.5,0.59,5.2,0,1.152804,8
10927,269,2014,336,790,-0.3,0.7,0.56,3.9,0,1.164385,8
10928,269,2014,337,600,-3.3,0.7,0.49,5.2,0,1.175584,8
10929,269,2014,338,770,-2.5,0.8,0.52,2.8,0,1.186362,8
10930,269,2014,339,2180,0.2,4.5,0.67,3,0,1.196684,5.503563
10931,269,2014,340,2430,-1.2,8,0.74,1.8,0.1,1.206514,4.834374
10932,269,2014,341,580,-1.1,6.3,0.67,5.8,2.7,1.215816,8
10933,269,2014,342,2110,0.7,5.5,0.71,4.6,5.8,1.224556,5.509733
10934,269,2014,343,2990,-2,5,0.64,4.2,0,1.232701,3.171331
10935,269,2014,344,2540,3.7,8,0.78,7.7,6.3,1.240217,4.307694
10936,269,2014,345,1650,4.4,7.1,0.74,8,6.4,1.247076,6.4197
10937,269,2014,346,460,1.7,8.9,0.8,8.8,12.8,1.253249,8
10938,269,2014,347,1110,1.2,6.4,0.74,3.5,0.1,1.258711,7.416682
10939,269,2014,348,3340,0.1,4.9,0.66,5.6,0.1,1.263437,1.745505
10940,269,2014,349,1420,3.3,7.6,0.85,6.1,2.5,1.267408,6.804187
10941,269,2014,350,1770,1.3,7.4,0.78,4.1,2.1,1.270606,6.063803
10942,269,2014,351,580,3.2,10.1,0.94,6.2,2.2,1.273017,8
10943,269,2014,352,730,9.8,12.5,1.25,7.8,4.2,1.274631,7.968335
10944,269,2014,353,1820,7,12.2,1,8.1,16.5,1.275439,5.874478
10945,269,2014,354,1290,4.5,8.8,0.78,8,4.1,1.275439,7.050263
10946,269,2014,355,750,4.3,10.8,0.91,7.7,0,1.274631,7.95914
10947,269,2014,356,620,10.6,12.9,1.17,11.9,0.7,1.273017,8
10948,269,2014,357,1430,9.6,12.2,1.04,10.5,0.1,1.270606,6.745513
10949,269,2014,358,1080,5.3,10.2,0.91,7.2,10.8,1.267408,7.433983
10950,269,2014,359,2380,1.6,7.4,0.67,5.3,2.9,1.263437,4.642676
10951,269,2014,360,2440,-1.2,4.9,0.64,2.8,0.3,1.258711,4.527913
10952,269,2014,361,690,-1.6,3,0.54,8.7,2.5,1.253249,8
10953,269,2014,362,3570,-3,3,0.51,4.3,0.3,1.247076,1.316272
10954,269,2014,363,2110,1.2,5.9,0.7,3.4,2.5,1.240217,5.444026
10955,269,2014,364,850,3.2,6,0.73,2.9,0.8,1.232701,7.875591
10956,269,2014,365,2360,1.7,7.6,0.79,3.8,0.3,1.224556,4.89066
10957,269,2015,1,1260,0.7,4.3,0.62,7.6,0.2,1.215816,7.270759
10958,269,2015,2,2880,4.3,10,0.79,8.8,4.4,1.206514,3.650914
10959,269,2015,3,690,3,5.6,0.73,5.2,0.5,1.196684,8
10960,269,2015,4,3360,-1.3,6.9,0.63,3.9,0,1.186362,2.567384
10961,269,2015,5,1510,0,3.5,0.65,4.3,0,1.175584,6.939248
10962,269,2015,6,2390,1.6,5.7,0.69,4,1.1,1.164385,5.221436
10963,269,2015,7,3030,0,6.5,0.69,5.9,0.3,1.152804,3.76367
10964,269,2015,8,290,3.7,8.1,0.88,7.6,13,1.198729,8
10965,269,2015,9,770,5,13.4,1,11,6.2,1.185096,8
10966,269,2015,10,930,5,13.1,0.89,11.8,2.7,1.17118,7.910843
10967,269,2015,11,1720,4.4,7.6,0.7,9.4,0.7,1.157019,6.803187
10968,269,2015,12,680,6.6,9.5,0.96,11,3.6,1.142652,8
10969,269,2015,13,670,5.4,10.5,0.98,7.8,18.6,1.128114,8
10970,269,2015,14,1470,2,5.5,0.69,7.4,3.5,1.113442,7.305907
10971,269,2015,15,420,4.7,9.9,0.89,10.3,8.2,1.098668,8
10972,269,2015,16,2760,1.7,7.9,0.73,6.4,4.8,1.083824,5.262443
10973,269,2015,17,4180,-1.4,5.6,0.6,5.1,0,1.06894,2.367752
10974,269,2015,18,770,0.8,3.3,0.67,3.8,4.3,1.054044,8
10975,269,2015,19,1320,-0.7,1.2,0.62,1,0,1.039163,7.666496
10976,269,2015,20,2420,-1.1,3.2,0.62,2.3,0,1.024323,6.214665
10977,269,2015,21,2390,-2,1.2,0.51,2.9,0,1.058999,6.362186
10978,269,2015,22,2150,-3.8,0.2,0.47,4.4,0,1.042677,6.773504
10979,269,2015,23,980,-6.4,-1.8,0.43,2.9,0,1.026502,8
10980,269,2015,24,4420,-1.9,5,0.62,4.4,8.1,1.010491,3.099832
10981,269,2015,25,1420,0.1,4.7,0.7,3.1,1,0.994664,7.724547
10982,269,2015,26,1050,3.2,7.5,0.83,4.8,3.2,0.9790346,8
10983,269,2015,27,2720,1.2,7.3,0.75,3.8,0,0.963617,6.263411
10984,269,2015,28,460,2.8,6.8,0.75,8.7,9.4,0.948423,8
10985,269,2015,29,2230,0.2,4.1,0.62,6.3,5.9,0.933463,7.023262
10986,269,2015,30,5490,-0.8,5.1,0.66,4.2,8.2,0.9187459,2.161561
10987,269,2015,31,5390,-1.9,4.4,0.62,3.5,0.5,0.9468111,2.593486
10988,269,2015,32,2400,-1.4,4.7,0.66,2.6,0.7,0.9310723,6.990881
10989,269,2015,33,4830,-0.6,5.6,0.66,3.7,1,0.9156522,3.88003
10990,269,2015,34,6510,-3.2,5.9,0.6,2.7,0,0.9005538,1.235308
10991,269,2015,35,4870,-2.7,4.4,0.6,2.1,0.5,0.8857786,4.162386
10992,269,2015,36,4960,-4.9,1.3,0.48,3.7,0.2,0.8713273,4.250042
10993,269,2015,37,7260,-2.7,1.9,0.5,5.3,0,0.8571998,0.7667748
10994,269,2015,38,2670,-4.9,5.2,0.59,2.8,0.5,0.843395,7.054945
10995,269,2015,39,4590,3.4,6.7,0.69,5.8,0,0.829911,5.042952
10996,269,2015,40,2610,4.2,7.1,0.87,4.4,0.4,0.853331,7.165692
10997,269,2015,41,2460,4.4,6.9,0.85,2.3,0.1,0.8391428,7.340542
10998,269,2015,42,1270,2.8,5.1,0.7,2,0,0.8253233,8
10999,269,2015,43,1970,0.3,4,0.65,1.8,0,0.8118664,7.801227
11000,269,2015,44,7150,0,9.9,0.71,3.8,0,0.7987658,2.458926
11001,269,2015,45,3750,3.6,10.3,0.81,3.5,0,0.7860145,6.458372
11002,269,2015,46,6120,-2.7,4.7,0.6,4.4,0,0.7736058,4.196759
11003,269,2015,47,7830,-5.2,8.1,0.61,2.2,0,0.7615323,2.244539
11004,269,2015,48,4690,-2.2,7.6,0.7,2.8,0,0.7819394,5.86899
11005,269,2015,49,9180,-3.5,8.5,0.64,3.9,0,0.7693533,0.8562936
11006,269,2015,50,8040,-0.8,7.3,0.65,7.2,0.1,0.7571323,2.570575
11007,269,2015,51,960,3,6.3,0.82,5.4,19.3,0.7452664,8
11008,269,2015,52,4250,-0.9,5,0.67,3.7,4.4,0.7337458,6.551348
11009,269,2015,53,8700,-1.3,7.3,0.66,6.3,2.1,0.7225609,2.385438
11010,269,2015,54,6870,2.3,9.3,0.77,8,3,0.7117022,4.445019
11011,269,2015,55,5850,1.7,8.3,0.74,7.5,3,0.7011604,5.490714
11012,269,2015,56,5300,0,8.2,0.76,4.4,2.9,0.7190148,6.015953
11013,269,2015,57,3000,3.8,8,0.89,5.6,6.2,0.7080988,7.574412
11014,269,2015,58,9060,-0.5,7.6,0.65,4,0,0.6975169,2.947028
11015,269,2015,59,8560,-1,9,0.62,6.6,0,0.6872585,3.619266
11016,269,2015,60,7130,4.8,9.9,0.8,8.8,5.4,0.677313,4.927888
11017,269,2015,61,7650,2.4,8.2,0.68,8.3,2.2,0.6676702,4.663511
11018,269,2015,62,3870,1.1,6.4,0.7,5.6,6.1,0.6583203,7.297775
11019,269,2015,63,6220,0.6,7.5,0.69,5.9,1.1,0.674655,5.922756
11020,269,2015,64,8960,-0.5,9.5,0.73,3.8,0,0.6650076,3.931318
11021,269,2015,65,4520,3.5,9.2,0.79,4.3,0,0.6556639,7.057781
11022,269,2015,66,10320,4.1,13.5,0.77,6.9,0,0.6466133,3.043962
11023,269,2015,67,12800,4,15.2,0.9,4.5,0.7,0.6378454,0.823256
11024,269,2015,68,6210,3.2,10.5,0.88,3.3,0.4,0.6293505,6.240378
11025,269,2015,69,12540,0.7,10.2,0.76,3.5,0.2,0.6211191,1.599835
11026,269,2015,70,11950,-3.7,9.6,0.62,1.4,0,0.6361355,2.402576
11027,269,2015,71,14240,-1.8,12.3,0.63,3.2,0,0.6276647,0.5489035
11028,269,2015,72,13650,-1,7.7,0.58,4.4,0,0.6194641,1.340508
11029,269,2015,73,2290,-0.7,5.5,0.62,4.6,0,0.6115237,8
11030,269,2015,74,3150,3.9,7.1,0.76,5.3,0,0.6038343,7.942855
11031,269,2015,75,11650,0.8,12.4,0.78,3.8,0,0.5963868,3.318977
11032,269,2015,76,13250,-0.8,16.3,0.83,2.4,0,0.5891726,2.223827
11033,269,2015,77,5300,1.1,8.5,0.82,3.2,0,0.5821833,7.156717
11034,269,2015,78,11160,2.6,12.2,0.88,2.7,0,0.5956537,3.989934
11035,269,2015,79,6970,1.9,7.3,0.74,2.5,0,0.5884819,6.496433
11036,269,2015,80,7550,3.5,9.3,0.85,6.1,4.8,0.5815388,6.246447
11037,269,2015,81,15570,-0.7,8.4,0.57,4.3,0,0.5748159,1.473754
11038,269,2015,82,13200,-2.2,9.2,0.64,2.8,0,0.5683055,3.24713
11039,269,2015,83,10440,-1.2,12,0.74,2.7,0.1,0.5619997,4.974248
11040,269,2015,84,2190,4.9,6.8,0.85,3.2,7.9,0.5558914,8
11041,269,2015,85,6380,0.9,7.4,0.7,5.5,4.6,0.5684729,7.014514
11042,269,2015,86,7290,0.9,9.1,0.72,6,0.3,0.5622141,6.681466
11043,269,2015,87,4710,0.2,10.9,0.82,7,1.8,0.5561551,7.659608
11044,269,2015,88,2860,6.6,11.2,0.99,9.5,14.5,0.5502887,8
11045,269,2015,89,13570,4.9,9.1,0.72,9,4,0.5446078,3.780044
11046,269,2015,90,11900,4.1,10.9,0.76,12.9,13.5,0.5391059,4.762105
11047,269,2015,91,13770,3.9,8.6,0.69,9.3,2.1,0.5337767,3.88184
11048,269,2015,92,13120,3.2,8.2,0.72,7.1,7.1,0.5456155,4.309644
11049,269,2015,93,12870,1.4,10.4,0.72,2.9,0,0.5401617,4.522694
11050,269,2015,94,13460,2.7,9,0.69,4.3,0.9,0.5348822,4.318174
11051,269,2015,95,19830,-0.1,10.3,0.65,2.5,0,0.5297707,0.7456372
11052,269,2015,96,10220,3,12.4,0.89,2.4,0.4,0.5248214,5.890903
11053,269,2015,97,14270,1.9,11.6,0.87,3.3,0,0.5200285,4.086382
11054,269,2015,98,14360,4.9,13.5,1.04,1.7,0,0.5153867,4.060973
11055,269,2015,99,18350,2.2,16.6,0.99,2.1,0,0.5108907,1.992027
11056,269,2015,100,17810,2.4,18.8,1.01,1.8,0,0.521868,2.410823
11057,269,2015,101,7010,3.2,13.6,0.9,5.6,2.7,0.5172753,7.234759
11058,269,2015,102,19030,2.5,14.6,0.79,6.9,0.2,0.5128295,2.07264
11059,269,2015,103,17930,1.9,12.1,0.74,3.6,0.1,0.5085257,2.807709
11060,269,2015,104,18800,4.2,19,1.02,4.3,0,0.5043589,2.293369
11061,269,2015,105,21300,5.9,20.7,1.15,4.9,0,0.5003246,0.9082762
11062,269,2015,106,12590,6.7,13.2,0.86,3.8,0,0.4964183,5.439243
11063,269,2015,107,15930,4.9,12.5,0.82,4.2,0,0.5069366,4.086806
11064,269,2015,108,21060,2.3,14.5,0.82,4.3,0,0.5029512,1.607102
11065,269,2015,109,17350,0.9,14.5,0.78,2.5,0,0.4990948,3.597561
11066,269,2015,110,22580,2.8,16.2,0.88,3.7,0,0.4953631,0.9550034
11067,269,2015,111,23070,2.6,14.8,0.9,3.4,0,0.4917521,0.7846207
11068,269,2015,112,11450,1.8,12,0.78,4.2,0,0.4882578,6.130249
11069,269,2015,113,19060,4.3,13.5,0.91,2,0,0.4848763,3.045514
11070,269,2015,114,20850,2.2,19.5,0.91,3.6,0,0.4816042,2.261459
11071,269,2015,115,6290,8.4,14.6,1.18,4.8,3.4,0.4915944,7.65932
11072,269,2015,116,5440,7.1,11.3,1.05,3.8,0.2,0.4882636,7.880952
11073,269,2015,117,23190,1.1,12.1,0.66,4.5,0,0.4850432,1.520622
11074,269,2015,118,19500,-1.7,11.9,0.62,4.3,0,0.4819296,3.355212
11075,269,2015,119,13130,1.8,14.2,0.74,5.2,1.9,0.4789195,5.812841
11076,269,2015,120,17560,4.1,14.2,0.86,5.5,1.2,0.4760096,4.179424
11077,269,2015,121,21440,4.2,12.5,0.77,3.5,0,0.4731969,2.617052
11078,269,2015,122,25610,1.1,14.7,0.72,2.6,0,0.4704785,0.722915
11079,269,2015,123,9090,4.6,16.7,1.05,5.2,0.7,0.4678514,7.07243
11080,269,2015,124,15790,10.6,19.5,1.27,5.5,1.3,0.4773439,4.924696
11081,269,2015,125,16210,8.6,21.9,1.33,8.3,10.4,0.4746808,4.79288
11082,269,2015,126,13390,8.2,15.4,1.02,7.8,4.9,0.4721102,5.878949
11083,269,2015,127,22620,8.1,15.1,1.02,5.5,0.1,0.4696294,2.360598
11084,269,2015,128,18960,8.2,19.3,1.05,1.9,0,0.4672358,3.949947
11085,269,2015,129,8020,9,15.1,1.11,8,2,0.4649269,7.42012
11086,269,2015,130,24630,5.2,18.1,0.95,2.8,0,0.4627003,1.679766
11087,269,2015,131,22210,10.9,25,1.36,4,0,0.4605537,2.632697
11088,269,2015,132,18380,8.4,17.4,1.12,4.7,1.5,0.4584847,4.318817
11089,269,2015,133,25850,6.3,16.7,0.99,4.2,0,0.4676989,1.29044
11090,269,2015,134,18280,6.2,15.3,0.88,3.5,0,0.4656148,4.507442
11091,269,2015,135,21720,3.3,13.1,0.82,3.6,0,0.46361,3.270576
11092,269,2015,136,11670,3.8,14.2,0.93,5,2.4,0.4616822,6.613143
11093,269,2015,137,21570,5.8,15.8,0.87,4.3,0,0.4598295,3.39095
11094,269,2015,138,7530,7.1,13.1,1,5.7,2.6,0.4580498,7.623885
11095,269,2015,139,17220,6.5,13.6,1.02,6.3,10.5,0.4563412,4.980618
11096,269,2015,140,23100,5.8,14.8,0.99,5,2.1,0.4547021,2.849445
11097,269,2015,141,25900,6.9,16.7,1,3.8,0,0.4531306,1.709606
11098,269,2015,142,16110,10.4,19.6,1.26,3.5,0,0.451625,5.354085
11099,269,2015,143,16310,5.1,15.6,0.99,3.5,0.2,0.4607171,5.375058
11100,269,2015,144,27590,2.7,19.2,0.94,2.3,0.2,0.4592205,1.140574
11101,269,2015,145,13000,9.5,14.8,1.03,3.6,0.6,0.4577919,6.366229
11102,269,2015,146,16960,8.2,14.7,0.95,4.1,0.4,0.4564298,5.239482
11103,269,2015,147,13480,4.7,18,1.02,3.4,0,0.4551327,6.262094
11104,269,2015,148,17170,5.9,15.7,0.98,4.8,1.1,0.453899,5.20032
11105,269,2015,149,9680,6.6,16.7,1.08,5.6,0.8,0.4527275,7.222809
11106,269,2015,150,25140,6.5,15,0.93,5.3,0.2,0.4516167,2.406172
11107,269,2015,151,7520,6.9,16.7,1.19,5.7,8.1,0.4505656,7.686839
11108,269,2015,152,19940,5.6,16.9,0.89,4.3,0,0.4495727,4.393028
11109,269,2015,153,3910,11.1,16.8,1.28,10.3,1,0.4486372,8
11110,269,2015,154,21580,7.5,18,1.06,4.9,0,0.4477578,3.79582
11111,269,2015,155,28640,5.6,22.3,1,2.9,0,0.4469337,1.040447
11112,269,2015,156,25150,10.5,32.5,1.69,3.6,4.3,0.4461639,2.221874
11113,269,2015,157,29130,8.6,18.6,1,4.9,0.1,0.4454475,0.8768869
11114,269,2015,158,29400,7.7,18.9,1.02,3.6,0,0.4447838,0.7687656
11115,269,2015,159,25680,6.9,17.1,0.97,4.8,0,0.4441721,2.372712
11116,269,2015,160,15170,7.2,15.7,0.95,5,0,0.4533817,5.930956
11117,269,2015,161,25140,9.2,22,1.19,4.9,0,0.4528294,2.511875
11118,269,2015,162,29320,9.2,24.1,1.12,5.5,0,0.4523328,0.817921
11119,269,2015,163,27610,11.2,27.1,1.24,3.4,0,0.4518908,1.503009
11120,269,2015,164,14000,13.9,21.6,1.61,6.5,1.1,0.4515028,6.159328
11121,269,2015,165,5050,11.1,15.6,1.36,3.1,0.1,0.4511678,8
11122,269,2015,166,29660,6.8,16.8,0.9,4.8,0,0.4508853,0.8527674
11123,269,2015,167,18820,5.9,17.2,0.98,2,0,0.4506548,4.873907
11124,269,2015,168,20440,6.5,22.7,1.23,4.9,8.3,0.4504759,4.271273
11125,269,2015,169,18590,12,16.3,1.23,4.8,0,0.4503484,4.881913
11126,269,2015,170,12030,11.2,15.9,1.23,4.2,1.5,0.4502719,6.731842
11127,269,2015,171,11200,10.1,15.1,1.14,2.3,2,0.4502464,6.941795
11128,269,2015,172,11830,12,19.1,1.5,3.3,3.8,0.4502719,6.748001
11129,269,2015,173,16880,10.6,16.3,1.22,3.7,3.2,0.4503484,5.410488
11130,269,2015,174,5310,9.7,13.8,1.16,4.2,5.5,0.4504759,8
11131,269,2015,175,20480,11.8,21,1.4,3.8,0,0.4506548,4.198747
11132,269,2015,176,24390,11.6,23.3,1.42,3,0,0.4508853,2.747777
11133,269,2015,177,18010,14.1,24.2,1.44,2.1,0,0.4511678,4.997428
11134,269,2015,178,23120,11.3,21,1.47,4.3,0.3,0.4515028,3.200639
11135,269,2015,179,12790,9.8,21.7,1.4,2.5,0.2,0.4518908,6.501035
11136,269,2015,180,26370,12,23,1.5,2.7,0,0.4523328,1.868735
11137,269,2015,181,29080,10.9,26.6,1.41,2.9,0,0.4528294,0.7180421
11138,269,2015,182,28030,14.1,32.2,1.56,4.1,0,0.4533817,1.091467
11139,269,2015,183,24320,19.6,33.8,2.35,3.4,8.4,0.4441721,2.375741
11140,269,2015,184,26510,17.7,27.1,2.19,2.6,0,0.4447838,1.464334
11141,269,2015,185,24510,17.8,32,2.33,3.7,0,0.4454475,2.262002
11142,269,2015,186,16800,14.8,28.4,2.04,3.6,0,0.4461639,5.186921
11143,269,2015,187,22660,12.9,22.8,1.47,4,0,0.4469337,3.239459
11144,269,2015,188,15650,12.4,25.4,1.55,4.7,1.3,0.4477578,5.608411
11145,269,2015,189,14170,13.1,19,1.44,6.4,4.9,0.4486372,6.049712
11146,269,2015,190,21750,7.3,17.8,0.95,5.5,0,0.4495727,3.704719
11147,269,2015,191,24560,7,22.4,1.15,2.8,0,0.4505656,2.517274
11148,269,2015,192,23860,13,28.2,1.53,2.7,0,0.4516167,2.617951
11149,269,2015,193,8000,15.3,20.1,1.7,5.1,1,0.4527275,7.536644
11150,269,2015,194,8810,16.2,20.4,1.89,4.5,4.5,0.453899,7.337184
11151,269,2015,195,13730,13.6,20.9,1.73,4.2,1.3,0.4551327,6.058735
11152,269,2015,196,8260,14.1,20.8,1.85,3.3,4.2,0.4564298,7.451179
11153,269,2015,197,25300,12.7,23.4,1.62,2.8,0,0.4577919,1.789761
11154,269,2015,198,22010,16.9,25.5,1.94,6.5,1.4,0.4592205,3.039747
11155,269,2015,199,21580,12.6,21.4,1.41,3.9,0,0.4607171,3.345855
11156,269,2015,200,8590,10.9,20.5,1.46,3.3,7.4,0.451625,7.372858
11157,269,2015,201,13650,9.3,22.3,1.54,3,0.3,0.4531306,6.013864
11158,269,2015,202,25710,14.6,24.5,1.64,4.9,1.8,0.4547021,1.352847
11159,269,2015,203,19470,13.7,22.6,1.52,4.1,0,0.4563412,3.989347
11160,269,2015,204,22050,14.4,21,1.42,3.3,0,0.4580498,2.954169
11161,269,2015,205,13230,13.1,23.7,1.63,2.5,0.5,0.4598295,6.050872
11162,269,2015,206,5980,12.6,19.3,1.6,7.7,9.8,0.4616822,7.888228
11163,269,2015,207,16160,8,20.8,1.33,4.1,3.7,0.46361,5.109189
11164,269,2015,208,9960,13.7,19.2,1.72,7.1,26,0.4656148,6.921819
11165,269,2015,209,14060,12.9,18.4,1.55,6.7,5.8,0.4676989,5.711756
11166,269,2015,210,16470,11.3,17.1,1.34,7.2,7,0.4584847,4.902882
11167,269,2015,211,24430,10,18,1.15,5,0,0.4605537,1.633098
11168,269,2015,212,21220,8.6,18.3,1.06,2.3,0,0.4627003,3.048825
11169,269,2015,213,23220,7,21,1.1,1.8,0,0.4649269,2.085569
11170,269,2015,214,23600,9.4,24.4,1.31,2.3,0,0.4672358,1.736022
11171,269,2015,215,24070,11.8,30.9,1.73,3.3,0,0.4696294,1.239586
11172,269,2015,216,9890,12.1,20.5,1.56,4,4.6,0.4721102,6.824143
11173,269,2015,217,20240,10.9,25,1.4,3.2,0,0.4746808,3.049334
11174,269,2015,218,22250,13,28.9,1.81,2.8,0,0.4773439,1.881446
11175,269,2015,219,22610,12.4,25.9,1.8,2.5,0.4,0.4678514,1.623831
11176,269,2015,220,24300,11.3,21.7,1.45,3.6,0,0.4704785,0.8176854
11177,269,2015,221,21590,9.2,24.6,1.41,1.7,0,0.4731969,2.131752
11178,269,2015,222,14230,15.4,24.8,1.86,1.7,0,0.4760096,5.163211
11179,269,2015,223,15510,14.3,24.4,1.93,2.3,0,0.4789195,4.593228
11180,269,2015,224,11350,14.8,22.4,1.74,4.5,0,0.4819296,6.152801
11181,269,2015,225,21970,14.4,27.5,1.88,5.2,0,0.4850432,1.387734
11182,269,2015,226,14950,17.6,25,2.15,2.9,14.7,0.4882636,4.627354
11183,269,2015,227,9630,16.2,22.2,1.98,3.4,4.7,0.4915944,6.610158
11184,269,2015,228,3550,13.4,16.5,1.62,3.4,32.4,0.4816042,8
11185,269,2015,229,2490,13.4,16.3,1.62,5,38.6,0.4848763,8
11186,269,2015,230,7900,13.3,17.3,1.57,5,2.2,0.4882578,7.117655
11187,269,2015,231,15000,11.6,21.8,1.5,2.8,0,0.4917521,4.467374
11188,269,2015,232,20290,10.3,24.6,1.46,2.2,0,0.4953631,1.772897
11189,269,2015,233,19090,13.2,25.1,1.69,2,0,0.4990948,2.234046
11190,269,2015,234,18550,13.3,26,1.51,3.4,0,0.5029512,2.497749
11191,269,2015,235,19650,14.5,25.7,1.41,5.1,1,0.5069366,1.831602
11192,269,2015,236,12590,15,22.8,1.88,3.8,14.5,0.4964183,5.147792
11193,269,2015,237,12450,14.2,19.4,1.57,7,6.7,0.5003246,5.21437
11194,269,2015,238,12830,15.7,23.7,1.91,6.1,14.3,0.5043589,4.91718
11195,269,2015,239,4920,13.4,18.5,1.65,5.7,7.4,0.5085257,7.804456
11196,269,2015,240,12740,10.3,20,1.46,3.7,0,0.5128295,4.931298
11197,269,2015,241,18000,10.5,22.7,1.49,2.3,1,0.5172753,2.064431
11198,269,2015,242,16190,13.7,24.5,1.9,3.8,2.5,0.521868,2.862476
11199,269,2015,243,12010,17.6,26.3,2.37,3.8,32,0.5108907,4.896495
11200,269,2015,244,10880,10.8,18.5,1.4,4.5,4.6,0.5153867,5.546291
11201,269,2015,245,13570,8.2,17.5,1.23,4,0,0.5200285,4.227464
11202,269,2015,246,12140,7.8,16.9,1.22,3.8,0.2,0.5248214,4.872856
11203,269,2015,247,7040,11.4,16.2,1.48,6.3,30.8,0.5297707,6.966159
11204,269,2015,248,11970,11.1,16.8,1.26,5.7,4,0.5348822,4.800325
11205,269,2015,249,11910,11.7,16.3,1.26,5.5,2.3,0.5401617,4.75511
11206,269,2015,250,15170,12.9,17.6,1.51,4,0.8,0.5456155,2.705883
11207,269,2015,251,10670,9.2,16.8,1.3,2.7,0.6,0.5337767,5.230625
11208,269,2015,252,16160,8.3,18.3,1.28,3.5,0,0.5391059,1.889625
11209,269,2015,253,16890,8.3,19,1.25,4.3,0,0.5446078,1.240178
11210,269,2015,254,16720,8,19.1,1.27,3.5,0,0.5502887,1.188031
11211,269,2015,255,7190,8.9,20.3,1.48,3.1,2.2,0.5561551,6.610255
11212,269,2015,256,13160,13.4,18.7,1.53,3.6,0,0.5622141,3.263182
11213,269,2015,257,8320,11.3,20.1,1.59,4.7,3.2,0.5684729,5.964855
11214,269,2015,258,7320,9.7,16.3,1.23,6.9,2.1,0.5558914,6.45038
11215,269,2015,259,3890,11.3,19,1.57,4.9,4.5,0.5619997,7.785968
11216,269,2015,260,3640,11.4,16.5,1.47,5.8,8.3,0.5683055,7.859545
11217,269,2015,261,11500,9.4,17.8,1.4,3.7,0,0.5748159,3.818713
11218,269,2015,262,11170,10.1,17.1,1.34,2.5,3.8,0.5815388,3.945286
11219,269,2015,263,7630,9,17.7,1.38,3.2,0,0.5884819,5.992605
11220,269,2015,264,9150,12.3,17.8,1.47,4.6,1.7,0.5956537,5.015857
11221,269,2015,265,6970,7.7,16.4,1.3,3.3,1.2,0.5821833,6.239582
11222,269,2015,266,10690,6.9,17.8,1.31,2.3,0,0.5891726,3.819579
11223,269,2015,267,3170,10.7,15,1.41,5.3,2.4,0.5963868,7.900204
11224,269,2015,268,11060,6.6,17.2,1.24,2.5,0.2,0.6038343,3.304919
11225,269,2015,269,11090,4.5,17,1.12,2,0,0.6115237,3.188577
11226,269,2015,270,11530,5.3,17.5,1.17,2.4,0,0.6194641,2.653933
11227,269,2015,271,7820,6.4,17,1.2,2.5,0,0.6276647,5.318607
11228,269,2015,272,13260,5.7,17.5,1.08,4.4,0,0.6361355,0.7514928
11229,269,2015,273,13960,6,17.7,1.08,4.7,0,0.6211191,0
11230,269,2015,274,13820,5.3,17.4,1.09,4.2,0,0.6293505,0
11231,269,2015,275,13750,5.1,18.1,1.12,3.5,0,0.6378454,0
11232,269,2015,276,11120,4.7,17.9,1.13,2,0,0.6466133,1.983033
11233,269,2015,277,9680,5.7,18.4,1.27,1.9,0,0.6556639,3.105874
11234,269,2015,278,7940,5.4,18.5,1.19,2.6,0.2,0.6650076,4.514263
11235,269,2015,279,3880,12.7,17.6,1.6,2.9,10.2,0.674655,7.208044
11236,269,2015,280,5870,13.7,17.9,1.63,4.6,10.9,0.6583203,5.836804
11237,269,2015,281,4420,8.9,15.9,1.3,2.6,0.8,0.6676702,6.820964
11238,269,2015,282,9600,5.9,16.3,1.2,1.5,0,0.677313,2.334774
11239,269,2015,283,10610,4.8,14.1,0.98,4,0,0.6872585,1.121793
11240,269,2015,284,11310,2.4,10.8,0.7,5.3,0,0.6975169,0.2544438
11241,269,2015,285,8530,0.5,9.3,0.69,3.7,0,0.7080988,3.183529
11242,269,2015,286,7720,1.9,7.5,0.71,4.5,0,0.7190148,3.83325
11243,269,2015,287,1150,4.3,7.9,0.87,3.1,3.6,0.7011604,8
11244,269,2015,288,1430,4.8,8.8,0.94,2.7,8.4,0.7117022,8
11245,269,2015,289,1410,6.4,9.4,1.02,2,4.5,0.7225609,8
11246,269,2015,290,810,6.4,9.2,1.03,1.7,1.3,0.7337458,8
11247,269,2015,291,1300,3.7,10.8,1,1.5,1,0.7452664,8
11248,269,2015,292,1770,6.3,12.2,1.12,1.7,0,0.7571323,8
11249,269,2015,293,4020,5.1,12.3,1.06,2.3,0.3,0.7693533,6.418447
11250,269,2015,294,3500,4.3,12.5,1.04,4.5,1.1,0.7819394,6.792337
11251,269,2015,295,2490,10,14.6,1.27,4.3,1.7,0.7615323,7.494737
11252,269,2015,296,4060,5.6,13.8,0.99,2.5,0,0.7736058,6.171955
11253,269,2015,297,3280,10,13.4,1.14,3.4,0.1,0.7860145,6.784598
11254,269,2015,298,7150,4.1,13,0.96,1.8,0,0.7987658,2.194724
11255,269,2015,299,6910,3.8,15.4,1.03,3.3,0,0.8118664,2.291807
11256,269,2015,300,7440,6,15.5,1.18,3,0,0.8253233,1.133972
11257,269,2015,301,4050,4.8,11.4,1.02,2.8,0.1,0.8391428,5.7394
11258,269,2015,302,5120,4.8,14.5,1.09,2.4,0,0.853331,4.279143
11259,269,2015,303,5710,6.6,14.9,1.15,2.6,0,0.829911,3.241116
11260,269,2015,304,7070,5,14.7,1.08,2.7,0,0.843395,0.7740095
11261,269,2015,305,3260,3.6,9.6,0.97,1.9,0,0.8571998,6.288022
11262,269,2015,306,3980,2.4,9.7,0.94,2.4,0,0.8713273,5.331893
11263,269,2015,307,6380,1.4,15.2,0.97,1.5,0,0.8857786,1.337601
11264,269,2015,308,3690,5.9,15.5,1.07,3.6,0,0.9005538,5.466049
11265,269,2015,309,2200,11.3,14.9,1.4,4,5.8,0.9156522,7.13193
11266,269,2015,310,1940,13.7,16.6,1.62,5.9,4.2,0.9310723,7.33866
11267,269,2015,311,2070,13.5,18.2,1.62,6.8,2.9,0.9468111,7.152693
11268,269,2015,312,3140,7,16.3,1.25,4.4,0.6,0.9187459,5.785732
11269,269,2015,313,2260,11.9,16,1.37,8.2,6,0.933463,6.853508
11270,269,2015,314,850,13.6,15.9,1.53,8.9,1.3,0.948423,8
11271,269,2015,315,1690,11.8,13.7,1.33,6.9,0.6,0.963617,7.43076
11272,269,2015,316,4470,11.3,15.3,1.33,4.7,0,0.9790346,2.923649
11273,269,2015,317,4400,7.9,13.2,0.96,8,4.5,0.994664,3.059983
11274,269,2015,318,2660,7,12.5,0.97,7.6,8.9,1.010491,6.03617
11275,269,2015,319,830,12.4,14.8,1.34,11,9.2,1.026502,8
11276,269,2015,320,1070,10.8,13.4,1.24,7.6,1.4,1.042677,7.962195
11277,269,2015,321,1540,10.3,15.1,1.34,7.4,10,1.058999,7.379237
11278,269,2015,322,2940,10.2,14,1.12,10.6,3.5,1.024323,5.156317
11279,269,2015,323,1660,8.4,13.1,1.03,7.8,2.6,1.039163,7.174483
11280,269,2015,324,2880,4.2,9.6,0.8,5,5.7,1.054044,5.168422
11281,269,2015,325,3010,0.8,6.6,0.7,4.4,12.3,1.06894,4.851831
11282,269,2015,326,2810,0.9,6.3,0.63,3.8,2.8,1.083824,5.17245
11283,269,2015,327,4100,-1.7,7.3,0.61,3.7,0,1.098668,2.139418
11284,269,2015,328,500,3.3,6,0.77,8.1,9.4,1.113442,8
11285,269,2015,329,2670,4.2,8.1,0.85,3,8.3,1.128114,5.095634
11286,269,2015,330,4090,0.8,8.6,0.76,2,0,1.142652,1.503256
11287,269,2015,331,1480,0.6,6.7,0.74,5.8,0.6,1.157019,7.167043
11288,269,2015,332,3630,4.6,8.1,0.8,8.1,7.3,1.17118,2.434616
11289,269,2015,333,970,7.4,12.3,1.01,9.1,9.1,1.185096,7.82505
11290,269,2015,334,1040,6.2,12,0.96,8.3,15.9,1.198729,7.712133
11291,269,2015,335,1120,3.4,12,0.95,4.3,1.5,1.152804,7.575126
11292,269,2015,336,1210,8.6,11.5,1.01,6.3,0,1.164385,7.407266
11293,269,2015,337,2100,8.3,10.8,0.97,5.9,0,1.175584,5.697878
11294,269,2015,338,3550,7.7,10.4,0.98,7.6,4.2,1.186362,1.720852
11295,269,2015,339,1930,6.9,9.1,0.85,10.2,0,1.196684,5.999717
11296,269,2015,340,1530,7.7,11.8,1.05,9,0.6,1.206514,6.732394
11297,269,2015,341,1160,8.7,11.6,1.17,3.5,1.2,1.215816,7.365963
11298,269,2015,342,2940,8.1,12,1.08,5.8,4.4,1.224556,3.148691
11299,269,2015,343,3480,3.7,9.1,0.83,5.3,0,1.232701,1.4941
11300,269,2015,344,1250,5.1,7.6,0.8,9,0.9,1.240217,7.201189
11301,269,2015,345,840,5.4,8.1,0.87,6.9,5,1.247076,7.857886
11302,269,2015,346,1450,2.9,11.7,0.92,6.8,8.8,1.253249,6.771643
11303,269,2015,347,2350,3.6,12,0.92,2.9,0.7,1.258711,4.641525
11304,269,2015,348,1570,4.6,10.4,0.96,2.3,0,1.263437,6.486706
11305,269,2015,349,2190,4.2,8.1,0.89,2.3,0,1.267408,5.024956
11306,269,2015,350,500,8,12.3,1.19,4.6,4.5,1.270606,8
11307,269,2015,351,2450,11.7,14.4,1.32,5.7,0,1.273017,4.123815
11308,269,2015,352,1480,9.8,13,1.2,5.6,0.2,1.274631,6.601342
11309,269,2015,353,920,9.9,13.6,1.26,6.1,0,1.275439,7.66138
11310,269,2015,354,1310,10.9,12.5,1.13,6.4,0.5,1.275439,6.959618
11311,269,2015,355,1950,7.8,11.9,1.06,8.7,5.7,1.274631,5.548953
11312,269,2015,356,240,8.4,13.8,1.18,9.5,2.7,1.273017,8
11313,269,2015,357,2160,6,12.9,0.98,7.5,0.9,1.270606,5.060138
11314,269,2015,358,1440,6.4,12.5,1.01,7,0.8,1.267408,6.739357
11315,269,2015,359,1460,5.6,13.3,1.04,6.3,1.5,1.263437,6.705498
11316,269,2015,360,2560,10.9,14,1.21,9.3,0,1.258711,3.953057
11317,269,2015,361,540,9.8,12.1,1.13,7.3,0,1.253249,8
11318,269,2015,362,2990,6.6,11.4,0.95,2.8,0,1.247076,2.871944
11319,269,2015,363,1780,5,9.8,0.87,3.6,0,1.240217,6.144785
11320,269,2015,364,3070,6.1,9.1,0.89,5.9,0,1.232701,2.797917
11321,269,2015,365,2620,5.3,9.7,0.85,6.7,1.1,1.224556,4.188577
11322,269,2016,1,2650,1.4,6.9,0.79,3.4,0,1.215816,4.201172
11323,269,2016,2,650,3.9,4.9,0.77,5.4,1.9,1.206514,8
11324,269,2016,3,1040,4.2,7.7,0.85,5.4,5.1,1.196684,7.634354
11325,269,2016,4,510,1.2,5.1,0.74,4.2,4.1,1.186362,8
11326,269,2016,5,570,-0.3,5.9,0.72,3.6,0.9,1.175584,8
11327,269,2016,6,800,-1.5,-0.2,0.55,4.7,0.4,1.164385,8
11328,269,2016,7,580,-0.8,7.2,0.7,6.3,11.3,1.152804,8
11329,269,2016,8,3350,1.7,8.1,0.69,6.2,0,1.198729,3.035691
11330,269,2016,9,1810,0.7,7.5,0.75,4.8,0.3,1.185096,6.545841
11331,269,2016,10,2840,4.2,8.5,0.81,6.6,0.4,1.17118,4.479289
11332,269,2016,11,820,2.6,6.5,0.79,4.1,1.8,1.157019,8
11333,269,2016,12,1980,4.2,7.5,0.84,6.1,8.1,1.142652,6.379373
11334,269,2016,13,1750,1,6.3,0.7,4.4,3,1.128114,6.844538
11335,269,2016,14,1280,0.6,5.2,0.7,5.9,17.1,1.113442,7.56418
11336,269,2016,15,1280,-1.4,3.3,0.6,3.2,0.2,1.098668,7.603852
11337,269,2016,16,2350,-1.4,5,0.6,5.8,6.2,1.083824,6.049442
11338,269,2016,17,4630,-4.6,2.2,0.45,2.6,0,1.06894,1.374268
11339,269,2016,18,5850,-5.4,0.1,0.4,2.2,0,1.054044,0
11340,269,2016,19,3040,-6.8,0.4,0.42,2.8,0,1.039163,5.164466
11341,269,2016,20,2580,-4,4.7,0.57,2,0,1.024323,5.976965
11342,269,2016,21,1000,-4.2,0.8,0.52,2.5,0,1.058999,8
11343,269,2016,22,3920,-3.1,4.1,0.55,3.8,3.6,1.042677,3.81367
11344,269,2016,23,4240,0.8,8.6,0.82,4,0,1.026502,3.172551
11345,269,2016,24,590,4.8,9.9,1,5.5,1.2,1.010491,8
11346,269,2016,25,4190,8.5,13.9,1.16,5.3,0,0.994664,3.452346
11347,269,2016,26,3400,5.8,10.8,0.95,8.5,2.4,0.9790346,5.098217
11348,269,2016,27,520,8.3,11.9,1.11,10.5,11.9,0.963617,8
11349,269,2016,28,5590,3.9,8.3,0.73,6.2,0,0.948423,1.439169
11350,269,2016,29,620,5.2,9.6,0.93,10.9,1.3,0.933463,8
11351,269,2016,30,1060,4.6,9.5,0.82,8.7,13.4,0.9187459,8
11352,269,2016,31,2050,2.4,9.2,0.8,5.5,2.1,0.9468111,7.285289
11353,269,2016,32,1780,8.7,11.8,1.09,10.1,2.1,0.9310723,7.560677
11354,269,2016,33,2460,5.7,10.8,0.75,9.9,0,0.9156522,6.965019
11355,269,2016,34,4260,0.9,6.6,0.66,5.5,1.1,0.9005538,4.868345
11356,269,2016,35,1790,0.9,6.1,0.71,3.4,3.6,0.8857786,7.689366
11357,269,2016,36,1440,4.3,10.1,0.93,5.7,0.5,0.8713273,7.980356
11358,269,2016,37,2080,8.3,10.3,0.96,6.8,0.5,0.8571998,7.485879
11359,269,2016,38,4210,6.4,10.6,0.85,9.2,3.2,0.843395,5.338064
11360,269,2016,39,3080,6.2,9.3,0.88,12.5,12.6,0.829911,6.669536
11361,269,2016,40,1260,1.9,7.7,0.72,6.8,7.9,0.853331,8
11362,269,2016,41,3480,1.9,7.8,0.75,5.7,3.1,0.8391428,6.438535
11363,269,2016,42,6360,-0.7,7.5,0.67,3.8,0,0.8253233,3.187142
11364,269,2016,43,4250,-1.7,5.8,0.67,2.6,0,0.8118664,5.851525
11365,269,2016,44,3770,-1.9,3.1,0.59,5.4,0.9,0.7987658,6.419296
11366,269,2016,45,1550,0.6,2.6,0.65,6.4,16.2,0.7860145,8
11367,269,2016,46,6930,-2.2,5.5,0.56,4.1,0,0.7736058,3.245476
11368,269,2016,47,9650,-4.3,6.2,0.54,1.5,0,0.7615323,0
11369,269,2016,48,10290,-5.2,3.4,0.47,2.4,0,0.7819394,0
11370,269,2016,49,2700,-2.1,2.6,0.55,3.3,1.2,0.7693533,7.518753
11371,269,2016,50,6400,0.4,7.9,0.72,4.4,0.6,0.7571323,4.397459
11372,269,2016,51,2290,4.8,10.8,0.96,8.5,6.6,0.7452664,7.796033
11373,269,2016,52,1090,7.9,11.4,1.1,9.7,4,0.7337458,8
11374,269,2016,53,2060,1.9,11.2,0.84,5.6,2.7,0.7225609,7.983396
11375,269,2016,54,8040,-1,7.4,0.68,3.7,0.5,0.7117022,3.296799
11376,269,2016,55,7100,-1.8,6.6,0.66,2.8,0.2,0.7011604,4.402981
11377,269,2016,56,7620,-2.3,5.6,0.62,3.5,1.6,0.7190148,4.064582
11378,269,2016,57,2220,-1.4,3.5,0.59,1.7,0,0.7080988,8
11379,269,2016,58,11150,-1.7,6,0.59,4.5,0,0.6975169,0.7094161
11380,269,2016,59,10440,-2.2,6.6,0.62,4.1,0,0.6872585,1.718162
11381,269,2016,60,11230,-2.8,6.5,0.57,3,0,0.677313,1.125956
11382,269,2016,61,2520,-4.5,7.6,0.62,5.8,4.7,0.6676702,7.947807
11383,269,2016,62,5920,0.2,8.3,0.73,6,8.8,0.6583203,6.040463
11384,269,2016,63,9200,0,7.5,0.69,3.2,0.3,0.674655,3.603142
11385,269,2016,64,1290,-1,2.8,0.61,4,10.1,0.6650076,8
11386,269,2016,65,8080,-3.4,7.1,0.63,1,0,0.6556639,4.798132
11387,269,2016,66,7670,-1.5,7.2,0.67,1.9,0.1,0.6466133,5.184896
11388,269,2016,67,11060,-0.8,7.4,0.67,2.1,0.1,0.6378454,2.62289
11389,269,2016,68,7630,-1.1,7.8,0.68,3.3,0,0.6293505,5.396193
11390,269,2016,69,6180,-0.4,7.6,0.58,5.1,0,0.6211191,6.388487
11391,269,2016,70,12140,-2.2,8.1,0.63,3.9,0,0.6361355,2.233574
11392,269,2016,71,4080,-2.9,4.3,0.62,3.7,0,0.6276647,7.513102
11393,269,2016,72,13830,-3.9,9.1,0.61,3,0,0.6194641,1.156077
11394,269,2016,73,14230,-2.6,8.1,0.6,4.5,0,0.6115237,1.017855
11395,269,2016,74,14480,-1.9,10.1,0.63,4.6,0,0.6038343,0.9804855
11396,269,2016,75,4340,-2.2,9.2,0.73,3.3,0.1,0.5963868,7.508379
11397,269,2016,76,13740,-1,9.1,0.62,5.1,0,0.5891726,1.977618
11398,269,2016,77,14960,-3.1,11.7,0.64,3.9,0,0.5821833,1.159995
11399,269,2016,78,3170,3.4,6.5,0.79,3.5,0,0.5956537,8
11400,269,2016,79,4980,4.8,7.3,0.73,4,0,0.5884819,7.367377
11401,269,2016,80,4980,4.5,8.6,0.9,3.8,2.2,0.5815388,7.377739
11402,269,2016,81,4200,5.6,8.9,0.91,4.2,0.1,0.5748159,7.696103
11403,269,2016,82,7230,5.5,10.9,0.96,4.4,0,0.5683055,6.48302
11404,269,2016,83,9820,5.7,9.9,0.92,3.9,0.7,0.5619997,5.256022
11405,269,2016,84,4240,5.5,10.3,0.93,3.8,0.2,0.5558914,7.744787
11406,269,2016,85,5320,0.5,9.5,0.83,4.9,4.3,0.5684729,7.398856
11407,269,2016,86,16270,1,14.7,0.82,6.6,0,0.5622141,1.609672
11408,269,2016,87,9630,6.4,12.5,0.97,6.6,6.5,0.5561551,5.62126
11409,269,2016,88,10620,6.2,12.8,0.86,9.7,1.7,0.5502887,5.227961
11410,269,2016,89,11150,3.9,11.2,0.86,6.7,6,0.5446078,5.033754
11411,269,2016,90,14380,4.2,11.2,0.83,5.3,1.2,0.5391059,3.364181
11412,269,2016,91,10910,3.3,11.6,0.83,3,0,0.5337767,5.303869
11413,269,2016,92,17880,-0.3,13.7,0.69,2,0,0.5456155,1.530091
11414,269,2016,93,9220,3.2,13.1,0.79,2.6,0,0.5401617,6.181567
11415,269,2016,94,13450,11.3,19.8,1.36,3.7,4,0.5348822,4.081316
11416,269,2016,95,10760,8.3,15.3,1.14,3.8,2.9,0.5297707,5.543698
11417,269,2016,96,6910,5.5,13.2,1.03,3,0.6,0.5248214,7.122943
11418,269,2016,97,6340,4.6,11.1,0.93,6.8,6.5,0.5200285,7.347382
11419,269,2016,98,13770,4.3,9.8,0.81,6.3,0.4,0.5153867,4.43831
11420,269,2016,99,9060,2.6,11.2,0.85,2.5,0.6,0.5108907,6.486614
11421,269,2016,100,14600,2.5,15,0.79,3.5,0,0.521868,4.198612
11422,269,2016,101,16030,5.6,15,1,3.4,1,0.5172753,3.480923
11423,269,2016,102,20570,7,17.4,0.91,6,0,0.5128295,1.099828
11424,269,2016,103,16750,7,16.6,1.05,3.1,8.4,0.5085257,3.270509
11425,269,2016,104,13550,4.6,15.1,1,2,0,0.5043589,4.887243
11426,269,2016,105,11830,2.7,16,0.99,2.1,0,0.5003246,5.658256
11427,269,2016,106,7000,8.5,12.8,1.14,3.5,9.2,0.4964183,7.323576
11428,269,2016,107,15180,5.3,12.3,0.92,6.6,1,0.5069366,4.386303
11429,269,2016,108,18390,1.4,10.9,0.72,3.5,0.3,0.5029512,3.049414
11430,269,2016,109,12820,0.8,12.5,0.75,5.8,0,0.4990948,5.52407
11431,269,2016,110,20510,4.4,12.8,0.83,4.5,0,0.4953631,2.102831
11432,269,2016,111,21890,2.6,12.4,0.77,2.8,0,0.4917521,1.518221
11433,269,2016,112,23640,0.7,15.4,0.75,4.3,0,0.4882578,0.6942311
11434,269,2016,113,19320,2.7,12,0.76,4.2,0,0.4848763,2.998455
11435,269,2016,114,18320,2.6,9.1,0.68,5,0.5,0.4816042,3.570529
11436,269,2016,115,17000,2.6,9,0.7,5.1,2.4,0.4915944,4.192255
11437,269,2016,116,9100,1.6,9.2,0.74,5.1,6.1,0.4882636,6.977311
11438,269,2016,117,13310,0.9,8.2,0.73,6.8,9.7,0.4850432,5.68311
11439,269,2016,118,15550,1.7,10.1,0.76,4.4,2.3,0.4819296,4.902814
11440,269,2016,119,15010,1.1,9.1,0.71,3.3,1.8,0.4789195,5.164337
11441,269,2016,120,13230,4,10.9,0.82,6.5,3,0.4760096,5.792842
11442,269,2016,121,16230,3.1,11.5,0.79,3.7,0,0.4731969,4.773315
11443,269,2016,122,24780,1.3,13,0.78,2.3,0,0.4704785,1.09702
11444,269,2016,123,21050,1.9,17.4,0.89,4,0,0.4678514,2.866228
11445,269,2016,124,25710,3.1,12.9,0.8,4.3,1.6,0.4773439,0.7926743
11446,269,2016,125,21530,2.3,15.9,0.79,1.8,0,0.4746808,2.833987
11447,269,2016,126,26470,5.9,18.5,0.78,3.8,0,0.4721102,0.6008899
11448,269,2016,127,25450,7.8,23.6,1.03,3.3,0,0.4696294,1.021343
11449,269,2016,128,24280,9.3,26.1,1.07,3.5,0,0.4672358,1.637209
11450,269,2016,129,26670,10.8,25,0.96,5.2,0,0.4649269,0.6236844
11451,269,2016,130,25610,13.1,24.8,1.16,5.8,0,0.4627003,1.096824
11452,269,2016,131,13510,13.9,22.3,1.39,3.3,0,0.4605537,5.90173
11453,269,2016,132,23800,13.7,25.9,1.43,3.8,0.1,0.4584847,1.949629
11454,269,2016,133,24800,13.3,25,1.29,6.1,0,0.4676989,1.61626
11455,269,2016,134,25980,8.6,21.9,1.11,6.1,0,0.4656148,1.224194
11456,269,2016,135,14490,6.4,11.8,0.81,6,4.9,0.46361,5.810773
11457,269,2016,136,16660,6.2,12.6,0.76,5.6,0.1,0.4616822,5.163421
11458,269,2016,137,13260,5.7,12.7,0.84,3.7,0.9,0.4598295,6.206474
11459,269,2016,138,21630,7.6,17.4,1.06,3,0,0.4580498,3.326528
11460,269,2016,139,14430,6.7,18.5,1.09,3.2,0.1,0.4563412,5.850677
11461,269,2016,140,15150,8.4,18.9,1.28,2.9,0,0.4547021,5.611608
11462,269,2016,141,7010,10.7,17,1.36,4.3,1,0.4531306,7.728891
11463,269,2016,142,17250,9.6,22.8,1.33,5.1,0,0.451625,4.964409
11464,269,2016,143,8260,13.1,19.6,1.62,2.6,10.2,0.4607171,7.45594
11465,269,2016,144,5280,11.2,13.6,1.3,5.8,19.3,0.4592205,8
11466,269,2016,145,10940,10.2,13.6,1.13,4.8,0.4,0.4577919,6.885855
11467,269,2016,146,6750,10.2,15,1.31,1.6,1.3,0.4564298,7.811361
11468,269,2016,147,20090,8.7,18.9,1.31,1.9,0,0.4551327,4.102458
11469,269,2016,148,23090,9.4,20.8,1.36,4,0,0.453899,2.979238
11470,269,2016,149,22170,11.3,23.1,1.65,3,2.7,0.4527275,3.268445
11471,269,2016,150,14420,12.5,22.3,1.69,5,0.3,0.4516167,5.923298
11472,269,2016,151,14960,15,21.4,1.86,5.6,2.6,0.4505656,5.749216
11473,269,2016,152,21840,15.3,23.6,1.72,3,0,0.4495727,3.445115
11474,269,2016,153,19290,16,25.9,1.98,4.8,0,0.4486372,4.336043
11475,269,2016,154,9180,13.5,17.9,1.61,5.1,0,0.4477578,7.317118
11476,269,2016,155,14400,14.1,21.2,1.8,2.4,2.6,0.4469337,5.965064
11477,269,2016,156,22490,13.4,27.4,1.82,2.8,0,0.4461639,3.243727
11478,269,2016,157,28920,11.5,23.3,1.53,3.9,0,0.4454475,0.6762152
11479,269,2016,158,28720,10.8,23.5,1.49,3.2,0,0.4447838,0.8096991
11480,269,2016,159,23500,12.6,24.2,1.57,3.1,0,0.4441721,2.979983
11481,269,2016,160,18090,11.7,18.3,1.4,3.2,0,0.4533817,4.957517
11482,269,2016,161,29740,10.8,18.2,1.17,3.2,0,0.4528294,0.5862071
11483,269,2016,162,23320,10.6,19,1.21,2.2,0,0.4523328,3.2154
11484,269,2016,163,15610,12.1,21.1,1.36,2.2,0,0.4518908,5.741456
11485,269,2016,164,12110,13.3,22.2,1.69,1.5,4.9,0.4515028,6.649215
11486,269,2016,165,11270,13.4,19.6,1.71,3.3,16,0.4511678,6.858768
11487,269,2016,166,12900,12.5,18.4,1.58,3.2,10.4,0.4508853,6.463431
11488,269,2016,167,15240,11.4,17.8,1.48,2.4,1.1,0.4506548,5.839825
11489,269,2016,168,23810,11.4,21.1,1.46,2,1.6,0.4504759,2.976825
11490,269,2016,169,20410,13.6,19.4,1.5,2.8,2.5,0.4503484,4.206046
11491,269,2016,170,13590,11.7,17.4,1.36,4.4,0.2,0.4502719,6.316221
11492,269,2016,171,24760,12.5,18.6,1.22,3.8,0,0.4502464,2.705948
11493,269,2016,172,5470,14.3,17,1.62,5.8,16.9,0.4502719,8
11494,269,2016,173,14010,13.2,20.6,1.75,3,5.5,0.4503484,6.145455
11495,269,2016,174,23300,13.9,24.3,1.77,2.9,0,0.4504759,3.063114
11496,269,2016,175,16060,18.6,28.2,2.53,2.4,16.8,0.4506548,5.429704
11497,269,2016,176,16100,12.9,22.4,1.76,3.2,0,0.4508853,5.531825
11498,269,2016,177,9960,10.4,19.3,1.52,1.7,2.6,0.4511678,7.181401
11499,269,2016,178,16590,10.3,18.3,1.37,3.8,0,0.4515028,5.446891
11500,269,2016,179,12250,10.2,18.1,1.39,4.4,0.7,0.4518908,6.64029
11501,269,2016,180,16380,9.9,21,1.37,2.5,2.4,0.4523328,5.497637
11502,269,2016,181,15760,13,19.6,1.52,5.3,2.2,0.4528294,5.647221
11503,269,2016,182,9060,13.7,18.7,1.68,4.6,4.5,0.4533817,7.356162
11504,269,2016,183,5490,13.8,19.3,1.68,6,0.5,0.4441721,8
11505,269,2016,184,22270,11.6,18,1.28,5.8,5.4,0.4447838,3.50625
11506,269,2016,185,21750,10.6,19,1.36,3.8,4,0.4454475,3.654501
11507,269,2016,186,27290,9.9,23,1.42,1.7,0,0.4461639,1.387389
11508,269,2016,187,9980,12.8,18.3,1.52,5.8,0.8,0.4469337,7.138561
11509,269,2016,188,24980,9.6,18.5,1.24,4,0.2,0.4477578,2.389141
11510,269,2016,189,23750,8,22,1.3,3.2,0,0.4486372,2.831897
11511,269,2016,190,8130,12.7,20.3,1.65,4,5.1,0.4495727,7.527362
11512,269,2016,191,15840,11.6,22.5,1.59,3.4,0.2,0.4505656,5.503777
11513,269,2016,192,22590,15.6,25.9,1.89,4.6,0,0.4516167,3.01221
11514,269,2016,193,13550,15.4,21.3,1.58,7.7,0,0.4527275,6.158753
11515,269,2016,194,12720,13.1,19.8,1.68,3.1,13.3,0.453899,6.365761
11516,269,2016,195,11030,10.5,17.2,1.36,2.7,6.5,0.4551327,6.840372
11517,269,2016,196,15390,11.3,17.8,1.24,4.5,0,0.4564298,5.630381
11518,269,2016,197,24590,13,20.6,1.4,3.9,0,0.4577919,2.190109
11519,269,2016,198,8970,15,20.5,1.79,3.8,0.7,0.4592205,7.276308
11520,269,2016,199,27300,13.9,22,1.69,3.7,0.6,0.4607171,0.7442299
11521,269,2016,200,27650,12,24.3,1.54,2,0,0.451625,0.5948323
11522,269,2016,201,27580,9.9,28.6,1.54,1.9,0,0.4531306,0.570957
11523,269,2016,202,23270,15.8,32.8,2.07,3.4,0,0.4547021,2.297339
11524,269,2016,203,24410,15.6,26.2,2.05,2.8,0,0.4563412,1.738959
11525,269,2016,204,17590,15.9,24.9,2.09,2,9.3,0.4580498,4.525303
11526,269,2016,205,15750,16.5,23.8,2.08,2.8,0,0.4598295,5.158609
11527,269,2016,206,15640,15.3,26.1,2.03,1.8,0,0.4616822,5.177669
11528,269,2016,207,11470,12.8,23,1.74,3.2,0.2,0.46361,6.518429
11529,269,2016,208,20870,11.1,23.7,1.53,2.1,0,0.4656148,3.223967
11530,269,2016,209,13020,16.2,22.4,1.93,4.3,10.7,0.4676989,5.986586
11531,269,2016,210,12530,14,22.2,1.87,2.8,13.8,0.4584847,6.125578
11532,269,2016,211,12590,14.6,21.5,1.76,4.6,1.3,0.4605537,6.098779
11533,269,2016,212,15230,15.9,22,1.82,2.6,2.6,0.4627003,5.175929
11534,269,2016,213,16730,11.7,20.7,1.46,3.4,0.1,0.4649269,4.668139
11535,269,2016,214,19290,12,20.6,1.45,2.9,7.6,0.4672358,3.61095
11536,269,2016,215,8180,13.8,18.4,1.67,3.3,4.6,0.4696294,7.291736
11537,269,2016,216,9780,16.9,22.4,2.01,6.6,4.3,0.4721102,6.811366
11538,269,2016,217,13160,14.7,21.1,1.68,5.6,0,0.4746808,5.763576
11539,269,2016,218,19970,13.2,20.7,1.58,3.8,1.8,0.4773439,3.044462
11540,269,2016,219,18540,11.2,21.5,1.53,3.1,0.2,0.4678514,3.632006
11541,269,2016,220,10330,11.7,22.4,1.65,5.4,0,0.4704785,6.600662
11542,269,2016,221,17820,11.1,20.2,1.3,5.5,0.1,0.4731969,3.898227
11543,269,2016,222,15020,11.4,18.5,1.36,3.5,6.8,0.4760096,4.965294
11544,269,2016,223,20280,8.1,17.2,1.1,3.1,3.8,0.4789195,2.742492
11545,269,2016,224,5700,7.7,16.6,1.32,5,18.7,0.4819296,7.812419
11546,269,2016,225,10250,16.1,21.4,1.9,4.8,0.8,0.4850432,6.47078
11547,269,2016,226,10460,14.4,20.4,1.75,4,0.2,0.4882636,6.39125
11548,269,2016,227,16450,10.3,20.4,1.45,2,0,0.4915944,4.089185
11549,269,2016,228,19810,10.2,20.8,1.39,2.3,0,0.4816042,2.443267
11550,269,2016,229,18400,10.2,20.7,1.39,3.5,0,0.4848763,3.061339
11551,269,2016,230,23290,10.5,22.9,1.41,4,0,0.4882578,0.3125723
11552,269,2016,231,22990,10,23.4,1.48,3.7,0,0.4917521,0.3260455
11553,269,2016,232,15460,10.2,24.8,1.62,3.1,1.9,0.4953631,4.164287
11554,269,2016,233,18170,14.2,22.8,1.66,5.3,1.4,0.4990948,2.737662
11555,269,2016,234,9210,14.4,19.6,1.73,5.5,21.3,0.5029512,6.575876
11556,269,2016,235,7400,15,21.5,1.89,4.8,1.9,0.5069366,7.132623
11557,269,2016,236,20660,15.3,26.7,1.82,2.1,0,0.4964183,0.9307442
11558,269,2016,237,21110,17.1,30.3,2.02,2.5,0,0.5003246,0.4235059
11559,269,2016,238,20400,15.9,31.2,2.15,1.8,0,0.5043589,0.6843627
11560,269,2016,239,16800,16.3,24.6,1.97,2.4,0,0.5085257,2.799945
11561,269,2016,240,16850,15,25.7,1.86,4.6,4.8,0.5128295,2.705075
11562,269,2016,241,10750,17,24.2,2.06,4.4,1.6,0.5172753,5.64914
11563,269,2016,242,12990,10.4,20.2,1.41,3.3,0.5,0.521868,4.693297
11564,269,2016,243,19010,10,23.2,1.55,1.5,0,0.5108907,1.154825
11565,269,2016,244,18400,10.4,24.6,1.52,2.2,0,0.5153867,1.42253
11566,269,2016,245,16390,11.4,22.1,1.56,2.5,0,0.5200285,2.530589
11567,269,2016,246,10890,11.4,21.4,1.59,3.9,0.5,0.5248214,5.385839
11568,269,2016,247,10490,14.2,22,1.75,3.4,3.8,0.5297707,5.482686
11569,269,2016,248,10790,16,21,1.81,6.7,12,0.5348822,5.264605
11570,269,2016,249,15330,12.9,22.1,1.72,2.9,2.6,0.5401617,2.648442
11571,269,2016,250,15360,11.6,24.2,1.76,2,0,0.5456155,2.491465
11572,269,2016,251,17060,12.3,26.3,1.81,1.7,0,0.5337767,1.165479
11573,269,2016,252,16680,12.1,26.3,1.76,3.3,0,0.5391059,1.30139
11574,269,2016,253,15950,12.6,22.8,1.66,2.4,0,0.5446078,1.711902
11575,269,2016,254,16700,12.6,25.1,1.59,2.6,0,0.5502887,1.037212
11576,269,2016,255,9340,15.7,21,1.81,1.9,0.4,0.5561551,5.532436
11577,269,2016,256,16330,13.9,29.1,1.9,2.1,0,0.5622141,0.8278561
11578,269,2016,257,15330,15.9,32,2.14,2.5,0,0.5684729,1.338093
11579,269,2016,258,15230,15.8,31.3,2.06,2.8,0,0.5558914,1.276441
11580,269,2016,259,14570,15.7,28.7,1.87,3.9,0,0.5619997,1.701514
11581,269,2016,260,8070,15.7,21.5,1.78,3.5,6.1,0.5683055,5.879754
11582,269,2016,261,6370,11.3,20.3,1.53,2.2,0,0.5748159,6.711262
11583,269,2016,262,13180,12.7,20.3,1.5,3.6,0,0.5815388,2.446272
11584,269,2016,263,9130,10.1,19.7,1.36,1.7,0,0.5884819,5.140425
11585,269,2016,264,10720,7.4,19.4,1.23,1.5,0,0.5956537,4.059701
11586,269,2016,265,12200,9.1,20.4,1.19,1.9,0,0.5821833,2.879068
11587,269,2016,266,9460,7.6,20.3,1.26,2,0,0.5891726,4.685119
11588,269,2016,267,13460,9.2,19.9,1.31,2.8,0,0.5963868,1.457721
11589,269,2016,268,13100,9.4,23.1,1.29,3.1,0,0.6038343,1.594012
11590,269,2016,269,12190,12.2,24.7,1.55,4.1,2.7,0.6115237,2.086198
11591,269,2016,270,9320,8.5,19.1,1.34,1.1,0,0.6194641,4.330128
11592,269,2016,271,13520,6.6,20.5,1.12,3,0,0.6276647,0.692765
11593,269,2016,272,11560,15.5,21.8,1.61,6.6,0,0.6361355,2.091362
11594,269,2016,273,2690,13.1,17.9,1.51,7.3,6.4,0.6211191,7.969726
11595,269,2016,274,9500,10.6,17.9,1.32,4.1,1.9,0.6293505,3.693342
11596,269,2016,275,8450,10,18,1.34,3.3,1.6,0.6378454,4.412209
11597,269,2016,276,6020,8.6,15.1,1.22,5,5.4,0.6466133,6.107165
11598,269,2016,277,10620,9.2,18.3,1.31,3.4,0,0.6556639,2.191114
11599,269,2016,278,10350,9.2,17,1.22,4.5,0,0.6650076,2.314198
11600,269,2016,279,12400,3.5,14.1,0.86,4.8,0,0.674655,0.1421431
11601,269,2016,280,8270,3.3,12.9,0.86,4.3,0,0.6583203,4.103133
11602,269,2016,281,6310,9.4,14.3,1.14,4,0,0.6676702,5.51749
11603,269,2016,282,7860,4.2,14.6,0.94,2.9,0,0.677313,4.166543
11604,269,2016,283,8510,1,13.8,0.92,1.1,0.2,0.6872585,3.412924
11605,269,2016,284,8530,2.2,12.7,0.87,1.5,0,0.6975169,3.253912
11606,269,2016,285,4420,0.8,13.2,0.89,2.3,0.2,0.7080988,6.658594
11607,269,2016,286,3970,7.5,10,0.93,4.6,0,0.7190148,6.904369
11608,269,2016,287,3870,7.2,10.5,0.93,5.9,0,0.7011604,6.920486
11609,269,2016,288,7260,7,12.7,0.97,5.3,5,0.7117022,3.885444
11610,269,2016,289,2340,8.5,14.2,1.24,3.1,1.5,0.7225609,7.786432
11611,269,2016,290,9540,7.8,18.9,1.18,2.8,0,0.7337458,0.5932001
11612,269,2016,291,7690,8.6,16.1,1.28,2.9,0.2,0.7452664,2.744961
11613,269,2016,292,3600,7.9,13.1,1.13,5.1,11.6,0.7571323,6.814617
11614,269,2016,293,7310,5.8,11.8,0.97,4.4,17.5,0.7693533,2.986488
11615,269,2016,294,3330,3.7,11.7,0.95,3.1,1.6,0.7819394,6.942079
11616,269,2016,295,4510,3.4,11.6,0.96,2.1,3.6,0.7615323,5.834161
11617,269,2016,296,5280,2.7,10.7,0.86,2,0,0.7736058,4.963176
11618,269,2016,297,7470,1.2,11.9,0.84,1.7,0,0.7860145,2.027109
11619,269,2016,298,3090,3,8.4,0.83,3.6,0,0.7987658,6.938581
11620,269,2016,299,2850,4.8,10,0.97,1.7,0,0.8118664,7.069275
11621,269,2016,300,5190,6.4,12.2,1.04,3,0,0.8253233,4.488595
11622,269,2016,301,4170,8.6,14.2,1.24,4.8,0,0.8391428,5.55099
11623,269,2016,302,1520,7.8,14.7,1.2,3.6,0.3,0.853331,7.988236
11624,269,2016,303,6790,4.7,14,1.06,1.4,0,0.829911,1.544406
11625,269,2016,304,4020,4.9,14,1.1,0.9,0,0.843395,5.451864
11626,269,2016,305,6550,5.2,16.5,1.16,1,0,0.8571998,1.40594
11627,269,2016,306,2810,5.3,13.8,1.08,2.3,0.3,0.8713273,6.690613
11628,269,2016,307,5320,2.5,11,0.84,3.4,1.6,0.8857786,3.269823
11629,269,2016,308,4140,1.6,11.2,0.87,3.3,0.3,0.9005538,4.904031
11630,269,2016,309,2290,6.3,9.2,0.9,4.7,1.4,0.9156522,7.098171
11631,269,2016,310,3430,3.4,9.7,0.88,3.6,4.3,0.9310723,5.667628
11632,269,2016,311,4580,3.7,10.1,0.91,4,4.5,0.9468111,3.775985
11633,269,2016,312,990,-0.5,6.2,0.69,3.8,6,0.9187459,8
11634,269,2016,313,3320,-4.1,4.5,0.58,2,1.9,0.933463,5.62051
11635,269,2016,314,1980,0.5,4.2,0.67,3.3,3.5,0.948423,7.225919
11636,269,2016,315,1340,2.9,4.6,0.74,2.8,14.7,0.963617,7.845358
11637,269,2016,316,5170,-2.6,5.4,0.59,3.7,0.1,0.9790346,1.888199
11638,269,2016,317,3670,-1.6,4.8,0.58,3,0,0.994664,4.623059
11639,269,2016,318,1480,-1.8,4.1,0.6,2.3,3.2,1.010491,7.630704
11640,269,2016,319,1820,-2.9,6.9,0.66,4.1,4.1,1.026502,7.192731
11641,269,2016,320,510,6.8,12.8,1.19,4.5,3.7,1.042677,8
11642,269,2016,321,2990,8.5,14.3,1.23,5.4,3.9,1.058999,5.137378
11643,269,2016,322,2650,6.8,11.1,1.01,6.8,9.9,1.024323,5.706523
11644,269,2016,323,2570,2.9,8.3,0.77,7.2,2.2,1.039163,5.825293
11645,269,2016,324,3390,3.2,8.2,0.76,5.7,0.5,1.054044,4.166122
11646,269,2016,325,1250,4.4,11.5,0.86,9.1,3.2,1.06894,7.6601
11647,269,2016,326,2010,6.9,13.7,1.08,4.5,4.1,1.083824,6.491609
11648,269,2016,327,3700,5.8,12.7,0.9,6.5,0,1.098668,2.963749
11649,269,2016,328,1120,3.2,10,0.92,2.9,0,1.113442,7.741885
11650,269,2016,329,3340,2.1,7.7,0.73,6.3,0,1.128114,3.646708
11651,269,2016,330,4410,-1,6.6,0.62,5,0,1.142652,0.6932115
11652,269,2016,331,2100,-2.3,3.6,0.62,1.8,0,1.157019,6.142159
11653,269,2016,332,2720,-0.3,9.2,0.7,2.8,0,1.17118,4.771338
11654,269,2016,333,5030,-4.6,4,0.51,2.5,0,1.185096,0
11655,269,2016,334,5760,-6.4,3.1,0.47,1.3,0,1.198729,0
11656,269,2016,335,710,-3.9,6.8,0.59,4.1,0,1.152804,8
11657,269,2016,336,1300,5.2,9.3,0.91,4.1,0,1.164385,7.273893
11658,269,2016,337,2190,-1.8,8.6,0.71,2.3,0.8,1.175584,5.576808
11659,269,2016,338,2540,-3.1,7.6,0.68,0.6,0,1.186362,4.715307
11660,269,2016,339,4810,-5,2.1,0.51,1.8,0,1.196684,0
11661,269,2016,340,4890,-6.5,2.8,0.46,1.4,0,1.206514,0
11662,269,2016,341,4130,-6.4,4.3,0.51,1.7,0,1.215816,0
11663,269,2016,342,1500,1.8,8.7,0.73,5.3,0,1.224556,6.792553
11664,269,2016,343,1450,6,9.5,0.81,6.4,1.4,1.232701,6.849283
11665,269,2016,344,590,7.3,10.5,1.07,5.3,0,1.240217,8
11666,269,2016,345,240,6.5,9.5,1.01,5.3,6.8,1.247076,8
11667,269,2016,346,1810,6.2,9.5,0.95,5.4,2.8,1.253249,5.998941
11668,269,2016,347,1110,1.8,7.6,0.81,2.5,0,1.258711,7.407835
11669,269,2016,348,590,4.6,7.4,0.9,3.3,0.4,1.263437,8
11670,269,2016,349,980,7.3,8.9,1.04,2.2,0,1.267408,7.59066
11671,269,2016,350,550,5.1,8.2,0.92,3.3,0,1.270606,8
11672,269,2016,351,2070,0.6,7.5,0.74,2.1,0,1.273017,5.353243
11673,269,2016,352,530,2.7,7.5,0.83,2.4,0,1.274631,8
11674,269,2016,353,2020,2.3,8.6,0.86,2,0,1.275439,5.427301
11675,269,2016,354,2820,-0.2,7.4,0.71,2.3,0,1.275439,3.272164
11676,269,2016,355,790,-3,1.1,0.55,2.9,0,1.274631,7.927754
11677,269,2016,356,1630,0.1,6.8,0.69,6,2,1.273017,6.388105
11678,269,2016,357,1170,3.9,7.4,0.86,4.9,0.4,1.270606,7.273442
11679,269,2016,358,1070,3.9,7.9,0.84,7.1,1.4,1.267408,7.459318
11680,269,2016,359,1950,4.3,9.5,0.83,7.4,0.3,1.263437,5.667133
11681,269,2016,360,440,8.2,11.7,1.07,8.5,0,1.258711,8
11682,269,2016,361,2670,6.1,11.3,0.83,8.2,0.2,1.253249,3.83838
11683,269,2016,362,3090,2.1,8.9,0.77,4.2,0.8,1.247076,2.666165
11684,269,2016,363,1470,-1.9,3.1,0.63,1.8,0,1.240217,6.830378
11685,269,2016,364,1730,-2.7,-0.3,0.54,2,0,1.232701,6.365213
11686,269,2016,365,810,-5.6,1.3,0.51,3.4,0,1.224556,7.961869
11687,269,2016,366,880,1,3.7,0.71,5.3,0.1,1.215816,7.85621
11688,269,2017,1,550,-0.1,2.7,0.64,5.8,1.1,1.215816,8
11689,269,2017,2,3010,0.9,6,0.66,3,0.7,1.206514,3.356412
11690,269,2017,3,970,1.4,7.1,0.72,6.1,0.5,1.196684,7.751079
11691,269,2017,4,2470,2.2,7.4,0.66,6.3,1.9,1.186362,4.912558
11692,269,2017,5,3760,-5.2,4.2,0.49,2.5,1.1,1.175584,1.61208
11693,269,2017,6,3930,-6.1,-0.9,0.35,3.1,0,1.164385,1.38992
11694,269,2017,7,650,-2.2,3.6,0.62,4.2,4.4,1.152804,8
11695,269,2017,8,1340,2.6,5.8,0.79,1.7,0,1.198729,7.289816
11696,269,2017,9,650,2.7,6,0.79,4.7,2.5,1.185096,8
11697,269,2017,10,2050,0.3,6.8,0.74,4,3.5,1.17118,6.161045
11698,269,2017,11,2730,5.6,9.4,0.83,9,0.7,1.157019,4.817966
11699,269,2017,12,1880,0,7.2,0.65,5.6,13.5,1.142652,6.594471
11700,269,2017,13,3290,0.2,5.7,0.61,6.8,13.4,1.128114,3.871936
11701,269,2017,14,2570,0.7,4.9,0.62,5,2.9,1.113442,5.493051
11702,269,2017,15,3030,-1.3,4.3,0.61,1.9,0.3,1.098668,4.672505
11703,269,2017,16,3470,-4.3,0.2,0.5,1.8,0,1.083824,3.916965
11704,269,2017,17,3090,-4.5,-1.7,0.46,1.6,0,1.06894,4.840425
11705,269,2017,18,2610,-5.3,-1.8,0.45,1.4,0,1.054044,5.809502
11706,269,2017,19,5220,-4.4,2,0.5,1.4,0,1.039163,0.2496931
11707,269,2017,20,5050,-5.5,2.3,0.46,2.3,0,1.024323,0.9828495
11708,269,2017,21,4930,-4.7,4.3,0.54,2.8,0,1.058999,1.431133
11709,269,2017,22,6100,-6.7,2.6,0.47,0.9,0,1.042677,0
11710,269,2017,23,1960,-1.5,2.8,0.58,2.1,1,1.026502,7.049198
11711,269,2017,24,1670,-0.5,1.5,0.62,2.4,2.5,1.010491,7.430962
11712,269,2017,25,3820,-3.3,1.3,0.49,2.3,0,0.994664,4.457356
11713,269,2017,26,5300,-4.3,0.8,0.43,3.1,0,0.9790346,1.841711
11714,269,2017,27,4240,-4.4,4.7,0.46,2.8,0,0.963617,4.03045
11715,269,2017,28,2840,1.7,7.3,0.6,3.2,0,0.948423,6.218698
11716,269,2017,29,1570,3.4,6.1,0.76,4.9,0.9,0.933463,7.691192
11717,269,2017,30,1370,2.8,6.8,0.8,4,7.3,0.9187459,7.900507
11718,269,2017,31,1150,2.7,4.1,0.66,2.4,0,0.9468111,8
11719,269,2017,32,3660,0.5,5.4,0.63,3.9,0.7,0.9310723,5.47614
11720,269,2017,33,4140,5.3,12.3,0.96,4.3,0,0.9156522,4.801957
11721,269,2017,34,3030,4.7,11.3,0.91,3.3,0,0.9005538,6.368004
11722,269,2017,35,3300,3.2,7.6,0.82,3.1,7.7,0.8857786,6.151275
11723,269,2017,36,2850,1.5,6.8,0.76,2.3,1.3,0.8713273,6.731983
11724,269,2017,37,1440,1.6,5.5,0.73,1.8,0,0.8571998,8
11725,269,2017,38,1160,-0.4,2.9,0.61,5,2.1,0.843395,8
11726,269,2017,39,740,-1.5,-0.3,0.51,6.3,0,0.829911,8
11727,269,2017,40,1400,-4.4,-1.4,0.41,6.1,0,0.853331,8
11728,269,2017,41,1320,-4.4,-1.7,0.41,4.8,0,0.8391428,8
11729,269,2017,42,2030,-1.8,0.4,0.51,5.4,1.3,0.8253233,7.744702
11730,269,2017,43,5440,-1.7,1.5,0.5,6.2,1.1,0.8118664,4.613601
11731,269,2017,44,8540,-2.9,4.5,0.5,5.3,0,0.7987658,0.5814364
11732,269,2017,45,8550,-1.1,8.3,0.57,3.2,0,0.7860145,0.7715114
11733,269,2017,46,7930,-1.9,14,0.73,2.5,0,0.7736058,1.795583
11734,269,2017,47,3530,3.8,9.9,0.9,4.8,0,0.7615323,6.762412
11735,269,2017,48,2310,4.9,7.4,0.88,3.8,2.3,0.7819394,7.702859
11736,269,2017,49,6430,1.2,9.7,0.8,2.5,0,0.7693533,4.188604
11737,269,2017,50,2460,3.1,8.8,0.85,4.6,1.2,0.7571323,7.672327
11738,269,2017,51,1680,6.9,10.6,1.05,6.6,2.4,0.7452664,8
11739,269,2017,52,8680,5.5,10.1,0.88,5.6,1.1,0.7337458,2.051233
11740,269,2017,53,1850,7.2,10.5,1.02,8.2,14.7,0.7225609,8
11741,269,2017,54,2150,3.9,10.8,0.88,10.5,12,0.7117022,7.955595
11742,269,2017,55,10300,-1.1,7.6,0.6,4.7,0,0.7011604,0.9672977
11743,269,2017,56,2700,-1.1,8.2,0.65,7,1,0.7190148,7.731933
11744,269,2017,57,2590,6.6,10.3,0.97,7.9,1.8,0.7080988,7.790331
11745,269,2017,58,2580,5.1,10.7,0.84,8.3,9.4,0.6975169,7.831355
11746,269,2017,59,5640,2.3,6.8,0.71,7.8,3.3,0.6872585,6.012698
11747,269,2017,60,7530,2.5,9.3,0.8,4.2,4.1,0.677313,4.593672
11748,269,2017,61,3590,2.6,7.6,0.76,7,7.8,0.6676702,7.403879
11749,269,2017,62,5270,0.5,9.1,0.68,3.8,0.1,0.6583203,6.480179
11750,269,2017,63,4870,6.3,13.9,1,3.1,9.3,0.674655,6.726508
11751,269,2017,64,8060,4.9,10.9,0.88,6,3.6,0.6650076,4.602584
11752,269,2017,65,8790,2.7,9.5,0.81,2.3,0,0.6556639,4.167958
11753,269,2017,66,4830,2.2,7.9,0.78,2.1,0.4,0.6466133,6.936695
11754,269,2017,67,1960,1.2,9.4,0.83,4.9,9.9,0.6378454,8
11755,269,2017,68,7620,1.1,11.7,0.86,5,0.3,0.6293505,5.345423
11756,269,2017,69,12280,-0.2,11.2,0.69,1.8,0,0.6211191,1.885684
11757,269,2017,70,9670,-0.2,12.5,0.71,2.2,0,0.6361355,4.158314
11758,269,2017,71,13620,1.6,14.2,0.74,3.1,0,0.6276647,1.031091
11759,269,2017,72,11350,-0.3,11.2,0.77,2.4,0,0.6194641,3.119811
11760,269,2017,73,11310,2.9,14.5,0.98,4.9,0,0.6115237,3.19207
11761,269,2017,74,13540,2.4,12,0.77,2.3,0,0.6038343,1.675605
11762,269,2017,75,14440,1.2,16.4,0.87,3.5,0,0.5963868,1.032262
11763,269,2017,76,9580,6.6,9.8,0.8,7,5,0.5891726,4.832962
11764,269,2017,77,4260,6.3,10.7,1.01,5.9,3.1,0.5821833,7.567492
11765,269,2017,78,4300,8.6,12.6,1.1,7.9,1.9,0.5956537,7.57024
11766,269,2017,79,2690,8.2,11,1.1,7.9,7.1,0.5884819,8
11767,269,2017,80,14620,2.3,9.2,0.68,5.6,0,0.5815388,1.931359
11768,269,2017,81,15300,0.3,12.5,0.63,3.4,0,0.5748159,1.62832
11769,269,2017,82,16150,0.3,13,0.74,5.1,0,0.5683055,1.076218
11770,269,2017,83,17240,2.8,13.3,0.8,5.7,0,0.5619997,0.3671109
11771,269,2017,84,17580,0,13.7,0.65,4.9,0,0.5558914,0.4215167
11772,269,2017,85,11270,2,11.4,0.85,3.9,0,0.5684729,4.64398
11773,269,2017,86,18220,0.7,17.8,0.77,2.7,0,0.5622141,0.2123602
11774,269,2017,87,16840,1.7,18.8,0.85,3,0,0.5561551,1.347832
11775,269,2017,88,4130,8.5,13.9,1.1,5.1,0.1,0.5502887,7.844116
11776,269,2017,89,14700,10.3,21.1,1.2,4.3,0,0.5446078,2.881082
11777,269,2017,90,12620,10,22.3,1.3,4.2,0.1,0.5391059,4.19318
11778,269,2017,91,5660,4.2,13.3,1,2,3.2,0.5337767,7.417872
11779,269,2017,92,18570,3.3,15.5,1.01,3.1,0,0.5456155,0.8472616
11780,269,2017,93,13570,3.8,13.6,0.96,1.6,0,0.5401617,4.063536
11781,269,2017,94,15080,1.8,16.2,0.9,1.6,0,0.5348822,3.355463
11782,269,2017,95,12100,6.1,12.2,0.87,4.8,0,0.5297707,4.997494
11783,269,2017,96,10660,3.5,11.1,0.76,4,0.2,0.5248214,5.738087
11784,269,2017,97,19170,7.5,14.5,1,4.2,0,0.5200285,1.220325
11785,269,2017,98,11970,3.7,14.7,0.88,1.8,0,0.5153867,5.250549
11786,269,2017,99,21030,1.3,21,0.85,2.3,0,0.5108907,0.4273341
11787,269,2017,100,15900,6.3,14.3,0.88,5.3,0.1,0.521868,3.509149
11788,269,2017,101,19430,5.6,14,0.84,4.8,0,0.5172753,1.692526
11789,269,2017,102,5730,7.5,11.3,0.99,5.9,2,0.5128295,7.624511
11790,269,2017,103,16760,2.1,12.6,0.76,4.9,0,0.5085257,3.398449
11791,269,2017,104,10860,2.1,13.2,0.78,4.4,0,0.5043589,6.034457
11792,269,2017,105,14220,5.4,11.6,0.82,6.5,5,0.5003246,4.716102
11793,269,2017,106,12740,4.4,11.2,0.78,4.1,0.4,0.4964183,5.402186
11794,269,2017,107,20920,3.9,10.3,0.73,4.8,4.9,0.5069366,1.632225
11795,269,2017,108,16420,-0.1,10.6,0.65,3.8,5,0.5029512,4.010311
11796,269,2017,109,16180,-0.5,9,0.55,2.4,0,0.4990948,4.232603
11797,269,2017,110,20940,-2.5,12.2,0.57,2.8,0,0.4953631,2.051877
11798,269,2017,111,10610,7,15.1,1.04,5,1.6,0.4917521,6.329405
11799,269,2017,112,12760,4.8,10.3,0.71,5.1,0.4,0.4882578,5.6886
11800,269,2017,113,13150,2.6,10.6,0.69,3.5,0,0.4848763,5.595105
11801,269,2017,114,9650,2.8,13,0.84,5.5,3.9,0.4816042,6.755559
11802,269,2017,115,18560,1.8,9.3,0.68,5.2,1.1,0.4915944,3.532745
11803,269,2017,116,21890,-0.4,10.8,0.64,2.8,0,0.4882636,2.087517
11804,269,2017,117,19350,1.1,11.3,0.66,3.9,0.4,0.4850432,3.331566
11805,269,2017,118,16090,5.2,11.6,0.83,3.3,1.2,0.4819296,4.671091
11806,269,2017,119,21810,0.8,13,0.68,2.8,0,0.4789195,2.348683
11807,269,2017,120,24160,2.2,19,0.64,5.8,0,0.4760096,1.327862
11808,269,2017,121,6690,8.8,12.4,1.02,3,3.5,0.4731969,7.648601
11809,269,2017,122,11060,7.8,15,1.13,3.2,2.2,0.4704785,6.480905
11810,269,2017,123,9300,7.8,15,1.11,4.3,0.4,0.4678514,7.008875
11811,269,2017,124,10540,7.2,13.2,0.95,7.1,0,0.4773439,6.705164
11812,269,2017,125,6550,7.2,11,0.92,5.1,0,0.4746808,7.730565
11813,269,2017,126,23210,6.6,18.7,1.11,5,0,0.4721102,1.976706
11814,269,2017,127,19540,8.7,15.9,1.12,4.1,0,0.4696294,3.642454
11815,269,2017,128,17070,4.4,15.2,0.85,4.8,0,0.4672358,4.733886
11816,269,2017,129,19730,2.7,13.3,0.69,2.4,0,0.4649269,3.841629
11817,269,2017,130,17000,4.2,14.1,0.79,2.2,0,0.4627003,4.852744
11818,269,2017,131,23860,3.2,24.1,0.94,3.5,1,0.4605537,2.099304
11819,269,2017,132,12590,12.3,20,1.51,3,5,0.4584847,6.189407
11820,269,2017,133,12350,9.6,19.1,1.37,3.3,11.2,0.4676989,6.302276
11821,269,2017,134,18670,8.3,21.4,1.32,3.4,2.8,0.4656148,4.224937
11822,269,2017,135,24710,6.6,21,1.04,3.4,0,0.46361,1.901632
11823,269,2017,136,14930,16.4,26.2,1.65,3.3,0,0.4616822,5.523204
11824,269,2017,137,23300,15.7,29,1.51,3.3,0,0.4598295,2.412799
11825,269,2017,138,8540,14.2,21.4,1.67,4,0.5,0.4580498,7.346775
11826,269,2017,139,8130,9.4,16.1,1.18,5.5,1.1,0.4563412,7.486749
11827,269,2017,140,18830,7.8,17.1,1.08,3.5,3.3,0.4547021,4.435809
11828,269,2017,141,22730,7,19.2,1.07,2.8,0,0.4531306,3.002219
11829,269,2017,142,26430,8.4,24.9,1.14,2.4,0,0.451625,1.447027
11830,269,2017,143,25020,10.9,20.1,1.16,4,0,0.4607171,2.095884
11831,269,2017,144,19670,9.3,21.3,1.3,3.1,0,0.4592205,4.18026
11832,269,2017,145,28650,8.8,21.6,1.3,2.6,0,0.4577919,0.489016
11833,269,2017,146,28940,10.8,27.2,1.38,3.6,0,0.4564298,0.3556096
11834,269,2017,147,28480,14.5,31.1,1.58,4.1,0,0.4551327,0.5130191
11835,269,2017,148,26940,15.6,25.2,1.65,3.3,0.2,0.453899,1.231387
11836,269,2017,149,21700,14.4,29.2,1.99,3.4,0.1,0.4527275,3.351752
11837,269,2017,150,10650,14.4,20.9,1.66,5.3,0.3,0.4516167,6.943504
11838,269,2017,151,28430,9.5,21,1.27,3.4,0,0.4505656,0.8553157
11839,269,2017,152,30120,7.7,22.6,1.07,2,0,0.4495727,0.2392837
11840,269,2017,153,26440,11.4,25.5,1.34,2.6,0,0.4486372,1.753309
11841,269,2017,154,17190,15,23.9,1.65,2.8,0.1,0.4477578,5.129092
11842,269,2017,155,26650,9.7,20.6,1.12,4.4,0,0.4469337,1.822689
11843,269,2017,156,20220,9.1,22.5,1.02,4.6,0,0.4461639,4.316063
11844,269,2017,157,11210,10.7,18.2,1.25,7.9,11.5,0.4454475,6.893775
11845,269,2017,158,8640,11.3,16.7,1.23,8.8,8.7,0.4447838,7.479173
11846,269,2017,159,16760,11.8,23.6,1.56,5,0.6,0.4441721,5.334012
11847,269,2017,160,15640,11.4,18.8,1.41,4.7,22.1,0.4533817,5.70669
11848,269,2017,161,23180,10.4,23.2,1.4,3.6,0,0.4528294,3.187604
11849,269,2017,162,24080,12.9,27.9,1.58,4.5,0,0.4523328,2.788232
11850,269,2017,163,12400,14.4,18.8,1.34,6.5,0,0.4518908,6.614499
11851,269,2017,164,26570,11.2,19.8,1.29,3.7,0,0.4515028,1.923888
11852,269,2017,165,29610,9.3,23.8,1.26,2.2,0,0.4511678,0.6462316
11853,269,2017,166,24750,12.4,27.1,1.57,4.3,0,0.4508853,2.560855
11854,269,2017,167,17490,11.7,18.8,1.21,5,0,0.4506548,5.227123
11855,269,2017,168,16570,13.3,22.6,1.63,3,0,0.4504759,5.422647
11856,269,2017,169,27450,11.8,26.4,1.64,1.9,0,0.4503484,1.427131
11857,269,2017,170,28080,15.5,29,1.88,2.2,0,0.4502719,1.051059
11858,269,2017,171,23820,13.6,25.8,1.68,4.6,0,0.4502464,2.899704
11859,269,2017,172,27460,12,26.7,1.46,3.7,0,0.4502719,1.501216
11860,269,2017,173,19490,17.6,29.5,2.09,5.4,1.5,0.4503484,4.380103
11861,269,2017,174,19320,16.6,22.3,1.63,6,0,0.4504759,4.538278
11862,269,2017,175,6470,16,19.8,1.78,5.7,1,0.4506548,7.893503
11863,269,2017,176,6830,15.6,19.1,1.66,4.7,6.4,0.4508853,7.829437
11864,269,2017,177,27790,10.7,20,1.2,3.5,0,0.4511678,1.451696
11865,269,2017,178,18660,9.4,22.1,1.31,4.2,2.2,0.4515028,4.813713
11866,269,2017,179,6800,15.2,22.8,2.07,3.2,24.8,0.4518908,7.812838
11867,269,2017,180,11750,14.4,20.3,1.72,2.3,1.1,0.4523328,6.72466
11868,269,2017,181,11020,12.7,20.2,1.63,3.2,11.2,0.4528294,6.910146
11869,269,2017,182,12470,13.4,19.8,1.64,4.1,7.3,0.4533817,6.539634
11870,269,2017,183,21060,10,19.5,1.31,4.3,0,0.4441721,3.949761
11871,269,2017,184,19770,9.9,22.7,1.43,5.5,0,0.4447838,4.352818
11872,269,2017,185,26390,13.1,21.7,1.35,2.1,0,0.4454475,1.830015
11873,269,2017,186,25780,13,24.4,1.6,2.3,0,0.4461639,1.956535
11874,269,2017,187,23160,12.8,26.3,1.73,2.7,2.7,0.4469337,2.958712
11875,269,2017,188,20040,16.4,25.8,2.08,2.9,3,0.4477578,4.032408
11876,269,2017,189,18560,12,22.7,1.59,2.5,0,0.4486372,4.651352
11877,269,2017,190,28890,10.9,23.1,1.4,1.8,0,0.4495727,0.5536808
11878,269,2017,191,21870,13.9,25.8,1.76,2.9,0.3,0.4505656,3.361574
11879,269,2017,192,13770,15.2,21.2,1.67,4.2,3.4,0.4516167,6.095408
11880,269,2017,193,10470,13.1,18.1,1.45,4.4,19.7,0.4527275,6.987728
11881,269,2017,194,20120,10.2,20,1.24,1.6,0.5,0.453899,4.098967
11882,269,2017,195,13310,9.8,19.1,1.33,4.3,10.3,0.4551327,6.23804
11883,269,2017,196,17480,14.5,20.8,1.45,3.4,0,0.4564298,4.914627
11884,269,2017,197,8430,15.9,21.8,1.94,4,1.8,0.4577919,7.399656
11885,269,2017,198,27710,12.5,22.3,1.47,1.9,0,0.4592205,0.7107049
11886,269,2017,199,24480,11.1,24.3,1.48,3.9,0,0.4607171,2.119422
11887,269,2017,200,18510,15,28.6,1.93,3.8,1.5,0.451625,4.340837
11888,269,2017,201,16040,13.5,25.1,1.9,4.1,5.3,0.4531306,5.192908
11889,269,2017,202,26820,13.1,22.6,1.39,3,0,0.4547021,0.9517478
11890,269,2017,203,20330,15.7,26.2,1.79,3.1,4.9,0.4563412,3.577565
11891,269,2017,204,15550,13.7,19.9,1.63,4.3,2.3,0.4580498,5.334044
11892,269,2017,205,16730,12.9,19.7,1.58,2.6,5.5,0.4598295,4.913446
11893,269,2017,206,10440,15.5,19.5,1.66,4.8,4.7,0.4616822,6.828534
11894,269,2017,207,23060,15.7,23.1,1.69,3.5,0.2,0.46361,2.270002
11895,269,2017,208,14370,14.1,21.9,1.55,4.5,0.2,0.4656148,5.636658
11896,269,2017,209,18360,14.2,21.6,1.62,7,0.8,0.4676989,4.164085
11897,269,2017,210,12580,15.9,22.8,1.98,5.2,29.4,0.4584847,6.095506
11898,269,2017,211,19370,13.1,23.1,1.68,5.3,4.1,0.4605537,3.655876
11899,269,2017,212,18190,11.9,22.8,1.55,3.1,0,0.4627003,4.12335
11900,269,2017,213,15990,13.8,22.6,1.61,1.5,0,0.4649269,4.908165
11901,269,2017,214,16300,14.4,22,1.61,3.8,1.8,0.4672358,4.754908
11902,269,2017,215,16540,15.5,22.4,1.62,8.3,1.4,0.4696294,4.62096
11903,269,2017,216,18320,14.1,21.9,1.57,6.6,0,0.4721102,3.87628
11904,269,2017,217,17610,11,20.6,1.4,3.5,0,0.4746808,4.166495
11905,269,2017,218,19820,10.7,21,1.32,3.1,0.1,0.4773439,3.203907
11906,269,2017,219,23590,10.3,22.4,1.38,2.9,0,0.4678514,1.313052
11907,269,2017,220,6990,13.9,20.4,1.72,3.5,9.2,0.4704785,7.522961
11908,269,2017,221,17500,12.3,21.3,1.53,4.3,0,0.4731969,3.964126
11909,269,2017,222,15450,10.5,20.8,1.46,2.4,0.2,0.4760096,4.773268
11910,269,2017,223,12700,13.9,20.4,1.53,2.4,0.2,0.4789195,5.749398
11911,269,2017,224,11560,11.7,21.8,1.66,4.1,4.7,0.4819296,6.092511
11912,269,2017,225,17810,10.7,20.9,1.4,2.1,0.1,0.4850432,3.625068
11913,269,2017,226,22010,10.6,24.1,1.47,2.7,0,0.4882636,1.446713
11914,269,2017,227,7830,14.2,21.5,1.82,2,2.7,0.4915944,7.17836
11915,269,2017,228,18460,10.5,23.1,1.55,2,0,0.4816042,3.054051
11916,269,2017,229,5680,13.1,19.3,1.68,4.2,1.7,0.4848763,7.739056
11917,269,2017,230,10430,11.5,20.5,1.55,4.8,3.1,0.4882578,6.303487
11918,269,2017,231,15980,12.3,19.4,1.46,5.7,9.2,0.4917521,4.037413
11919,269,2017,232,16350,11.3,19.4,1.41,4.8,0.1,0.4953631,3.810312
11920,269,2017,233,17640,9,21.2,1.39,1.7,0,0.4990948,3.108183
11921,269,2017,234,19090,12,23,1.56,2.8,0,0.5029512,2.184425
11922,269,2017,235,17370,10.5,25.6,1.57,3,0,0.5069366,3.007951
11923,269,2017,236,15180,12,22,1.59,3.4,0,0.4964183,4.022711
11924,269,2017,237,15710,11.3,22.3,1.53,2,0,0.5003246,3.700189
11925,269,2017,238,17530,10.7,23.8,1.52,1.9,0,0.5043589,2.65102
11926,269,2017,239,20400,11.2,23.6,1.45,1.4,0,0.5085257,0.8715986
11927,269,2017,240,19290,11,25.4,1.61,1.3,0,0.5128295,1.35211
11928,269,2017,241,17160,14,28.3,1.96,2.6,0,0.5172753,2.383316
11929,269,2017,242,4250,14,21.8,1.93,4,11.4,0.521868,7.934276
11930,269,2017,243,15430,10.1,19.3,1.34,3.3,5.2,0.5108907,3.378936
11931,269,2017,244,15560,8.6,20.5,1.29,1.8,0,0.5153867,3.227317
11932,269,2017,245,17110,8.6,19.5,1.27,1.6,0.1,0.5200285,2.216512
11933,269,2017,246,16430,7.7,20.3,1.26,1.5,0,0.5248214,2.51242
11934,269,2017,247,18820,9.2,23,1.34,2.8,0,0.5297707,0.7927801
11935,269,2017,248,8900,15.6,22.1,1.87,3.9,1.2,0.5348822,6.132065
11936,269,2017,249,8940,13.5,18.5,1.49,5.4,3.6,0.5401617,6.121693
11937,269,2017,250,10420,13.6,18.9,1.48,4.4,3.6,0.5456155,5.381061
11938,269,2017,251,2540,12.5,16.2,1.54,6.4,59.2,0.5337767,8
11939,269,2017,252,9530,9.8,18,1.4,3.7,4.3,0.5391059,5.703838
11940,269,2017,253,14830,9.3,17.9,1.28,6.3,0,0.5446078,2.640272
11941,269,2017,254,10890,12.1,17.3,1.42,8.6,11.2,0.5502887,4.860118
11942,269,2017,255,13940,11.9,17.6,1.36,6.3,0.1,0.5561551,2.935642
11943,269,2017,256,9690,11.1,16.6,1.27,9.4,6.4,0.5622141,5.3884
11944,269,2017,257,6290,9.7,15.3,1.28,5.5,15.2,0.5684729,6.939322
11945,269,2017,258,12340,9.2,16,1.24,4.5,2.9,0.5558914,3.666687
11946,269,2017,259,6790,9.8,13.2,1.25,3.4,0.9,0.5619997,6.644116
11947,269,2017,260,11310,7.3,16.7,1.25,1.8,8.5,0.5683055,4.103788
11948,269,2017,261,11220,9,16.5,1.31,2.5,0.1,0.5748159,4.033688
11949,269,2017,262,12260,8.7,17.4,1.29,2,0,0.5815388,3.209243
11950,269,2017,263,9920,10,18.1,1.36,3.3,0.4,0.5884819,4.65127
11951,269,2017,264,12800,9.5,18.5,1.28,2.8,0,0.5956537,2.5272
11952,269,2017,265,8400,8.1,18.4,1.37,1.5,0,0.5821833,5.414596
11953,269,2017,266,15200,5.3,18,1.14,1.3,0,0.5891726,0.2092824
11954,269,2017,267,11990,7.7,19.4,1.38,2.4,0,0.5963868,2.659986
11955,269,2017,268,5580,10.2,17.2,1.43,3,0,0.6038343,6.790535
11956,269,2017,269,5740,9,16.6,1.38,2.6,0,0.6115237,6.664811
11957,269,2017,270,8930,10.2,19.8,1.54,3,0,0.6194641,4.557982
11958,269,2017,271,5560,13.4,18.6,1.71,2.3,3.3,0.6276647,6.618725
11959,269,2017,272,8960,13.2,22.2,1.84,3.1,31.5,0.6361355,4.230844
11960,269,2017,273,2950,9.1,15.8,1.34,2,5.5,0.6211191,7.869346
11961,269,2017,274,8650,9.7,18.1,1.29,5.5,0,0.6293505,4.389022
11962,269,2017,275,6840,13.1,17.7,1.38,6.9,0.5,0.6378454,5.600018
11963,269,2017,276,10700,11.9,16.2,1.25,5,0,0.6466133,2.32799
11964,269,2017,277,5330,10.6,15,1.12,5.9,1,0.6556639,6.49962
11965,269,2017,278,9050,11.1,15.8,1.28,7.8,13.9,0.6650076,3.523063
11966,269,2017,279,9260,9.9,14.9,1.17,5.3,6.6,0.674655,3.218939
11967,269,2017,280,2460,10.2,14.3,1.28,6,5,0.6583203,7.940219
11968,269,2017,281,7350,6.5,14.2,1.04,2.6,1,0.6676702,4.703341
11969,269,2017,282,4170,8.6,14.1,1.26,3.4,2.6,0.677313,6.933028
11970,269,2017,283,3650,11.9,15.7,1.45,5.5,1,0.6872585,7.190289
11971,269,2017,284,2900,13.3,15.9,1.4,8.2,2.1,0.6975169,7.6005
11972,269,2017,285,7330,10,15,1.16,5.1,0.1,0.7080988,4.171678
11973,269,2017,286,5770,10.4,17.9,1.44,5.6,0,0.7190148,5.416913
11974,269,2017,287,8170,11.5,19.2,1.59,4,0,0.7011604,2.802254
11975,269,2017,288,9810,9.5,21.8,1.49,3.4,0,0.7117022,0.5657824
11976,269,2017,289,8560,13.6,23.3,1.7,4,0,0.7225609,1.87221
11977,269,2017,290,4050,8.6,16.5,1.27,3.7,0,0.7337458,6.56091
11978,269,2017,291,7930,9.2,18.3,1.42,2,0,0.7452664,2.379666
11979,269,2017,292,7810,10.7,20.6,1.48,2.8,0.1,0.7571323,2.302074
11980,269,2017,293,3980,10.8,17.1,1.34,7,8,0.7693533,6.405754
11981,269,2017,294,6270,10.4,17.2,1.26,6.2,0.6,0.7819394,3.963687
11982,269,2017,295,5440,9.7,13.5,1.22,6.7,12.5,0.7615323,4.793936
11983,269,2017,296,4510,9.4,14.2,1.2,4.3,0.3,0.7736058,5.683152
11984,269,2017,297,1650,12.9,16.5,1.59,6,0.5,0.7860145,7.993716
11985,269,2017,298,3570,9.3,16.5,1.34,5,0.3,0.7987658,6.422447
11986,269,2017,299,5010,11.4,16,1.41,3.5,0,0.8118664,4.731875
11987,269,2017,300,6790,10.6,14.1,1.12,4.6,0.1,0.8253233,2.207229
11988,269,2017,301,2180,9.8,14.7,1.18,7.6,1.4,0.8391428,7.516234
11989,269,2017,302,6440,8.2,14.6,0.96,7.8,5.4,0.853331,2.409619
11990,269,2017,303,7340,6.9,11.3,0.87,3.5,0.6,0.829911,0.719719
11991,269,2017,304,2570,7.2,11.2,1.05,4.8,0.4,0.843395,7.053483
11992,269,2017,305,3780,9.6,13.3,1.19,5,0,0.8571998,5.624956
11993,269,2017,306,4400,6.3,14.5,1.12,2.9,0,0.8713273,4.705652
11994,269,2017,307,2740,7.4,12.5,1.13,2.6,0,0.8857786,6.695321
11995,269,2017,308,4430,8.3,13.1,1.16,4.1,3.9,0.9005538,4.375742
11996,269,2017,309,5030,3.5,10.8,0.88,3.5,1,0.9156522,3.370289
11997,269,2017,310,5620,1.2,10.6,0.81,1.8,2.2,0.9310723,2.165205
11998,269,2017,311,6550,-0.3,9.5,0.79,1.4,0,0.9468111,0.04115101
11999,269,2017,312,1720,2.1,7.5,0.83,2.1,0,0.9187459,7.558131
12000,269,2017,313,3720,6.1,10.9,1.04,4.2,0.8,0.933463,4.859084
12001,269,2017,314,2650,6.2,10.5,0.92,5.5,3.6,0.948423,6.364738
12002,269,2017,315,2940,2.6,9.3,0.8,3.8,4.2,0.963617,5.912049
12003,269,2017,316,3430,2.6,7.6,0.78,3.3,8.6,0.9790346,5.064058
12004,269,2017,317,4340,2.6,9.6,0.76,4,1.3,0.994664,3.28512
12005,269,2017,318,2470,2.4,9.3,0.86,5,0.2,1.010491,6.342487
12006,269,2017,319,1120,8.8,10.1,1.16,3.5,1.8,1.026502,7.937286
12007,269,2017,320,960,6.5,10.6,1.08,3.9,1.7,1.042677,8
12008,269,2017,321,4280,1.5,10.1,0.8,2.3,0,1.058999,2.671587
12009,269,2017,322,2440,4.6,9.7,0.82,5.3,3.1,1.024323,6.105182
12010,269,2017,323,3910,4.5,9.3,0.81,5.2,1.9,1.039163,3.151901
12011,269,2017,324,840,5,11.2,1.02,5.3,14,1.054044,8
12012,269,2017,325,700,10.4,12.2,1.26,5.9,3.3,1.06894,8
12013,269,2017,326,2770,9.8,12.6,1.06,8.4,0.8,1.083824,5.105743
12014,269,2017,327,1470,7.4,13.5,0.96,8.4,1.5,1.098668,7.294056
12015,269,2017,328,2240,3.8,8.6,0.88,2.9,3.8,1.113442,6.007267
12016,269,2017,329,2260,-0.2,6.4,0.7,2.8,4.3,1.128114,5.950802
12017,269,2017,330,2460,2.2,7.2,0.73,5,11.1,1.142652,5.482432
12018,269,2017,331,940,3.3,9.2,0.85,6.9,5.7,1.157019,7.913783
12019,269,2017,332,1630,1.5,6.8,0.71,5.5,0.4,1.17118,6.89449
12020,269,2017,333,1330,-0.2,4,0.68,2.4,0,1.185096,7.341142
12021,269,2017,334,2680,-0.8,4.7,0.66,2.4,0,1.198729,4.702155
12022,269,2017,335,2740,-2.8,3.6,0.61,1.6,0,1.152804,4.497431
12023,269,2017,336,1180,-3,0.2,0.54,3.4,0.2,1.164385,7.510758
12024,269,2017,337,1380,0.2,7.2,0.76,4,1.4,1.175584,7.134774
12025,269,2017,338,1800,4.8,9,0.92,3.7,3.4,1.186362,6.293453
12026,269,2017,339,900,5.3,8.5,0.85,4.2,0,1.196684,7.837919
12027,269,2017,340,920,7,9.6,0.88,6.1,0,1.206514,7.792219
12028,269,2017,341,610,4.5,7.1,0.77,9,5.6,1.215816,8
12029,269,2017,342,950,0,6,0.67,5.6,13.3,1.224556,7.740546
12030,269,2017,343,1160,0.4,4.9,0.68,5.6,14.1,1.232701,7.390084
12031,269,2017,344,640,0,1.3,0.61,5.7,10.2,1.240217,8
12032,269,2017,345,650,-1.4,1.9,0.58,5.6,4.2,1.247076,8
12033,269,2017,346,3290,-0.7,3.9,0.61,4.5,1,1.253249,2.061811
12034,269,2017,347,790,0.4,5.2,0.7,7.5,7.1,1.258711,7.932174
12035,269,2017,348,2140,0.3,4.6,0.68,5.3,4.8,1.263437,5.24887
12036,269,2017,349,810,0,3.8,0.67,2.7,0.5,1.267408,7.89481
12037,269,2017,350,2900,0.5,5.4,0.67,2.9,0.9,1.270606,3.089093
12038,269,2017,351,3420,-1.4,4.9,0.64,4,4.4,1.273017,1.382262
12039,269,2017,352,1190,0.9,7.3,0.77,3.6,2.7,1.274631,7.239716
12040,269,2017,353,1350,1.3,6.9,0.79,2.3,0,1.275439,6.932496
12041,269,2017,354,790,3.9,8.2,0.92,2.3,0.2,1.275439,7.896599
12042,269,2017,355,830,6.1,8.3,1.01,2.6,0.6,1.274631,7.828707
12043,269,2017,356,1390,2.8,7.9,0.89,1.5,0.7,1.273017,6.843826
12044,269,2017,357,460,7.4,8.9,1.02,6.7,0,1.270606,8
12045,269,2017,358,780,7.3,9.2,1.03,8.2,0.3,1.267408,7.914267
12046,269,2017,359,1200,4.4,9.1,0.86,8.3,0,1.263437,7.234706
12047,269,2017,360,2470,4.4,7.2,0.77,8.1,1.4,1.258711,4.386728
12048,269,2017,361,890,3,6.1,0.75,5.4,5.1,1.253249,7.785767
12049,269,2017,362,1850,1.2,5.2,0.62,5.6,0.5,1.247076,6.031187
12050,269,2017,363,1460,0.1,6.6,0.7,6.4,7.2,1.240217,6.835273
12051,269,2017,364,1160,3.9,11.7,0.9,7.8,4.8,1.232701,7.366027
12052,269,2017,365,740,8.1,13.4,1.18,7.9,23.6,1.224556,8
12053,269,2018,1,2070,5.5,8.4,0.86,7,3.5,1.215816,5.61065
12054,269,2018,2,1980,3.3,8.9,0.84,5.8,3.1,1.206514,5.862716
12055,269,2018,3,690,5.9,10.8,0.88,11.6,15.6,1.196684,8
12056,269,2018,4,1290,6.7,10.1,0.93,7.5,1.3,1.186362,7.245423
12057,269,2018,5,1280,4.5,7.7,0.83,5.8,2.3,1.175584,7.298565
12058,269,2018,6,1990,1.8,6.5,0.76,3.8,0,1.164385,6.052477
12059,269,2018,7,4060,-1.2,2.4,0.51,8,0,1.152804,0.9753867
12060,269,2018,8,3760,-1.8,2.9,0.49,7.1,0,1.198729,2.048822
12061,269,2018,9,2110,-0.9,4.5,0.62,3.3,0,1.185096,6.021619
12062,269,2018,10,810,2.3,7,0.81,2.5,1.4,1.17118,8
12063,269,2018,11,1580,4.6,7.3,0.9,1.5,0,1.157019,6.996218
12064,269,2018,12,930,3.8,4.9,0.8,1.9,0.3,1.142652,7.953886
12065,269,2018,13,980,2,5.9,0.75,2.8,0,1.128114,7.915748
12066,269,2018,14,2200,1.1,4.2,0.62,4,0,1.113442,6.169672
12067,269,2018,15,680,1.6,7.5,0.75,8.1,9.7,1.098668,8
12068,269,2018,16,3030,1.9,6.7,0.67,6.7,3.8,1.083824,4.753092
12069,269,2018,17,1970,0.6,5.6,0.59,7,3.1,1.06894,6.724138
12070,269,2018,18,2060,0,9.7,0.75,8.4,8.3,1.054044,6.608715
12071,269,2018,19,3630,1.4,6.1,0.7,4.5,3,1.039163,3.873646
12072,269,2018,20,1660,0.6,3.5,0.67,3.1,0.7,1.024323,7.278848
12073,269,2018,21,4340,1.2,6.2,0.68,3.2,0.3,1.058999,2.680306
12074,269,2018,22,2430,2.1,7.8,0.8,4.4,0.6,1.042677,6.297791
12075,269,2018,23,1910,4.6,10.9,0.96,6.8,0.8,1.026502,7.050645
12076,269,2018,24,1330,7.2,14,1.13,9.5,4.6,1.010491,7.75326
12077,269,2018,25,2750,4.9,8.9,0.9,5.2,0,0.994664,6.028276
12078,269,2018,26,1420,3.4,6.1,0.84,2.5,0.4,0.9790346,7.740607
12079,269,2018,27,2820,4.3,6.9,0.79,6.5,0.3,0.963617,6.116377
12080,269,2018,28,2770,6.9,11.2,1.05,7.5,0.1,0.948423,6.205476
12081,269,2018,29,1530,5.4,10.8,0.91,8.6,4.6,0.933463,7.715685
12082,269,2018,30,5790,1.5,7.7,0.76,3.8,0,0.9187459,1.494273
12083,269,2018,31,1200,1,9.3,0.77,7.1,5,0.9468111,8
12084,269,2018,32,3830,1.4,6,0.71,6.1,3.5,0.9310723,5.214176
12085,269,2018,33,5010,0.1,6.7,0.68,4.1,3.6,0.9156522,3.581881
12086,269,2018,34,2970,-0.2,5.8,0.67,4.2,3.9,0.9005538,6.488662
12087,269,2018,35,4200,0,3.2,0.55,5.8,0,0.8857786,5.11801
12088,269,2018,36,3790,-1.5,2.7,0.53,5.6,0,0.8713273,5.746624
12089,269,2018,37,7520,-3.8,0.8,0.44,4.4,0,0.8571998,0.3660303
12090,269,2018,38,8520,-5.1,1.2,0.42,1.7,0,0.843395,0
12091,269,2018,39,5910,-1.8,4.5,0.56,2.8,0,0.829911,3.34467
12092,269,2018,40,4350,-1,2.3,0.52,4.8,0.1,0.853331,5.50269
12093,269,2018,41,4270,0.2,6.2,0.65,4,0,0.8391428,5.646415
12094,269,2018,42,3560,1.1,6.4,0.68,7.4,5.6,0.8253233,6.448835
12095,269,2018,43,8280,0.5,5.7,0.61,5.2,0.8,0.8118664,0.5992017
12096,269,2018,44,8420,-0.5,6,0.56,4.6,0,0.7987658,0.7057405
12097,269,2018,45,8620,-1.6,5,0.44,4.9,0,0.7860145,0.8021546
12098,269,2018,46,2390,-0.2,8,0.74,5.6,3,0.7736058,7.598356
12099,269,2018,47,8440,-0.7,7.4,0.66,3.4,0,0.7615323,1.370157
12100,269,2018,48,7000,-1.3,6.9,0.64,1.7,0,0.7819394,3.459492
12101,269,2018,49,9450,-2.6,7,0.6,2.5,0,0.7693533,0.5137978
12102,269,2018,50,2910,-0.8,3.6,0.58,2.4,0,0.7571323,7.41483
12103,269,2018,51,5380,-2.4,4.7,0.59,2.6,0,0.7452664,5.558225
12104,269,2018,52,9860,-2.8,4,0.54,3,0,0.7337458,0.8197071
12105,269,2018,53,9640,-3.2,3.9,0.51,4.4,0,0.7225609,1.379414
12106,269,2018,54,10960,-3.2,2.7,0.47,5.3,0,0.7117022,0.002715819
12107,269,2018,55,10860,-3.6,2.7,0.38,7,0,0.7011604,0.5076525
12108,269,2018,56,11390,-5.2,0.5,0.34,6.4,0,0.7190148,0.1738764
12109,269,2018,57,9380,-6,0.3,0.35,5.9,0,0.7080988,2.662396
12110,269,2018,58,9320,-8.4,0.3,0.35,3.7,0.1,0.6975169,2.906937
12111,269,2018,59,9080,-8.6,-5,0.25,7.9,0,0.6872585,3.397079
12112,269,2018,60,9730,-8.4,-1.3,0.22,10.7,0,0.677313,2.985861
12113,269,2018,61,11060,-7.9,0.3,0.24,9.8,0,0.6676702,1.86232
12114,269,2018,62,5270,-6.2,0.8,0.3,5.6,0,0.6583203,6.57938
12115,269,2018,63,9740,-2.9,10.9,0.62,4.2,0.9,0.674655,3.161788
12116,269,2018,64,11640,2.1,12.6,0.8,5.2,0,0.6650076,1.401428
12117,269,2018,65,7710,-1.7,11.1,0.71,2.1,0,0.6556639,5.041469
12118,269,2018,66,4290,-2.1,8.8,0.71,2.3,6.8,0.6466133,7.231952
12119,269,2018,67,4700,1.3,7.9,0.74,7,4.4,0.6378454,7.057752
12120,269,2018,68,10130,1.7,10,0.77,3.8,1.6,0.6293505,3.511362
12121,269,2018,69,6990,6.1,15.2,1.14,4.1,3.2,0.6211191,5.772366
12122,269,2018,70,4380,5.6,13.4,1.08,3.2,0.1,0.6361355,7.292014
12123,269,2018,71,9160,6.9,15.2,1.12,3.6,0.5,0.6276647,4.488629
12124,269,2018,72,3690,4.2,8.9,0.89,4.1,3.2,0.6194641,7.678259
12125,269,2018,73,12600,0.3,10.4,0.74,3.7,0,0.6115237,2.296337
12126,269,2018,74,10090,1.6,10.4,0.65,6.1,0.1,0.6038343,4.356022
12127,269,2018,75,3570,-0.2,6.1,0.66,7.1,4.8,0.5963868,7.816115
12128,269,2018,76,9750,-2.9,-0.2,0.31,11.8,0,0.5891726,4.942794
12129,269,2018,77,14330,-3.7,1.6,0.27,9.7,0,0.5821833,2.001968
12130,269,2018,78,16950,-4.8,4.5,0.32,6.8,0,0.5956537,0.04609152
12131,269,2018,79,16800,-0.9,7.6,0.58,5,0.4,0.5884819,0.09257516
12132,269,2018,80,12940,-3,7.8,0.6,3.4,0,0.5815388,3.182544
12133,269,2018,81,8000,3.9,9.3,0.89,4.5,2.1,0.5748159,6.073039
12134,269,2018,82,6070,5.3,7.7,0.79,4.9,0,0.5683055,7.018181
12135,269,2018,83,9980,1.8,11.2,0.76,2.7,0,0.5619997,5.218471
12136,269,2018,84,8890,0.7,10.4,0.77,2.3,0,0.5558914,5.844585
12137,269,2018,85,8500,1,10.5,0.8,1.8,0,0.5684729,6.082384
12138,269,2018,86,7700,1,9.9,0.74,3.3,0.2,0.5622141,6.504514
12139,269,2018,87,3670,2.9,8.4,0.83,3.7,12.5,0.5561551,7.985187
12140,269,2018,88,10790,3.4,9.3,0.77,3.6,0.1,0.5502887,5.170404
12141,269,2018,89,12880,4.6,13.5,0.86,4.2,5.5,0.5446078,4.108842
12142,269,2018,90,10880,2.6,11.8,0.85,2.3,6.4,0.5391059,5.244953
12143,269,2018,91,7010,2.9,7.6,0.77,2.5,9.2,0.5337767,6.969926
12144,269,2018,92,6390,2,11.8,0.83,3.8,2.3,0.5456155,7.213364
12145,269,2018,93,11200,8.8,16.9,1.2,6.2,1.6,0.5401617,5.198328
12146,269,2018,94,7320,7.6,14.2,1.12,4.1,7.3,0.5348822,6.90622
12147,269,2018,95,11030,1.3,9.7,0.73,6.5,2.6,0.5297707,5.529883
12148,269,2018,96,19330,0.9,15,0.61,4.4,0,0.5248214,1.250952
12149,269,2018,97,16830,4.2,21.3,0.88,3.2,0,0.5200285,2.700188
12150,269,2018,98,16190,7.7,21.5,1.28,2,0,0.5153867,2.988704
12151,269,2018,99,9640,8.1,16.8,1.23,4.6,0,0.5108907,6.198996
12152,269,2018,100,14800,10.4,20.9,1.32,3.5,0,0.521868,3.907413
12153,269,2018,101,17490,7.6,18.9,1.16,5.9,0,0.5172753,2.628093
12154,269,2018,102,7280,6.8,14,1.1,5.5,0.3,0.5128295,7.151627
12155,269,2018,103,10110,4.6,15.9,1.06,2.7,0,0.5085257,6.214406
12156,269,2018,104,8510,6.9,15,1.05,2.3,0,0.5043589,6.813278
12157,269,2018,105,7990,8.7,17.2,1.34,1.7,5.2,0.5003246,6.975391
12158,269,2018,106,19280,6.4,16.8,1.04,3.8,0.1,0.4964183,2.234871
12159,269,2018,107,19920,5.6,20.9,0.97,3.7,0,0.5069366,2.029233
12160,269,2018,108,21570,8.2,25.1,1.1,2.5,0,0.5029512,1.151105
12161,269,2018,109,21650,12,29.6,1.15,3.1,0,0.4990948,1.193834
12162,269,2018,110,21720,12.3,26.3,1.39,2.8,0,0.4953631,1.140548
12163,269,2018,111,22510,8.8,22.3,1.11,3.5,0,0.4917521,0.9640544
12164,269,2018,112,19410,8.8,27.9,1.29,3.7,0,0.4882578,2.621357
12165,269,2018,113,19700,10.1,16.6,1.03,5.9,0,0.4848763,2.680172
12166,269,2018,114,8370,10,15.7,1.17,6.2,1.4,0.4816042,7.088662
12167,269,2018,115,11740,8.5,13.7,0.99,7.1,1.5,0.4915944,6.089539
12168,269,2018,116,16700,6.9,13.2,0.88,6.7,1.5,0.4882636,4.302773
12169,269,2018,117,13160,4.8,15.1,0.78,3.5,0,0.4850432,5.721701
12170,269,2018,118,10790,6.9,16.4,1.04,4.3,0.3,0.4819296,6.476682
12171,269,2018,119,5580,3.8,12.8,1.01,4.8,9.7,0.4789195,7.881449
12172,269,2018,120,5360,6,13.7,1.07,5.8,21.4,0.4760096,7.935342
12173,269,2018,121,14700,4.4,11.9,0.81,7.2,6,0.4731969,5.325204
12174,269,2018,122,22990,3.7,17.1,0.83,5.5,0.4,0.4704785,1.93699
12175,269,2018,123,26310,5.6,14.4,0.84,3,0,0.4678514,0.3650811
12176,269,2018,124,26410,4.5,17.9,0.83,2.8,0,0.4773439,0.4148071
12177,269,2018,125,26460,5.8,22.4,0.92,4,0,0.4746808,0.4156412
12178,269,2018,126,26990,7.7,27.2,0.96,3.4,0,0.4721102,0.2053156
12179,269,2018,127,26850,10.5,26.6,1.09,2.9,0,0.4696294,0.2790271
12180,269,2018,128,26230,11.2,28.3,1.08,2.7,0,0.4672358,0.6845368
12181,269,2018,129,24450,12,27.6,1.48,2.9,0,0.4649269,1.422099
12182,269,2018,130,13500,9.3,16.2,1.18,3.8,1.5,0.4627003,5.918206
12183,269,2018,131,24520,6,19.6,0.98,2.5,0,0.4605537,1.77922
12184,269,2018,132,20500,9.4,24.7,1.07,3,0,0.4584847,3.515678
12185,269,2018,133,7560,12.1,17.3,1.46,3.7,3.7,0.4676989,7.541891
12186,269,2018,134,25870,13.2,27.6,1.61,4.6,0,0.4656148,1.021522
12187,269,2018,135,26990,13.5,25.8,1.21,4.5,0,0.46361,0.7529254
12188,269,2018,136,17620,10.5,20.3,1.23,5.3,0,0.4616822,4.700434
12189,269,2018,137,17920,9.4,14.1,0.94,5.9,0,0.4598295,4.710378
12190,269,2018,138,10200,9.9,13.6,0.95,4,0,0.4580498,7.015524
12191,269,2018,139,6130,7,14.4,1.11,2.3,0,0.4563412,7.909056
12192,269,2018,140,25530,5.9,24.4,1.12,2.5,0,0.4547021,1.759241
12193,269,2018,141,26890,8.9,26.8,0.98,4.9,0,0.4531306,1.282749
12194,269,2018,142,12500,13.3,23.9,1.29,3.6,1,0.451625,6.421466
12195,269,2018,143,17440,14.9,26.8,1.53,4.4,0.5,0.4607171,4.876838
12196,269,2018,144,19000,12.9,26.7,1.36,5.8,0,0.4592205,4.402406
12197,269,2018,145,14130,16,24,1.78,3.3,0,0.4577919,5.926711
12198,269,2018,146,26130,14.8,29.7,1.53,4.8,0,0.4564298,1.567551
12199,269,2018,147,22230,15.6,27.9,1.54,4.6,1.4,0.4551327,3.225316
12200,269,2018,148,26470,16.6,29.9,1.85,3.4,2.6,0.453899,1.35847
12201,269,2018,149,20690,18,31.9,2.34,4.4,10.3,0.4527275,3.655334
12202,269,2018,150,22420,17.5,27.4,2.17,2.4,0,0.4516167,3.041967
12203,269,2018,151,16050,17.6,26.8,2.28,3,13.8,0.4505656,5.345269
12204,269,2018,152,14270,15,22.3,1.94,3.4,3.5,0.4495727,5.953817
12205,269,2018,153,7220,15.1,20,1.83,4.2,0,0.4486372,7.718404
12206,269,2018,154,22490,16.1,23.5,1.89,2.8,0,0.4477578,3.185689
12207,269,2018,155,13720,15.5,20.6,1.72,3.3,0,0.4469337,6.169402
12208,269,2018,156,20760,12.7,19.9,1.41,3.8,0,0.4461639,4.006556
12209,269,2018,157,28700,11.1,28,1.59,3.5,0,0.4454475,0.7464941
12210,269,2018,158,29030,15.1,28.2,1.48,2.7,0,0.4447838,0.6751033
12211,269,2018,159,3670,17.1,19.4,1.85,2.4,10.6,0.4441721,8
12212,269,2018,160,23010,15.9,23.3,1.87,3.5,0,0.4533817,3.087966
12213,269,2018,161,20120,12.7,21.2,1.55,3.8,0,0.4528294,4.251695
12214,269,2018,162,28310,11.5,22.4,1.39,4.2,0,0.4523328,1.113892
12215,269,2018,163,6760,13,16.4,1.29,3.7,0.6,0.4518908,7.859689
12216,269,2018,164,14710,12.4,18.2,1.23,3.3,0.7,0.4515028,6.023646
12217,269,2018,165,12410,11,20,1.37,5.2,0.6,0.4511678,6.613636
12218,269,2018,166,22240,11.8,24,1.5,1.8,0,0.4508853,3.545108
12219,269,2018,167,17250,13.9,22,1.38,3.7,0.1,0.4506548,5.262597
12220,269,2018,168,12680,13.5,19.2,1.36,5.3,0,0.4504759,6.551478
12221,269,2018,169,8740,14.1,19,1.58,5.3,2.1,0.4503484,7.451391
12222,269,2018,170,7420,15.2,20.3,1.71,3.4,0,0.4502719,7.715069
12223,269,2018,171,22890,14.4,24.6,1.79,4.8,0,0.4502464,3.222835
12224,269,2018,172,21350,11.5,17.4,1.15,7.2,0.6,0.4502719,3.984662
12225,269,2018,173,12090,11.6,15.8,1.08,6.6,0.3,0.4503484,6.735445
12226,269,2018,174,17520,11.7,19.1,1.24,3.8,0,0.4504759,5.209241
12227,269,2018,175,11130,10.4,17.1,1.31,3.2,0.4,0.4506548,6.934617
12228,269,2018,176,21120,11.3,19.2,1.37,3.8,0,0.4508853,3.979035
12229,269,2018,177,29460,10.7,19.6,1.31,3.5,0,0.4511678,0.6670455
12230,269,2018,178,24120,9.5,24.6,1.54,3.9,0,0.4515028,2.79083
12231,269,2018,179,28760,13.1,26.6,1.58,4.2,0,0.4518908,0.8124678
12232,269,2018,180,29670,12.5,24.1,1.6,3.8,0,0.4523328,0.3718462
12233,269,2018,181,30790,12.6,27.2,1.26,5.4,0,0.4528294,0.02271917
12234,269,2018,182,30710,10.9,26.2,0.9,5.4,0,0.4533817,0.2741991
12235,269,2018,183,30530,10.5,25.8,1.02,5.5,0,0.4441721,0.2482536
12236,269,2018,184,29330,11.1,24.2,1.43,4.3,0,0.4447838,0.5253908
12237,269,2018,185,25480,11,22.9,1.45,3.1,0,0.4454475,2.166215
12238,269,2018,186,26600,12.9,21.2,1.54,2.6,0,0.4461639,1.631826
12239,269,2018,187,23000,12.9,23.3,1.29,3.1,0,0.4469337,3.172954
12240,269,2018,188,27970,11.1,22.5,1.3,2.6,0,0.4477578,1.090703
12241,269,2018,189,29470,11.7,22.4,1.4,3,0,0.4486372,0.3213243
12242,269,2018,190,12090,12.9,22,1.58,3.4,0.6,0.4495727,6.588922
12243,269,2018,191,18890,14,21.4,1.44,5.4,1,0.4505656,4.53959
12244,269,2018,192,20390,11.8,22.8,1.48,3.8,0,0.4516167,3.976389
12245,269,2018,193,25160,14,22.3,1.65,4.1,0,0.4527275,1.99476
12246,269,2018,194,23820,11.7,21.9,1.47,2.6,0,0.453899,2.594326
12247,269,2018,195,28160,11.7,22.9,1.42,2.7,0,0.4551327,0.6738297
12248,269,2018,196,28370,10.8,27.6,1.42,2.8,0,0.4564298,0.5274838
12249,269,2018,197,27930,13.3,28.8,1.42,2.3,0,0.4577919,0.6846185
12250,269,2018,198,26670,14.6,25.6,1.58,4.1,0,0.4592205,1.142287
12251,269,2018,199,22690,13.2,25.7,1.42,2.8,0,0.4607171,2.896678
12252,269,2018,200,24200,14.7,25.3,1.43,2.8,0,0.451625,2.21714
12253,269,2018,201,25380,12.8,25.7,1.47,3.1,0,0.4531306,1.631577
12254,269,2018,202,26630,15.1,25.7,1.63,3.2,0,0.4547021,0.9245603
12255,269,2018,203,24080,15.3,26.7,1.77,3,0,0.4563412,1.992538
12256,269,2018,204,26710,14.4,28.2,1.8,2,0,0.4580498,0.6868825
12257,269,2018,205,21460,18.1,30.7,1.99,2,0,0.4598295,2.97077
12258,269,2018,206,18030,19,29.2,1.95,3.1,0,0.4616822,4.323729
12259,269,2018,207,24740,18.1,35.6,2.19,3.1,1,0.46361,1.298483
12260,269,2018,208,25540,21.9,35.1,1.4,4.2,0,0.4656148,1.183312
12261,269,2018,209,16180,15.6,28.1,1.81,5.1,5.7,0.4676989,4.936136
12262,269,2018,210,17750,14.7,27.2,1.36,4.2,0,0.4584847,4.427825
12263,269,2018,211,18720,18.3,29.8,1.92,4.1,0,0.4605537,3.857107
12264,269,2018,212,21860,14.1,27.6,1.8,3.6,0.3,0.4627003,2.482531
12265,269,2018,213,23400,12,26.4,1.49,1.6,0,0.4649269,1.82014
12266,269,2018,214,24820,16,28.4,1.69,2.2,0,0.4672358,0.9573176
12267,269,2018,215,25500,16.5,29.6,1.75,2.5,0,0.4696294,0.4930127
12268,269,2018,216,20900,17.5,26.6,1.99,3.3,0,0.4721102,2.61139
12269,269,2018,217,26020,14.4,24,1.56,3.1,0,0.4746808,0.1282158
12270,269,2018,218,25160,12.5,29.5,1.54,2.4,0,0.4773439,0.5046496
12271,269,2018,219,23180,15.9,32.6,1.61,2.4,0,0.4678514,1.414128
12272,269,2018,220,9460,14.4,23.2,1.71,4.8,4.8,0.4704785,6.853846
12273,269,2018,221,9460,11.7,23.5,1.63,4.3,14.1,0.4731969,6.841293
12274,269,2018,222,16560,12.7,21.1,1.5,6.3,10.6,0.4760096,4.313332
12275,269,2018,223,21720,11.7,20.2,1.32,4.6,0,0.4789195,1.941785
12276,269,2018,224,16210,11.8,26,1.49,3.5,0,0.4819296,4.354744
12277,269,2018,225,8300,16.4,22.7,1.98,3,7.8,0.4850432,7.068059
12278,269,2018,226,19540,17.2,21.8,1.79,4.7,2.6,0.4882636,2.598283
12279,269,2018,227,10960,16.6,22.6,1.85,4.3,0,0.4915944,6.17698
12280,269,2018,228,12090,14.9,21.9,1.71,4.4,1.3,0.4816042,5.754363
12281,269,2018,229,20660,12.9,21.8,1.49,2.5,3.4,0.4848763,1.864202
12282,269,2018,230,11420,12.4,21.4,1.54,4.1,0,0.4882578,5.951998
12283,269,2018,231,7870,17.4,22.1,1.84,5.1,0.1,0.4917521,7.081383
12284,269,2018,232,12270,15.7,22.1,1.88,2.6,0,0.4953631,5.48526
12285,269,2018,233,14000,15.6,25.2,1.97,1.6,0,0.4990948,4.681031
12286,269,2018,234,17800,14.7,25.9,1.98,2.2,0,0.5029512,2.735372
12287,269,2018,235,7770,13.6,22.2,1.74,4.5,3.6,0.5069366,7.027671
12288,269,2018,236,16520,11.1,19.2,1.29,5,14.5,0.4964183,3.456632
12289,269,2018,237,15490,8.6,17.7,1.29,4.2,15.7,0.5003246,3.886487
12290,269,2018,238,17490,7,19.4,1.11,5,2.3,0.5043589,2.841977
12291,269,2018,239,10000,12.7,19.5,1.54,5.5,1.3,0.5085257,6.129745
12292,269,2018,240,10370,12.4,21.8,1.6,2.1,0,0.5128295,5.929406
12293,269,2018,241,8820,9.9,19.9,1.47,2.8,5.3,0.5172753,6.512031
12294,269,2018,242,16310,10.2,18.7,1.23,3.6,0,0.521868,3.034322
12295,269,2018,243,15940,9.2,19.1,1.23,1.8,0,0.5108907,3.139159
12296,269,2018,244,18160,8,19.9,1.2,1.5,0,0.5153867,1.732389
12297,269,2018,245,18970,8.1,22.1,1.32,3.5,0,0.5200285,1.008933
12298,269,2018,246,8600,14,22.9,1.85,2.7,0,0.5248214,6.35253
12299,269,2018,247,13450,16.8,25.1,2.21,1.7,0,0.5297707,3.847401
12300,269,2018,248,10440,15.9,23,1.94,2.8,0,0.5348822,5.411711
12301,269,2018,249,5140,13.1,19.3,1.66,2.1,10.7,0.5401617,7.561933
12302,269,2018,250,14710,12.2,17.1,1.32,5.3,12.2,0.5456155,3.065412
12303,269,2018,251,10430,11.1,18.4,1.33,4.8,0,0.5337767,5.343329
12304,269,2018,252,14380,12.5,22.2,1.51,4.3,0,0.5391059,2.964423
12305,269,2018,253,8140,13.5,19,1.5,4.1,0,0.5446078,6.278693
12306,269,2018,254,8640,14.4,21.3,1.7,6.7,0,0.5502887,5.962736
12307,269,2018,255,4800,11.2,18.3,1.53,1.9,4.2,0.5561551,7.552533
12308,269,2018,256,17760,7.2,18.1,1.17,1.2,0,0.5622141,0.09257341
12309,269,2018,257,13510,6.6,19.4,1.14,3.7,0,0.5684729,3.058524
12310,269,2018,258,15110,10.2,19.1,1.32,3.6,2,0.5558914,1.699904
12311,269,2018,259,12470,11,21.6,1.41,3.4,0,0.5619997,3.40186
12312,269,2018,260,15410,10.2,23.4,1.34,2.9,0,0.5683055,1.111669
12313,269,2018,261,15810,13.4,24,1.49,5.6,0,0.5748159,0.5074392
12314,269,2018,262,13650,13.4,23.2,1.56,6,0,0.5815388,2.057399
12315,269,2018,263,11700,16,22.9,1.63,5.5,0,0.5884819,3.358578
12316,269,2018,264,10410,9.1,20.1,1.18,8.8,9.2,0.5956537,4.2849
12317,269,2018,265,4970,9.6,15.1,1.25,4.8,3.9,0.5821833,7.222367
12318,269,2018,266,2210,9.7,12.1,1.12,2.5,8.6,0.5891726,8
12319,269,2018,267,13680,7.8,15.2,0.99,4,3.1,0.5963868,1.451159
12320,269,2018,268,13680,4.6,16,0.98,1.7,0,0.6038343,1.262745
12321,269,2018,269,13850,6.1,18.1,1.1,4.6,0,0.6115237,0.825849
12322,269,2018,270,14510,7.8,20.7,1.2,3,0,0.6194641,0
12323,269,2018,271,11670,5.6,15.7,0.92,3.8,0,0.6276647,2.497312
12324,269,2018,272,13420,2.7,15.8,0.9,1.2,0,0.6361355,0.7198695
12325,269,2018,273,12500,2.7,16.3,0.89,2.6,0,0.6211191,1.399419
12326,269,2018,274,10600,6.3,13,0.9,4,3.1,0.6293505,2.939339
12327,269,2018,275,6480,7.6,16.6,1.19,5.4,3.5,0.6378454,5.883726
12328,269,2018,276,11090,9,15,1.02,3.6,0,0.6466133,2.072859
12329,269,2018,277,4670,11.3,17.4,1.41,4.3,0,0.6556639,6.858374
12330,269,2018,278,12390,7.5,20.4,1.31,2.1,0,0.6650076,0.08561518
12331,269,2018,279,11830,6.1,19.9,1.27,3.2,0.4,0.674655,0.4977804
12332,269,2018,280,9410,5.3,14.6,0.99,2.8,0,0.6583203,2.994663
12333,269,2018,281,9820,4.5,16.3,1.05,3.1,0,0.6676702,2.374515
12334,269,2018,282,10380,6,18.2,1.14,2.8,0,0.677313,1.513016
12335,269,2018,283,11610,5.3,22.4,1.25,3.3,0,0.6872585,0
12336,269,2018,284,8900,8.3,23.1,1.3,3,0,0.6975169,2.661035
12337,269,2018,285,10410,14.2,22.5,1.54,5.2,0,0.7080988,0.5315292
12338,269,2018,286,10300,16.2,26,1.68,3.8,0,0.7190148,0.3372476
12339,269,2018,287,9160,11.6,23.5,1.32,3.3,0,0.7011604,1.743302
12340,269,2018,288,9000,12.8,23.2,1.49,2.6,0,0.7117022,1.631071
12341,269,2018,289,8900,10.6,23.6,1.48,2,0,0.7225609,1.533856
12342,269,2018,290,6860,9.6,19.3,1.4,1.6,0,0.7337458,3.847945
12343,269,2018,291,7560,6.4,16.1,1.09,3,0,0.7452664,2.991301
12344,269,2018,292,8990,3.6,14.4,0.99,2.2,0,0.7571323,0.9661249
12345,269,2018,293,7900,2.4,15.9,0.99,2,0,0.7693533,2.217824
12346,269,2018,294,6230,8,16.3,1.12,3,0,0.7819394,4.062443
12347,269,2018,295,8080,3.9,15,0.88,4,0,0.7615323,1.591605
12348,269,2018,296,1870,6.5,14.7,1.01,7.1,0,0.7736058,7.906286
12349,269,2018,297,6430,11.2,15.9,1.4,5,1,0.7860145,3.20104
12350,269,2018,298,2710,10.7,13.4,1.25,3.7,2.1,0.7987658,7.201467
12351,269,2018,299,2790,5.8,12.6,1.01,5.7,5.4,0.8118664,7.114937
12352,269,2018,300,7530,1.2,11.4,0.81,3,1.5,0.8253233,1.237291
12353,269,2018,301,8690,-0.5,7.8,0.63,4.7,0,0.8391428,0
12354,269,2018,302,1800,1,6.1,0.68,5.9,0,0.853331,7.821277
12355,269,2018,303,1480,4.1,9.6,0.88,6,21.4,0.829911,8
12356,269,2018,304,6290,5.2,11.2,0.88,4,0,0.843395,2.262336
12357,269,2018,305,3080,8.2,13.1,1.04,3.6,2.6,0.8571998,6.473006
12358,269,2018,306,6250,2.1,11.4,0.83,3.8,0.4,0.8713273,1.910071
12359,269,2018,307,6070,0.5,10,0.78,2.4,0,0.8857786,2.032513
12360,269,2018,308,6630,-1,13,0.82,2.1,0,0.9005538,0.7050034
12361,269,2018,309,1860,2.8,9.4,0.9,2.8,0,0.9156522,7.524511
12362,269,2018,310,5980,2.7,19.9,1.09,2.1,0,0.9310723,1.281052
12363,269,2018,311,4550,9.4,14.4,1.1,5.3,0.2,0.9468111,3.74353
12364,269,2018,312,6600,2.9,13.3,0.9,3.5,0,0.9187459,0
12365,269,2018,313,4080,3.5,11.5,0.89,3.3,0,0.933463,4.323028
12366,269,2018,314,1740,9.7,13.5,1.2,5.5,2,0.948423,7.425913
12367,269,2018,315,3030,8.2,13.9,1.15,5.6,4.7,0.963617,5.690915
12368,269,2018,316,1960,8.2,12.1,1.17,2.8,2.4,0.9790346,7.088226
12369,269,2018,317,4480,6.6,13.1,1.07,6.3,0,0.994664,2.837481
12370,269,2018,318,5230,2.7,12.1,0.94,3,0,1.010491,1.016512
12371,269,2018,319,5370,0.8,12.7,0.89,2,0,1.026502,0.4533068
12372,269,2018,320,4790,-1.9,8.5,0.71,2.8,0,1.042677,1.765113
12373,269,2018,321,5550,-0.5,7.7,0.68,4.5,0,1.058999,0
12374,269,2018,322,5600,-2.2,6.6,0.57,5,0,1.024323,0
12375,269,2018,323,2310,2.1,7,0.69,7.6,0,1.039163,6.274996
12376,269,2018,324,650,1.7,4.2,0.59,8.3,0,1.054044,8
12377,269,2018,325,4300,0.9,5.2,0.63,4.5,0,1.06894,1.98454
12378,269,2018,326,1480,1.3,3.4,0.63,3.5,0,1.083824,7.358219
12379,269,2018,327,2480,0.4,6.3,0.7,3,0,1.098668,5.6884
12380,269,2018,328,1480,1.5,3.2,0.68,4,0,1.113442,7.282007
12381,269,2018,329,780,2.2,4.9,0.73,3.9,0,1.128114,8
12382,269,2018,330,1410,1.2,5.5,0.69,4.5,0,1.142652,7.313452
12383,269,2018,331,1560,0.7,4.7,0.65,2.8,0,1.157019,7.05745
12384,269,2018,332,1030,1.8,8.9,0.78,5.5,1.8,1.17118,7.78278
12385,269,2018,333,1180,8.7,10.7,1.05,6.6,5.5,1.185096,7.523225
12386,269,2018,334,2720,6.2,11.2,0.95,6.4,0,1.198729,4.487799
12387,269,2018,335,2450,5.2,9.5,0.93,6,1.1,1.152804,5.05058
12388,269,2018,336,980,9.5,13.5,1.26,6.6,2.5,1.164385,7.738107
12389,269,2018,337,2450,7.4,13.1,1.1,6.3,2.5,1.175584,4.853667
12390,269,2018,338,3800,1.1,8.6,0.73,2.3,0,1.186362,1.091825
12391,269,2018,339,1290,1.9,8.2,0.8,3.6,1.1,1.196684,7.230594
12392,269,2018,340,780,8,11.9,1.16,6.3,0.7,1.206514,7.975602
12393,269,2018,341,460,6.8,11.8,1.04,8.1,8.4,1.215816,8
12394,269,2018,342,1190,6,10.7,0.9,9.3,11.7,1.224556,7.326883
12395,269,2018,343,2120,5.5,9.7,0.85,7.3,5.5,1.232701,5.398109
12396,269,2018,344,2700,4.8,7.8,0.74,5.1,0.5,1.240217,3.885363
12397,269,2018,345,2590,-1.1,7.3,0.66,2.3,0,1.247076,4.181287
12398,269,2018,346,1610,-1.6,4.4,0.62,2,0,1.253249,6.510392
12399,269,2018,347,2710,-0.8,3.4,0.6,4.2,0,1.258711,3.792807
12400,269,2018,348,2120,-1,3,0.58,3.5,0,1.263437,5.33713
12401,269,2018,349,960,-0.7,0.9,0.44,4.8,0,1.267408,7.688873
12402,269,2018,350,760,-0.8,2.9,0.64,3.7,1.1,1.270606,7.968105
12403,269,2018,351,650,2.1,7.8,0.83,4.3,2.8,1.273017,8
12404,269,2018,352,1620,4.7,7.4,0.82,5.3,0,1.274631,6.372209
12405,269,2018,353,1070,5.6,9.4,0.88,5.1,0,1.275439,7.439006
12406,269,2018,354,810,5.6,8.3,0.89,5.9,0.6,1.275439,7.867812
12407,269,2018,355,590,7.1,12.8,1.11,7.5,10.9,1.274631,8
12408,269,2018,356,1060,7.4,9.5,1,4.9,10.5,1.273017,7.448557
12409,269,2018,357,620,5.2,7.9,0.92,3.2,7.7,1.270606,8
12410,269,2018,358,3550,2.6,7.4,0.75,2.1,0.1,1.267408,0.9060804
12411,269,2018,359,2800,1.9,7.4,0.7,4.1,0,1.263437,3.443804
12412,269,2018,360,1270,4,6.6,0.8,4.3,0,1.258711,7.126006
12413,269,2018,361,2030,-0.3,5.3,0.61,2.4,0,1.253249,5.598692
12414,269,2018,362,570,0.6,6.1,0.71,2.5,0,1.247076,8
12415,269,2018,363,550,6.1,10.4,0.98,6.3,0.6,1.240217,8
12416,269,2018,364,1190,6.3,9.2,0.96,3.3,0.8,1.232701,7.307003
12417,269,2018,365,1550,7.8,10,1.06,3.6,0,1.224556,6.642315
